Beer Name,Brewery Name,Style,ABV,My Rating,Global Rating,Beer URL,Brewery Filepath,Image URL
Azure,Tree House Brewing Company,IPA - Imperial / Double New England / Hazy,8%,4.25,4.25561,https://untappd.com/b/tree-house-brewing-company-azure/4849356,https://untappd.com/treehousebrewco,https://assets.untappd.com/site/beer_logos/beer-4849356_fb25e_sm.jpeg
Helles Schlenkerla Lagerbier,"Schlenkerla (""Heller-Bräu"" Trum)",Lager - Helles,4.30%,4,3.47835,https://untappd.com/b/schlenkerla-heller-brau-trum-helles-schlenkerla-lagerbier/19471,https://untappd.com/Schlenkerla-Brewery,https://assets.untappd.com/site/beer_logos/beer-19471_b08f7_sm.jpeg
Convivial Suaréz,Grassroots Brewing,Farmhouse Ale - Saison,6%,5,4.17326,https://untappd.com/b/grassroots-brewing-convivial-suarez/327210,https://untappd.com/GrassrootsBrewing,https://assets.untappd.com/site/beer_logos/beer-_327210_sm_89c40de4efe1bac8d6049d11c714f6.jpeg
Double Manilita,Hill Farmstead Brewery,IPA - Imperial / Double New England / Hazy,8%,4.25,4.21314,https://untappd.com/b/hill-farmstead-brewery-double-manilita/6745272,https://untappd.com/HillFarmsteadBrewery,https://assets.untappd.com/site/brewery_logos/brewery-2562_e7536.jpeg
This Land Is Your Land,Tree House Brewing Company,IPA - Imperial / Double New England / Hazy,8%,4.25,4.3324,https://untappd.com/b/tree-house-brewing-company-this-land-is-your-land/6764430,https://untappd.com/treehousebrewco,https://assets.untappd.com/site/brewery_logos/brewery-treehousebrewingcompany_20084.jpeg
Little Machine,Tree House Brewing Company,Pale Ale - New England / Hazy,5.50%,4.5,4.1221,https://untappd.com/b/tree-house-brewing-company-little-machine/4454396,https://untappd.com/treehousebrewco,https://assets.untappd.com/site/beer_logos/beer-4454396_756e0_sm.jpeg
Oh...,Other Half Brewing Co.,IPA - New England / Hazy,6%,4.25,4.18924,https://untappd.com/b/other-half-brewing-co-oh/2322082,https://untappd.com/OtherHalfBrewingCompany,https://assets.untappd.com/site/beer_logos/beer-2322082_cac0e_sm.jpeg
NOBO,Monument City Brewing,IPA - New England / Hazy,6.50%,4,4.06825,https://untappd.com/b/monument-city-brewing-nobo/2300605,https://untappd.com/Monument_City_Brewing,https://assets.untappd.com/site/beer_logos/beer-2300605_e8234_sm.jpeg
Birra Dolomiti Pils,Fabbrica di Pedavena,Pilsner - Italian,4.90%,3.75,3.20111,https://untappd.com/b/fabbrica-di-pedavena-birra-castello-birra-dolomiti-pils/18580,https://untappd.com/w/fabbrica-di-pedavena/5024,https://assets.untappd.com/site/beer_logos/beer-18580_c6ab8_sm.jpeg
Carrie Furnace,Dancing Gnome,IPA - American,6.80%,3.5,4.02641,https://untappd.com/b/dancing-gnome-carrie-furnace/6726565,https://untappd.com/DancingGnome,https://assets.untappd.com/site/beer_logos/beer-6726565_f39ce_sm.jpeg
Amber,Mortals Key Brewing Company,Red Ale - American Amber / Red,4.60%,3.25,3.56868,https://untappd.com/b/mortals-key-brewing-company-amber/1648085,https://untappd.com/MortalsKeyBrewingCompany,https://assets.untappd.com/site/brewery_logos/brewery-279261_2bb16.jpeg
I.C. Light,Pittsburgh Brewing Company,Lager - American Light,4.20%,3.75,2.95278,https://untappd.com/b/pittsburgh-brewing-company-i-c-light/3890,https://untappd.com/PittsburghBrewingCompany,https://assets.untappd.com/site/beer_logos/beer-3890_8ddda_sm.jpeg
Priam,Lolev Beer,IPA - New England / Hazy,7%,3.75,4.13367,https://untappd.com/b/lolev-beer-priam/6686910,https://untappd.com/Lolev,https://assets.untappd.com/site/beer_logos/beer-6686910_3cb44_sm.jpeg
Symposia,Hill Farmstead Brewery,Rauchbier,5%,4.5,4.28711,https://untappd.com/b/hill-farmstead-brewery-symposia/6407206,https://untappd.com/HillFarmsteadBrewery,https://assets.untappd.com/site/brewery_logos/brewery-2562_e7536.jpeg
Tikicore,Commonwealth Brewing Company,Sour - Fruited Gose,6%,3.25,3.98019,https://untappd.com/b/commonwealth-brewing-company-tikicore/6707014,https://untappd.com/CommonwealthBrewingCompany,https://assets.untappd.com/site/beer_logos/beer-6707014_57d6c_sm.jpeg
Lustra,Dancing Gnome,Pale Ale - New England / Hazy,5.80%,3.75,4.0108,https://untappd.com/b/dancing-gnome-lustra/1086721,https://untappd.com/DancingGnome,https://assets.untappd.com/site/beer_logos/beer-1086721_32bd2_sm.jpeg
The Green Place,Magnanimous Brewing,IPA - New England / Hazy,7.50%,4,4.01283,https://untappd.com/b/magnanimous-brewing-the-green-place/5838994,https://untappd.com/MagnanimousBrewing,https://assets.untappd.com/site/beer_logos/beer-5838994_75908_sm.jpeg
Populus,Brujos Brewing,IPA - New England / Hazy,7.50%,4.25,4.40506,https://untappd.com/b/brujos-brewing-populus/5849244,https://untappd.com/BrujosBrewing,https://assets.untappd.com/site/beer_logos/beer-5849244_1568d_sm.jpeg
Fardeau XTRM TURBO,Messorem,IPA - New England / Hazy,6.20%,4.25,4.12832,https://untappd.com/b/messorem-fardeau-xtrm-turbo/5472330,https://untappd.com/MessoremBracitorium,https://assets.untappd.com/site/beer_logos/beer-5472330_5cd92_sm.jpeg
Triangle Slice,Long Live Beerworks,IPA - New England / Hazy,6%,4.25,4.0128,https://untappd.com/b/long-live-beerworks-triangle-slice/6058105,https://untappd.com/LongLiveBeerworks,https://assets.untappd.com/site/beer_logos/beer-6058105_b7a29_sm.jpeg
Return Estate Pilsner B6,Wheatland Spring Farm + Brewery,Pilsner - Other,5.20%,4.25,4.23989,https://untappd.com/b/wheatland-spring-farm-brewery-return-estate-pilsner-b6/6643855,https://untappd.com/WheatlandSpringFarmBrewery,https://assets.untappd.com/site/beer_logos/beer-6643855_fb530_sm.jpeg
Bloom,Parish Brewing Co.,IPA - Imperial / Double New England / Hazy,7%,4,4.06226,https://untappd.com/b/parish-brewing-co-bloom/1822468,https://untappd.com/parishbeer,https://assets.untappd.com/site/beer_logos/beer-1822468_a6c88_sm.jpeg
Summer Ale,von Trapp Brewing,Wheat Beer - Witbier / Blanche,5%,3.25,3.70299,https://untappd.com/b/von-trapp-brewing-summer-ale/6652452,https://untappd.com/vontrappbrewing,https://assets.untappd.com/site/brewery_logos/brewery-4157_a3c2b.jpeg
Nebular Velvet,Heliotrope Brewery,IPA - New England / Hazy,7.30%,4,3.92742,https://untappd.com/b/heliotrope-brewery-nebular-velvet/6329237,https://untappd.com/HeliotropeBrewery,https://assets.untappd.com/site/brewery_logos/brewery-451361_dac98.jpeg
Fairy Ring,Fidens Brewing Co.,IPA - Imperial / Double New England / Hazy,8.50%,4.5,4.37437,https://untappd.com/b/fidens-brewing-co-fairy-ring/4826717,https://untappd.com/FidensBrewingCo,https://assets.untappd.com/site/beer_logos/beer-4826717_aae59_sm.jpeg
ROADRUNNER,CLAG Brewing Company,IPA - Imperial / Double New England / Hazy,8%,4.25,4.1681,https://untappd.com/b/clag-brewing-company-roadrunner/6641503,https://untappd.com/CLAGBrewingCompany,https://assets.untappd.com/site/beer_logos/beer-6641503_93896_sm.jpeg
Glass Castle,Silver Branch Brewing Company,Pilsner - Czech / Bohemian,5%,3.75,3.63385,https://untappd.com/b/silver-branch-brewing-company-glass-castle/2732433,https://untappd.com/silverbranch,https://assets.untappd.com/site/beer_logos/beer-2732433_4f8c3_sm.jpeg
60 Minute IPA,Dogfish Head Craft Brewery,IPA - American,6%,4,3.83557,https://untappd.com/b/dogfish-head-craft-brewery-60-minute-ipa/3952,https://untappd.com/dogfishbeer,https://assets.untappd.com/site/beer_logos/beer-3952_1420e_sm.jpeg
Again & Again,Oxbow Brewing Company,Table Beer,3.50%,3.5,3.7194,https://untappd.com/b/oxbow-brewing-company-again-and-again/3342223,https://untappd.com/oxbowbeer,https://assets.untappd.com/site/beer_logos/beer-3342223_5a9b7_sm.jpeg
The Other West Coast IPA,Escape Brewing Company,IPA - American,7.10%,3.75,3.8827,https://untappd.com/b/escape-brewing-company-the-other-west-coast/1094346,https://untappd.com/EscapeBrewfl,https://assets.untappd.com/site/brewery_logos/brewery-159364_bc51c.jpeg
Apple Brandy Barrel-Aged Colossal Anniversary Ale,Port City Brewing,Old / Stock Ale,11.50%,4.25,4.04452,https://untappd.com/b/port-city-brewing-apple-brandy-barrel-aged-colossal-anniversary-ale/6129888,https://untappd.com/portcitybrewing,https://assets.untappd.com/site/beer_logos/beer-6129888_11534_sm.jpeg
Aecht Schlenkerla á la Grodziskie,"Schlenkerla (""Heller-Bräu"" Trum)",Historical Beer - Grodziskie / Grätzer,2.90%,3.75,3.7417,https://untappd.com/b/schlenkerla-heller-brau-trum-aecht-schlenkerla-a-la-grodziskie/6349826,https://untappd.com/Schlenkerla-Brewery,https://assets.untappd.com/site/beer_logos/beer-6349826_ecf0a_sm.jpeg
Fresh Cut,Fidens Brewing Co.,Pale Ale - New England / Hazy,5.80%,4.5,4.26448,https://untappd.com/b/fidens-brewing-co-fresh-cut/4763211,https://untappd.com/FidensBrewingCo,https://assets.untappd.com/site/beer_logos/beer-4763211_c66c5_sm.jpeg
Rauchbier,Dovetail Brewery,Rauchbier,5.30%,4,3.77839,https://untappd.com/b/dovetail-brewery-rauchbier/1572639,https://untappd.com/DovetailBrewery,https://assets.untappd.com/site/beer_logos/beer-1572639_528f0_sm.jpeg
Lichtenhainer,Dovetail Brewery,Historical Beer - Lichtenhainer,3.80%,4,3.88202,https://untappd.com/b/dovetail-brewery-lichtenhainer/6576724,https://untappd.com/DovetailBrewery,https://assets.untappd.com/site/brewery_logos/brewery-272842_a994d.jpeg
Rêve,Parish Brewing Co.,Stout - Coffee,6.80%,4,4.19431,https://untappd.com/b/parish-brewing-co-reve/1539798,https://untappd.com/parishbeer,https://assets.untappd.com/site/beer_logos/beer-1539798_aea10_sm.jpeg
Son of Juice,Maplewood Brewing Company,IPA - New England / Hazy,6.30%,3,3.99021,https://untappd.com/b/maplewood-brewing-company-son-of-juice/1711943,https://untappd.com/Maplewood,https://assets.untappd.com/site/beer_logos/beer-1711943_8b730_sm.jpeg
Kugelblitz,Wayward Lane Brewing,Pilsner - Other,4.70%,4,4.0023,https://untappd.com/b/wayward-lane-brewing-kugelblitz/5210218,https://untappd.com/WaywardLaneBrewing,https://assets.untappd.com/site/beer_logos/beer-5210218_d6c41_sm.jpeg
Double Sunshine,Lawson’s Finest Liquids,IPA - Imperial / Double,8%,4,4.35179,https://untappd.com/b/lawson-s-finest-liquids-double-sunshine/26308,https://untappd.com/LawsonsFinestLiquids,https://assets.untappd.com/site/beer_logos/beer-26308_ef65b_sm.jpeg
Rauchbier,Barrique Brewing and Blending,Rauchbier,5.60%,4,4.09463,https://untappd.com/b/barrique-brewing-and-blending-rauchbier/4508190,https://untappd.com/BarriqueBrewingAndBlending,https://assets.untappd.com/site/beer_logos/beer-4508190_8dc66_sm.jpeg
I.C. Light Mango,Pittsburgh Brewing Company,Lager - American Light,3.80%,3.25,3.37595,https://untappd.com/b/pittsburgh-brewing-company-i-c-light-mango/60432,https://untappd.com/PittsburghBrewingCompany,https://assets.untappd.com/site/beer_logos/beer-60432_a5eaf_sm.jpeg
Trail Citra,Tree House Brewing Company,Pilsner - Other,5.10%,4.25,4.06065,https://untappd.com/b/tree-house-brewing-company-trail-citra/4865485,https://untappd.com/treehousebrewco,https://assets.untappd.com/site/beer_logos/beer-4865485_71a28_sm.jpeg
Bourbon County Brand Stout (2021) 14.0%,Goose Island Beer Co.,Stout - Imperial / Double,14%,4.5,4.40901,https://untappd.com/b/goose-island-beer-co-bourbon-county-brand-stout-2021-14-0/4526625,https://untappd.com/gooseisland,https://assets.untappd.com/site/beer_logos/beer-4526625_0631f_sm.jpeg
Brighter Lights,Tree House Brewing Company,Pale Ale - Fruited,5.50%,4,4.19849,https://untappd.com/b/tree-house-brewing-company-brighter-lights/6537901,https://untappd.com/treehousebrewco,https://assets.untappd.com/site/brewery_logos/brewery-treehousebrewingcompany_20084.jpeg
Gift of Hops,Tree House Brewing Company,IPA - Imperial / Double New England / Hazy,7.70%,4.25,4.27948,https://untappd.com/b/tree-house-brewing-company-gift-of-hops/6092169,https://untappd.com/treehousebrewco,https://assets.untappd.com/site/beer_logos/beer-6092169_b67f2_sm.jpeg
Hopsmas,Tree House Brewing Company,IPA - Imperial / Double,8.10%,4.5,4.21794,https://untappd.com/b/tree-house-brewing-company-hopsmas/6535138,https://untappd.com/treehousebrewco,https://assets.untappd.com/site/brewery_logos/brewery-treehousebrewingcompany_20084.jpeg
Forager’s Dusk Dreaming,Timber Ales,IPA - Imperial / Double,8%,4.5,4.14066,https://untappd.com/b/timber-ales-forager-s-dusk-dreaming/6494215,https://untappd.com/TimberAles,https://assets.untappd.com/site/beer_logos/beer-6494215_97196_sm.jpeg
Saison Bernice,Sante Adairius Rustic Ales,Farmhouse Ale - Brett,6.50%,4.5,4.32766,https://untappd.com/b/sante-adairius-rustic-ales-saison-bernice/205781,https://untappd.com/SanteAdairius,https://assets.untappd.com/site/beer_logos/beer-_205781_sm_5f3035dc0cd211049b35b723d7a8b5.jpeg
Spots and Dots,Sante Adairius Rustic Ales,IPA - American,7%,4,4.0968,https://untappd.com/b/sante-adairius-rustic-ales-spots-and-dots/2744726,https://untappd.com/SanteAdairius,https://assets.untappd.com/site/brewery_logos/brewery-31355_09cc4.jpeg
Khumbu Cowboys,Heliotrope Brewery,Pale Ale - American,5.50%,3.5,3.8125,https://untappd.com/b/heliotrope-brewery-khumbu-cowboys/6367048,https://untappd.com/HeliotropeBrewery,https://assets.untappd.com/site/brewery_logos/brewery-451361_dac98.jpeg
Duration 2021,Wheatland Spring Farm + Brewery,Sour - Flanders Red Ale,9%,4.25,4.26731,https://untappd.com/b/wheatland-spring-farm-brewery-duration-2021/6486774,https://untappd.com/WheatlandSpringFarmBrewery,https://assets.untappd.com/site/beer_logos/beer-6486774_4caf3_sm.jpeg
Slant Rhyme Suicide,Heliotrope Brewery,IPA - New England / Hazy,7.10%,3.75,3.68621,https://untappd.com/b/heliotrope-brewery-slant-rhyme-suicide/6473144,https://untappd.com/HeliotropeBrewery,https://assets.untappd.com/site/brewery_logos/brewery-451361_dac98.jpeg
Deathless,The Veil Brewing Co.,Märzen,5.50%,3.75,3.81769,https://untappd.com/b/the-veil-brewing-co-deathless/2287823,https://untappd.com/TheVeilBrewingCo,https://assets.untappd.com/site/beer_logos/beer-2287823_bae3e_sm.jpeg
Ghost Prime,Parish Brewing Co.,IPA - Imperial / Double New England / Hazy,8%,4.25,4.34803,https://untappd.com/b/parish-brewing-co-ghost-prime/5624405,https://untappd.com/parishbeer,https://assets.untappd.com/site/beer_logos/beer-5624405_67ca0_sm.jpeg
Amber Lager,Sacred Profane Brewing,Lager - Polotmavé (Czech Amber),4.10%,4.25,3.91061,https://untappd.com/b/sacred-profane-brewing-amber-lager/5370148,https://untappd.com/w/sacred-profane-brewing/528583,https://assets.untappd.com/site/brewery_logos/brewery-528583_d8ce4.jpeg
robotic humans,everywhere,Kellerbier / Zwickelbier - Kellerpils,5.10%,4.5,4.14934,https://untappd.com/b/everywhere-robotic-humans/6400618,https://untappd.com/EverywhereBeer,https://assets.untappd.com/site/beer_logos/beer-6400618_2d9da_sm.jpeg
DDH Waiheke,Fidens Brewing Co.,IPA - Imperial / Double New England / Hazy,8.40%,4.75,4.42272,https://untappd.com/b/fidens-brewing-co-ddh-waiheke/6400488,https://untappd.com/FidensBrewingCo,https://assets.untappd.com/site/beer_logos/beer-6400488_fc97a_sm.jpeg
Michelob ULTRA,Anheuser-Busch,Lager - American Light,4.20%,3.5,2.57486,https://untappd.com/b/anheuser-busch-michelob-ultra/6655,https://untappd.com/AnheuserBusch,https://assets.untappd.com/site/beer_logos/beer-6655_afc4e_sm.jpeg
Floridian,Funky Buddha Brewery,Wheat Beer - Hefeweizen,5.20%,3.5,3.59716,https://untappd.com/b/funky-buddha-brewery-floridian/14417,https://untappd.com/FunkyBuddhaMgmt,https://assets.untappd.com/site/beer_logos/beer-14417_8f593_sm.jpeg
Mosaic Dry Hop Pseudo Sue,Toppling Goliath Brewing Co.,Pale Ale - American,5.80%,4,4.25528,https://untappd.com/b/toppling-goliath-brewing-co-mosaic-dry-hop-pseudo-sue/1562808,https://untappd.com/topplinggoliathbrewing,https://assets.untappd.com/site/beer_logos/beer-1562808_a97b6_sm.jpeg
Galaxy Dry Hop Pseudo Sue,Toppling Goliath Brewing Co.,Pale Ale - American,5.80%,4.25,4.21358,https://untappd.com/b/toppling-goliath-brewing-co-galaxy-dry-hop-pseudo-sue/1562806,https://untappd.com/topplinggoliathbrewing,https://assets.untappd.com/site/beer_logos/beer-1562806_aea96_sm.jpeg
Vienna,von Trapp Brewing,Lager - Vienna,5.20%,3.5,3.56045,https://untappd.com/b/von-trapp-brewing-vienna-style-lager/64864,https://untappd.com/vontrappbrewing,https://assets.untappd.com/site/beer_logos/beer-64864_fa02f_sm.jpeg
Perennial,The Drowned Lands Brewery,IPA - New England / Hazy,5.75%,4,4.01409,https://untappd.com/b/the-drowned-lands-brewery-perennial/6403728,https://untappd.com/DrownedLandsBrewery,https://assets.untappd.com/site/brewery_logos/brewery-459686_fceaf.jpeg
Retail Therapy,Bluejacket,IPA - New England / Hazy,6.50%,4,3.95871,https://untappd.com/b/bluejacket-retail-therapy/6333233,https://untappd.com/BluejacketDC,https://assets.untappd.com/site/beer_logos/beer-6333233_e1943_sm.jpeg
Consequent,Wheatland Spring Farm + Brewery,Lager - Světlé (Czech Pale),4.50%,4.5,4.07924,https://untappd.com/b/wheatland-spring-farm-brewery-consequent/5982157,https://untappd.com/WheatlandSpringFarmBrewery,https://assets.untappd.com/site/beer_logos/beer-5982157_5f5a7_sm.jpeg
Kieffer’s Kolsch,BabyCat Brewery,Kölsch,5%,3.25,3.76581,https://untappd.com/b/babybat-brewery-kieffer-s-kolsch/5160464,https://untappd.com/Babycat_Brewery,https://assets.untappd.com/site/beer_logos/beer-5160464_0e09c_sm.jpeg
Polotmavý,von Trapp Brewing,Lager - Polotmavé (Czech Amber),5.50%,3.5,3.95363,https://untappd.com/b/von-trapp-brewing-polotmavy/6383582,https://untappd.com/vontrappbrewing,https://assets.untappd.com/site/beer_logos/beer-6383582_54e3c_sm.jpeg
Blue Noir,Oxbow Brewing Company,Farmhouse Ale - Other,7%,4,3.9868,https://untappd.com/b/oxbow-brewing-company-blue-noir/3929960,https://untappd.com/oxbowbeer,https://assets.untappd.com/site/beer_logos/beer-3929960_1fcc0_sm.jpeg
Saison Rosé,Oxbow Brewing Company,Farmhouse Ale - Saison,6%,4,4.01399,https://untappd.com/b/oxbow-brewing-company-saison-rose/2147346,https://untappd.com/oxbowbeer,https://assets.untappd.com/site/beer_logos/beer-2147346_34a0a_sm.jpeg
OxtoberFest,Oxbow Brewing Company,Farmhouse Ale - Bière de Garde,5.50%,4,3.68192,https://untappd.com/b/oxbow-brewing-company-oxtoberfest/87492,https://untappd.com/oxbowbeer,https://assets.untappd.com/site/beer_logos/beer-87492_3e408_sm.jpeg
Swish,Bissell Brothers Brewing Company,IPA - Imperial / Double New England / Hazy,8%,4.25,4.46024,https://untappd.com/b/bissell-brothers-brewing-company-swish/695927,https://untappd.com/BissellBrothersBrewingCo,https://assets.untappd.com/site/beer_logos/beer-695927_718f8_sm.jpeg
Festweizen,Dovetail Brewery,Wheat Beer - Hefeweizen,6.60%,4,3.83641,https://untappd.com/b/dovetail-brewery-festweizen/5526567,https://untappd.com/DovetailBrewery,https://assets.untappd.com/site/beer_logos/beer-5526567_dd64a_sm.jpeg
Old Blush,Fonta Flora Brewery,Grape Ale - Other,7.20%,3.75,3.93793,https://untappd.com/b/fonta-flora-brewery-old-blush/5312634,https://untappd.com/FontaFloraBrewery,https://assets.untappd.com/site/beer_logos/beer-5312634_4adbf_sm.jpeg
Locher Craft Fruity Cave,Brauerei Locher,Sour - Fruited,5%,2.5,3.39965,https://untappd.com/b/brauerei-locher-fruity-cave/5167090,https://untappd.com/BrauereiLocher,https://assets.untappd.com/site/brewery_logos/brewery-217_cf2b4.jpeg
Appenzeller Quöllfrisch Dunkel,Brauerei Locher,Lager - Munich Dunkel,5.20%,3.5,3.32662,https://untappd.com/b/brauerei-locher-appenzeller-quollfrisch-dunkel/1988509,https://untappd.com/BrauereiLocher,https://assets.untappd.com/site/beer_logos/beer-1988509_ed5d2_sm.jpeg
Appenzeller Quöllfrisch Naturtrüb,Brauerei Locher,Kellerbier / Zwickelbier,4.80%,3.5,3.40573,https://untappd.com/b/brauerei-locher-appenzeller-quollfrisch-naturtrub/68230,https://untappd.com/BrauereiLocher,https://assets.untappd.com/site/beer_logos/beer-68230_54844_sm.jpeg
Appenzeller Quöllfrisch Hell,Brauerei Locher,Lager - Helles,4.80%,3.25,3.21798,https://untappd.com/b/brauerei-locher-appenzeller-quollfrisch-hell/38355,https://untappd.com/BrauereiLocher,https://assets.untappd.com/site/beer_logos/beer-AppenzellerQuollfrischHell_38355.jpeg
3970 Naturtrüb,Nordwand Bräu,Pilsner - Other,4.90%,4,3.44816,https://untappd.com/b/nordwand-brau-3970/1263640,https://untappd.com/w/nordwand-brau/229308,https://assets.untappd.com/site/beer_logos/beer-1263640_814f6_sm.jpeg
Weizen,Rugenbräu,Wheat Beer - Hefeweizen,5.20%,4,3.57349,https://untappd.com/b/rugenbrau-weizen/4549037,https://untappd.com/w/rugenbrau/25444,https://assets.untappd.com/site/brewery_logos/brewery-Rugenbrau_25444.jpeg
Abbaye de Saint Bon-Chien (2021),Brasserie des Franches-Montagnes (BFM),Sour - Other,11%,4.25,4.23897,https://untappd.com/b/brasserie-des-franches-montagnes-bfm-abbaye-de-saint-bon-chien-2021/5118581,https://untappd.com/BrasserieBFM,https://assets.untappd.com/site/beer_logos/beer-5118581_0ec51_sm.jpeg
Voyage Into Infinity,Bluejacket,IPA - New England / Hazy,7%,3.75,3.79732,https://untappd.com/b/bluejacket-voyage-into-infinity/6255972,https://untappd.com/BluejacketDC,https://assets.untappd.com/site/beer_logos/beer-6255972_d76cf_sm.jpeg
Fleurs De Sureau (2023),Brasserie l'Apaisée,Wild Ale - Other,6.30%,4.75,4.09524,https://untappd.com/b/brasserie-l-apaisee-fleurs-de-sureau-2023/5719560,https://untappd.com/lapaisee,https://assets.untappd.com/site/brewery_logos/brewery-232466_2e118.jpeg
Discorde,Brasserie du Virage,Wheat Beer - American Pale Wheat,4.80%,4,3.36992,https://untappd.com/b/brasserie-du-virage-discorde/2844946,https://untappd.com/BrasserieVirage,https://assets.untappd.com/site/beer_logos/beer-2844946_05842_sm.jpeg
La Salamandre,Brasserie des Franches-Montagnes (BFM),Farmhouse Ale - Bière de Garde,5.50%,3.75,3.55148,https://untappd.com/b/brasserie-des-franches-montagnes-bfm-la-salamandre/95382,https://untappd.com/BrasserieBFM,https://assets.untappd.com/site/beer_logos/beer-95382_12259_sm.jpeg
Without Shouting Station,Brasserie l'Apaisée,IPA - Other,5.60%,4.25,3.86892,https://untappd.com/b/brasserie-l-apaisee-without-shouting-station/6362516,https://untappd.com/lapaisee,https://assets.untappd.com/site/brewery_logos/brewery-232466_2e118.jpeg
Original,Feldschlösschen,Lager - Pale,4.80%,3,3.0614,https://untappd.com/b/feldschlosschen-original/11047,https://untappd.com/Feldschloesschen1876,https://assets.untappd.com/site/beer_logos/beer-11047_dd720_sm.jpeg
Bière Ambrée parfumée au Tarry Suchong (BATS),Brasserie des Franches-Montagnes (BFM),Red Ale - Ambrée,6%,4.5,3.61176,https://untappd.com/b/brasserie-des-franches-montagnes-bfm-biere-ambree-parfumee-au-tarry-suchong-bats/10366,https://untappd.com/BrasserieBFM,https://assets.untappd.com/site/beer_logos/beer-10366_f4099_sm.jpeg
Seasoned Skillet (2025),Burial Beer Co.,Stout - Imperial / Double Coffee,15%,4.25,4.41044,https://untappd.com/b/burial-beer-co-seasoned-skillet-2025/6271509,https://untappd.com/BurialBeer,https://assets.untappd.com/site/beer_logos/beer-6271509_e5df3_sm.jpeg
Interdimensional Amalgamation,Burial Beer Co.,IPA - Imperial / Double New England / Hazy,8.50%,3.75,4.32699,https://untappd.com/b/burial-beer-co-interdimensional-amalgamation/3984591,https://untappd.com/BurialBeer,https://assets.untappd.com/site/beer_logos/beer-3984591_0520e_sm.jpeg
Demoliri 0005,Messorem,IPA - New England / Hazy,7%,4.25,4.24274,https://untappd.com/b/messorem-demoliri-0005/6324987,https://untappd.com/MessoremBracitorium,https://assets.untappd.com/site/beer_logos/beer-6324987_eb6ff_sm.jpeg
Spezial Rauchbier Märzen,Brauerei Spezial,Rauchbier,5.30%,3.75,3.71405,https://untappd.com/b/brauerei-spezial-spezial-rauchbier-marzen/1675,https://untappd.com/w/brauerei-spezial/222,https://assets.untappd.com/site/beer_logos/beer-1675_dee59_sm.jpeg
Grodziskie,Dovetail Brewery,Historical Beer - Grodziskie / Grätzer,3.80%,4.25,3.60638,https://untappd.com/b/dovetail-brewery-grodziskie/1701838,https://untappd.com/DovetailBrewery,https://assets.untappd.com/site/beer_logos/beer-1701838_02fca_sm.jpeg
Unity,Tree House Brewing Company,Pale Ale - New England / Hazy,5.30%,4.25,3.96838,https://untappd.com/b/tree-house-brewing-company-unity/4131666,https://untappd.com/treehousebrewco,https://assets.untappd.com/site/beer_logos/beer-4131666_244cd_sm.jpeg
Světlé,Chroust,Lager - Helles,5.10%,3.75,3.63518,https://untappd.com/b/chroust-svetle/6115086,https://untappd.com/Chroust,https://assets.untappd.com/site/beer_logos/beer-6115086_08101_sm.jpeg
Curiosity One Hundred Fifty Three,Tree House Brewing Company,IPA - Imperial / Double New England / Hazy,7.80%,4,4.29698,https://untappd.com/b/tree-house-brewing-company-curiosity-one-hundred-fifty-three/6254701,https://untappd.com/treehousebrewco,https://assets.untappd.com/site/beer_logos/beer-6254701_2122c_sm.jpeg
Corn Crib,Wheatland Spring Farm + Brewery,Historical Beer - Pre-Prohibition Lager,5.30%,4,3.91958,https://untappd.com/b/wheatland-spring-farm-brewery-corn-crib/3751431,https://untappd.com/WheatlandSpringFarmBrewery,https://assets.untappd.com/site/beer_logos/beer-3751431_af31c_sm.jpeg
West Coast Pils,von Trapp Brewing,Pilsner - American,6%,3.75,3.87138,https://untappd.com/b/von-trapp-brewing-west-coast-pils/5564019,https://untappd.com/vontrappbrewing,https://assets.untappd.com/site/beer_logos/beer-5564019_0163d_sm.jpeg
Green Flowers,Other Half Brewing Co.,IPA - American,6.80%,4,3.9511,https://untappd.com/b/other-half-brewing-co-green-flowers/4675543,https://untappd.com/OtherHalfBrewingCompany,https://assets.untappd.com/site/beer_logos/beer-4675543_b5f71_sm.jpeg
Pora,Fox Farm Brewery,IPA - New Zealand,6.60%,4.5,4.21883,https://untappd.com/b/fox-farm-brewery-pora/3853368,https://untappd.com/FoxFarmBrewery,https://assets.untappd.com/site/beer_logos/beer-3853368_69ee1_sm.jpeg
Singha,Boon Rawd Brewery,Lager - Pale,5%,3.5,3.07456,https://untappd.com/b/boon-rawd-brewery-singha/6344,https://untappd.com/BoonRawdBrewery,https://assets.untappd.com/site/beer_logos/beer-6344_9d487_sm.jpeg
Eureka (w/ Citra),Tree House Brewing Company,Blonde / Golden Ale - Other,4.20%,4.5,4.11727,https://untappd.com/b/tree-house-brewing-company-eureka-w-citra/545798,https://untappd.com/treehousebrewco,https://assets.untappd.com/site/beer_logos/beer-545798_173aa_sm.jpeg
Juicy Machine,Tree House Brewing Company,IPA - New England / Hazy,7.10%,4.5,4.29254,https://untappd.com/b/tree-house-brewing-company-juicy-machine/6205520,https://untappd.com/treehousebrewco,https://assets.untappd.com/site/beer_logos/beer-6205520_a2bb4_sm.jpeg
Zünden,Schilling Beer Co.,Lager - Smoked,4.80%,3.25,4.03452,https://untappd.com/b/schilling-beer-co-zunden/6248184,https://untappd.com/SchillingBeerCompany,https://assets.untappd.com/site/beer_logos/beer-6248184_f273c_sm.jpeg
Brewster Hut,Tree House Brewing Company,IPA - New Zealand,7%,4.5,4.22786,https://untappd.com/b/tree-house-brewing-company-brewster-hut/6266471,https://untappd.com/treehousebrewco,https://assets.untappd.com/site/beer_logos/beer-6266471_23a55_sm.jpeg
Haze Against the Machine,Tree House Brewing Company,IPA - Imperial / Double New England / Hazy,8.40%,4.25,4.41938,https://untappd.com/b/tree-house-brewing-company-haze-against-the-machine/6120648,https://untappd.com/treehousebrewco,https://assets.untappd.com/site/beer_logos/beer-6120648_933e9_sm.jpeg
Czech Pale Lager,von Trapp Brewing,Lager - Světlé (Czech Pale),4.50%,4.5,3.84947,https://untappd.com/b/von-trapp-brewing-czech-pale-lager/6161870,https://untappd.com/vontrappbrewing,https://assets.untappd.com/site/beer_logos/beer-6161870_dcb68_sm.jpeg
Smithwick's,Guinness,Red Ale - Irish,4.50%,3.5,3.55525,https://untappd.com/b/guinness-smithwick-s/13388,https://untappd.com/Guinness,https://assets.untappd.com/site/beer_logos/beer-13388_02315_sm.jpeg
Rhinelager,Devils Backbone Brewing Company,Pilsner - German,5%,3.75,3.76506,https://untappd.com/b/devils-backbone-brewing-company-rhinelager/5199037,https://untappd.com/devilsbackbonebeers,https://assets.untappd.com/site/brewery_logos/brewery-4939_b41ba.jpeg
Anniversary Alexandr,Schilling Beer Co.,Pilsner - Czech / Bohemian,5%,4.5,4.28565,https://untappd.com/b/schilling-beer-co-anniversary-alexandr/6190149,https://untappd.com/SchillingBeerCompany,https://assets.untappd.com/site/beer_logos/beer-6190149_1d5b7_sm.jpeg
Likely Love,Monkish Brewing Co.,Pale Ale - New England / Hazy,5.50%,4.5,4.21918,https://untappd.com/b/monkish-brewing-co-likely-love/5229871,https://untappd.com/monkishbrewing,https://assets.untappd.com/site/beer_logos/beer-5229871_1ed8d_sm.jpeg
Sauvage,The Veil Brewing Co.,Table Beer,3.70%,4.25,3.97034,https://untappd.com/b/the-veil-brewing-co-sauvage/2541192,https://untappd.com/TheVeilBrewingCo,https://assets.untappd.com/site/beer_logos/beer-2541192_534d7_sm.jpeg
Cat Nap,The Veil Brewing Co.,IPA - American,6%,3.75,4.04653,https://untappd.com/b/the-veil-brewing-co-cat-nap/2723702,https://untappd.com/TheVeilBrewingCo,https://assets.untappd.com/site/beer_logos/beer-2723702_ede9e_sm.jpeg
Never Calm,The Veil Brewing Co.,Sour - Fruited Gose,4.90%,3.5,3.92379,https://untappd.com/b/the-veil-brewing-co-never-calm/5017928,https://untappd.com/TheVeilBrewingCo,https://assets.untappd.com/site/beer_logos/beer-5017928_531c0_sm.jpeg
The Hook,Carton Brewing Company,Pale Ale - American,5.50%,3.75,3.83368,https://untappd.com/b/carton-brewing-company-the-hook/3061872,https://untappd.com/cartonbrewing,https://assets.untappd.com/site/beer_logos/beer-3061872_27a04_sm.jpeg
Chimay Grande Réserve (Blue),Bières de Chimay,Belgian Strong Dark Ale,9%,4.25,3.88705,https://untappd.com/b/bieres-de-chimay-chimay-grande-reserve-blue/34039,https://untappd.com/BieresdeChimay,https://assets.untappd.com/site/beer_logos/beer-34039_cd606_sm.jpeg
Premium,Birra Forst,Lager - Pale,4.80%,3.75,3.1008,https://untappd.com/b/birra-forst-premium/33495,https://untappd.com/forst,https://assets.untappd.com/site/beer_logos/beer-33495_b34b6_sm.jpeg
Flicker of Light,Sapwood Cellars Brewery,Pale Ale - New England / Hazy,5.70%,4,4.05618,https://untappd.com/b/sapwood-cellars-brewery-flicker-of-light/6133441,https://untappd.com/Sapwood_Cellars,https://assets.untappd.com/site/beer_logos/beer-6133441_3fbe0_sm.jpeg
Popular Ballads,Wunderkammer Biermanufaktur,Bitter - Extra Special / Strong (ESB),6.80%,4.25,3.95394,https://untappd.com/b/wunderkammer-biermanufaktur-popular-ballads/6000342,https://untappd.com/WunderkammerBiermanufaktur,https://assets.untappd.com/site/brewery_logos/brewery-497083_c2b89.jpeg
La Chouffe Blonde,Brasserie d'Achouffe,Belgian Strong Golden Ale,8%,4,3.81084,https://untappd.com/b/brasserie-d-achouffe-la-chouffe-blonde/52593,https://untappd.com/brasseriedachouffe,https://assets.untappd.com/site/beer_logos/beer-52593_4dab2_sm.jpeg
Swish Silver,Bissell Brothers Brewing Company,Pale Ale - American,4%,4,4.04716,https://untappd.com/b/bissell-brothers-brewing-company-swish-silver/5913267,https://untappd.com/BissellBrothersBrewingCo,https://assets.untappd.com/site/beer_logos/beer-5913267_4660b_sm.jpeg
Imperial Breakfast Stout,Lost Generation Brewing Company,Stout - Imperial / Double Coffee,10.50%,3.75,3.88306,https://untappd.com/b/lost-generation-brewing-company-imperial-breakfast-stout/5694386,https://untappd.com/LostGeneration,https://assets.untappd.com/site/beer_logos/beer-5694386_025a9_sm.jpeg
Tyranny of the Unimaginative,Lost Generation Brewing Company,IPA - New England / Hazy,6.70%,4,3.99059,https://untappd.com/b/lost-generation-brewing-company-tyranny-of-the-unimaginative/6129882,https://untappd.com/LostGeneration,https://assets.untappd.com/site/beer_logos/beer-6129882_b32a6_sm.jpeg
Meridian of Time,Lost Generation Brewing Company,Pilsner - American,5.20%,3.5,3.90563,https://untappd.com/b/lost-generation-brewing-company-meridian-of-time/6135772,https://untappd.com/LostGeneration,https://assets.untappd.com/site/beer_logos/beer-6135772_d73c9_sm.jpeg
Dying Moons & Shadows,Lost Generation Brewing Company,Lager - Tmavé (Czech Dark),5%,4,3.94092,https://untappd.com/b/lost-generation-brewing-company-dying-moons-and-shadows/5265246,https://untappd.com/LostGeneration,https://assets.untappd.com/site/beer_logos/beer-5265246_4d724_sm.jpeg
Guardian of the Bines,City-State Brewing,Pale Ale - Belgian,5.23%,3.5,3.65417,https://untappd.com/b/city-state-brewing-guardian-of-the-bines/6053063,https://untappd.com/CityStateBrewing,https://assets.untappd.com/site/beer_logos/beer-6053063_1e6aa_sm.jpeg
Schwarz,von Trapp Brewing,Schwarzbier,5.20%,4.25,3.84485,https://untappd.com/b/von-trapp-brewing-schwarz-black-lager/5211375,https://untappd.com/vontrappbrewing,https://assets.untappd.com/site/beer_logos/beer-5211375_2f25e_sm.jpeg
Free Dive,Coppertail Brewing Company,IPA - American,5.90%,3.75,3.72376,https://untappd.com/b/coppertail-brewing-company-free-dive/667659,https://untappd.com/CoppertailBrewing,https://assets.untappd.com/site/beer_logos/beer-667659_47071_sm.jpeg
Pulp Friction®,Motorworks Brewing,IPA - American,6.80%,3.5,3.74498,https://untappd.com/b/motorworks-brewing-pulp-friction/1601663,https://untappd.com/MotorworksBrewing,https://assets.untappd.com/site/beer_logos/beer-1601663_6b1d1_sm.jpeg
Catoctin Creek Maple Rye BA COLOSSAL 1,Port City Brewing,Stout - Imperial / Double,11.90%,4.5,4.17872,https://untappd.com/b/port-city-brewing-catoctin-creek-maple-rye-ba-colossal-1/5701125,https://untappd.com/portcitybrewing,https://assets.untappd.com/site/brewery_logos/brewery-7771_084be.jpeg
Rye Barrel-Aged COLOSSAL® Six,Port City Brewing,Stout - Russian Imperial,10.70%,4.25,4.21201,https://untappd.com/b/port-city-brewing-rye-barrel-aged-colossal-six/2497388,https://untappd.com/portcitybrewing,https://assets.untappd.com/site/beer_logos/beer-2497388_35889_sm.jpeg
Fresh Cut,Peak Organic Brewing Company,Pilsner - Other,4.60%,4.25,3.53859,https://untappd.com/b/peak-organic-brewing-company-fresh-cut/436803,https://untappd.com/peakorganic,https://assets.untappd.com/site/beer_logos/beer-436803_cb7c6_sm.jpeg
Sap,Tree House Brewing Company,IPA - New England / Hazy,7.30%,4,4.24008,https://untappd.com/b/tree-house-brewing-company-sap/282634,https://untappd.com/treehousebrewco,https://assets.untappd.com/site/beer_logos/beer-282634_11a16_sm.jpeg
Precept,Bissell Brothers Brewing Company,Pilsner - German,5.60%,4.25,3.77283,https://untappd.com/b/bissell-brothers-brewing-company-precept/2438833,https://untappd.com/BissellBrothersBrewingCo,https://assets.untappd.com/site/beer_logos/beer-2438833_46f97_sm.jpeg
Haere Rā,Tree House Brewing Company,IPA - Imperial / Double New England / Hazy,8.20%,4.25,4.31487,https://untappd.com/b/tree-house-brewing-company-haere-ra/5676430,https://untappd.com/treehousebrewco,https://assets.untappd.com/site/beer_logos/beer-5676430_e0e22_sm.jpeg
Kirkland Signature Helles-Style Lager,Deschutes Brewery,Lager - Helles,4.50%,3.75,3.61125,https://untappd.com/b/deschutes-brewery-kirkland-signature-helles-style-lager/6067133,https://untappd.com/DeschutesBrewery,https://assets.untappd.com/site/beer_logos/beer-6067133_1b486_sm.jpeg
Fudge,Tree House Brewing Company,Stout - Imperial / Double Milk,9.20%,4.5,4.29233,https://untappd.com/b/tree-house-brewing-company-fudge/3573774,https://untappd.com/treehousebrewco,https://assets.untappd.com/site/beer_logos/beer-3573774_87f90_sm.jpeg
Schwartz Bier Black Lager,Devils Backbone Brewing Company,Schwarzbier,5.10%,3.5,3.67493,https://untappd.com/b/devils-backbone-brewing-company-schwartz-bier-black-lager/81327,https://untappd.com/devilsbackbonebeers,https://assets.untappd.com/site/beer_logos/beer-81327_fb759_sm.jpeg
King Julius,Tree House Brewing Company,IPA - Imperial / Double New England / Hazy,8.20%,3.75,4.60107,https://untappd.com/b/tree-house-brewing-company-king-julius/273734,https://untappd.com/treehousebrewco,https://assets.untappd.com/site/beer_logos/beer-273734_d1b0a_sm.jpeg
Brown Ale,Legend Brewing Company,Brown Ale - American,6%,4,3.66073,https://untappd.com/b/legend-brewing-company-brown-ale/8935,https://untappd.com/LegendBrewingCo,https://assets.untappd.com/site/beer_logos/beer-8935_4c8c7_sm.jpeg
Daze,Tree House Brewing Company,IPA - New England / Hazy,6.90%,4.5,4.24071,https://untappd.com/b/tree-house-brewing-company-daze/3855259,https://untappd.com/treehousebrewco,https://assets.untappd.com/site/beer_logos/beer-3855259_7964f_sm.jpeg
Bourbon County Brand Stout (2023) 14.1%,Goose Island Beer Co.,Stout - Imperial / Double,14.10%,4.25,4.37017,https://untappd.com/b/goose-island-beer-co-bourbon-county-brand-stout-2023/5524002,https://untappd.com/gooseisland,https://assets.untappd.com/site/beer_logos/beer-5524002_0982b_sm.jpeg
Lights On,Tree House Brewing Company,Pale Ale - American,5.60%,4.5,4.23197,https://untappd.com/b/tree-house-brewing-company-lights-on/1024586,https://untappd.com/treehousebrewco,https://assets.untappd.com/site/beer_logos/beer-1024586_ba52f_sm.jpeg
Pilsner,Manor Hill Brewing,Pilsner - German,5.30%,3.75,3.52278,https://untappd.com/b/manor-hill-brewing-pilsner/2020710,https://untappd.com/ManorHillBrewing,https://assets.untappd.com/site/beer_logos/beer-2020710_d3a77_sm.jpeg
Blue Crab,Other Half Brewing Co.,IPA - New England / Hazy,6.50%,3.5,4.08141,https://untappd.com/b/other-half-brewing-co-blue-crab/4058979,https://untappd.com/OtherHalfBrewingCompany,https://assets.untappd.com/site/beer_logos/beer-4058979_ad5fc_sm.jpeg
No Salvation,Anchorage Brewing Company,Farmhouse Ale - Brett,6.50%,3.75,3.90565,https://untappd.com/b/anchorage-brewing-company-no-salvation/5368226,https://untappd.com/anchoragebrewingcompany,https://assets.untappd.com/site/brewery_logos/brewery-13756_9b85a.jpeg
Péché Mortel,Brasserie Dieu du Ciel!,Stout - Imperial / Double Coffee,9.50%,4.25,4.09751,https://untappd.com/b/brasserie-dieu-du-ciel-peche-mortel/19459,https://untappd.com/BrasserieDieuduCiel,https://assets.untappd.com/site/beer_logos/beer-19459_4f88b_sm.jpeg
Celebration,Sierra Nevada Brewing Co.,IPA - American,6.80%,3.75,3.72422,https://untappd.com/b/sierra-nevada-brewing-co-celebration/16630,https://untappd.com/SierraNevada,https://assets.untappd.com/site/beer_logos/beer-16630_5a42c_sm.jpeg
Conehead,Zero Gravity Beer,IPA - American,5.70%,3.5,3.8032,https://untappd.com/b/zero-gravity-beer-conehead/52813,https://untappd.com/ZeroGravityCraftBrewery,https://assets.untappd.com/site/beer_logos/beer-52813_16d4c_sm.jpeg
How To Dream,Bluejacket,Festbier,5.50%,3.75,3.76806,https://untappd.com/b/bluejacket-how-to-dream/5988606,https://untappd.com/BluejacketDC,https://assets.untappd.com/site/beer_logos/beer-5988606_c0a4f_sm.jpeg
Jakobus,Schilling Beer Co.,Pilsner - German,5%,4,3.95034,https://untappd.com/b/schilling-beer-co-jakobus/5238122,https://untappd.com/SchillingBeerCompany,https://assets.untappd.com/site/beer_logos/beer-5238122_7a899_sm.jpeg
Everett,Hill Farmstead Brewery,Porter - American,7.50%,4,4.32701,https://untappd.com/b/hill-farmstead-brewery-everett/31977,https://untappd.com/HillFarmsteadBrewery,https://assets.untappd.com/site/beer_logos/beer-31977_5626d_sm.jpeg
James,Hill Farmstead Brewery,IPA - Black / Cascadian Dark Ale,7.20%,4.25,4.114,https://untappd.com/b/hill-farmstead-brewery-james/14834,https://untappd.com/HillFarmsteadBrewery,https://assets.untappd.com/site/beer_logos/beer-14834_c1d93_sm.jpeg
Bohemian Dusk,Jack’s Abby Craft Lagers,Lager - Tmavé (Czech Dark),4.50%,3.75,3.85297,https://untappd.com/b/jack-s-abby-craft-lagers-bohemian-dusk/5228985,https://untappd.com/JacksAbbyBrewing,https://assets.untappd.com/site/beer_logos/beer-5228985_28a73_sm.jpeg
Oppaque - NRM Nectaron Riwaka Motueka,Juicy Brewing Co,IPA - Imperial / Double New England / Hazy,8%,4.25,4.03696,https://untappd.com/b/juicy-brewing-co-oppaque-nrm-nectaron-riwaka-motueka/6050250,https://untappd.com/JuicyBrewingCo,https://assets.untappd.com/site/beer_logos/beer-6050250_86827_sm.jpeg
Narwhal Imperial Stout (2024),Sierra Nevada Brewing Co.,Stout - Imperial / Double,10.20%,3.75,4.00767,https://untappd.com/b/sierra-nevada-brewing-co-narwhal-2024/5963070,https://untappd.com/SierraNevada,https://assets.untappd.com/site/beer_logos/beer-5963070_3d9ac_sm.jpeg
Society & Solitude #11,Hill Farmstead Brewery,IPA - Imperial / Double,8%,4.5,4.36528,https://untappd.com/b/hill-farmstead-brewery-society-and-solitude-11/2882052,https://untappd.com/HillFarmsteadBrewery,https://assets.untappd.com/site/beer_logos/beer-2882052_65279_sm.jpeg
Pale Lager,Sacred Profane Brewing,Lager - Světlé (Czech Pale),4.20%,4,3.93564,https://untappd.com/b/sacred-profane-brewing-pale-lager/5002893,https://untappd.com/w/sacred-profane-brewing/528583,https://assets.untappd.com/site/beer_logos/beer-5002893_09fc6_sm.jpeg
Smoke & Dagger,Jack’s Abby Craft Lagers,Lager - Smoked,5.60%,4,3.72649,https://untappd.com/b/jack-s-abby-craft-lagers-smoke-and-dagger/71833,https://untappd.com/JacksAbbyBrewing,https://assets.untappd.com/site/beer_logos/beer-71833_50a27_sm.jpeg
Aecht Schlenkerla Weichsel – Rotbier,"Schlenkerla (""Heller-Bräu"" Trum)",Rauchbier,4.60%,4,3.77136,https://untappd.com/b/schlenkerla-heller-brau-trum-aecht-schlenkerla-weichsel-rotbier/5410148,https://untappd.com/Schlenkerla-Brewery,https://assets.untappd.com/site/beer_logos/beer-5410148_f381c_sm.jpeg
Saison du Blé (Blend #14),Side Project Brewing,Farmhouse Ale - Saison,6%,4.25,4.19711,https://untappd.com/b/side-project-brewing-saison-du-ble-blend-14/5756788,https://untappd.com/SideProject,https://assets.untappd.com/site/beer_logos/beer-5756788_1c3b4_sm.jpeg
Oktoberfest,von Trapp Brewing,Märzen,5.60%,4,3.65734,https://untappd.com/b/von-trapp-brewing-oktoberfest/82397,https://untappd.com/vontrappbrewing,https://assets.untappd.com/site/beer_logos/beer-82397_361a4_sm.jpeg
Festbier,Human Robot,Festbier,5.60%,4.25,3.93334,https://untappd.com/b/human-robot-festbier/4986928,https://untappd.com/HumanRobot,https://assets.untappd.com/site/beer_logos/beer-4986928_6c5a7_sm.jpeg
Weekend Lager,Alewerks Brewing Company,Lager - Helles,4.80%,3.25,3.5435,https://untappd.com/b/alewerks-brewing-company-weekend-lager/1678714,https://untappd.com/AleWerks,https://assets.untappd.com/site/beer_logos/beer-1678714_a8ef0_sm.jpeg
Utica Club,Utica Club,Lager - American,5%,3.5,3.25305,https://untappd.com/b/west-end-brewing-company-utica-club/14832,https://untappd.com/WestEndBrewingCompany,https://assets.untappd.com/site/beer_logos/beer-_14832_sm_624d9b65262dd1e9f48372b3bd2997.jpeg
Riwakamania IX,Hop Butcher For The World,IPA - New England / Hazy,6.50%,3.5,3.97664,https://untappd.com/b/hop-butcher-for-the-world-riwakamania-ix/5928335,https://untappd.com/HopButcher,https://assets.untappd.com/site/beer_logos/beer-5928335_c5500_sm.jpeg
Roggen Heu,Human Robot,Historical Beer - Roggenbier,3.90%,4,4.04987,https://untappd.com/b/human-robot-roggen-heu/5033761,https://untappd.com/HumanRobot,https://assets.untappd.com/site/beer_logos/beer-5033761_ed50e_sm.jpeg
Skadoosh,The Alchemist,IPA - American,7%,4.25,4.14169,https://untappd.com/b/the-alchemist-skadoosh/1903467,https://untappd.com/Alchemist_Beer,https://assets.untappd.com/site/beer_logos/beer-1903467_bc987_sm.jpeg
Rising Down,Bluejacket,Lager - Tmavé (Czech Dark),5%,3.75,3.86979,https://untappd.com/b/bluejacket-rising-down/5953484,https://untappd.com/BluejacketDC,https://assets.untappd.com/site/beer_logos/beer-5953484_b5b4e_sm.jpeg
Dream Merchant,Bluejacket,IPA - New England / Hazy,7%,3.25,3.84346,https://untappd.com/b/bluejacket-dream-merchant/4364218,https://untappd.com/BluejacketDC,https://assets.untappd.com/site/beer_logos/beer-4364218_d7859_sm.jpeg
Rösten,Human Robot,Lager - Helles,4.80%,4.25,4.04697,https://untappd.com/b/human-robot-rosten/4927495,https://untappd.com/HumanRobot,https://assets.untappd.com/site/beer_logos/beer-4927495_0a7f7_sm.jpeg
Sedlec 12°,Human Robot,Pilsner - Czech / Bohemian,5.40%,4,4.03742,https://untappd.com/b/human-robot-sedlec-12-deg/3912006,https://untappd.com/HumanRobot,https://assets.untappd.com/site/beer_logos/beer-3912006_d1b73_sm.jpeg
Monk's Café Flemish Sour Ale,Brouwerij Van Steenberge,Sour - Flanders Red Ale,5.50%,4,3.83912,https://untappd.com/b/brouwerij-van-steenberge-monk-s-cafe-flemish-sour-ale/21927,https://untappd.com/BrouwerijVanSteenberge,https://assets.untappd.com/site/beer_logos/beer-MonksCafeFlemishSourRedAle_21927.jpeg
Buck Buck Juice,Zero Gravity Beer,IPA - Imperial / Double,9%,2.25,3.80809,https://untappd.com/b/zero-gravity-beer-buck-buck-juice/5556866,https://untappd.com/ZeroGravityCraftBrewery,https://assets.untappd.com/site/beer_logos/beer-5556866_ee22d_sm.jpeg
Riwaka Single Hop Pale Ale,Hill Farmstead Brewery,Pale Ale - American,5.20%,4.75,4.14535,https://untappd.com/b/hill-farmstead-brewery-riwaka-single-hop-pale-ale/19476,https://untappd.com/HillFarmsteadBrewery,https://assets.untappd.com/site/beer_logos/beer-19476_9ecaa_sm.jpeg
Tsingtao,Tsingtao (青岛啤酒) Brewery,Lager - Pale,4.70%,3.5,2.9143,https://untappd.com/b/tsingtao-brewery-tsingtao/6601,https://untappd.com/w/tsingtao-brewery/1594,https://assets.untappd.com/site/beer_logos/beer-6601_fc7ff_sm.jpeg
Nothing Gold,Bissell Brothers Brewing Company,IPA - Imperial / Double New England / Hazy,8.20%,4,4.3072,https://untappd.com/b/bissell-brothers-brewing-company-nothing-gold/1537891,https://untappd.com/BissellBrothersBrewingCo,https://assets.untappd.com/site/beer_logos/beer-1537891_65566_sm.jpeg
Little Wizard,Burlington Beer Co.,IPA - New England / Hazy,6%,3.75,3.86114,https://untappd.com/b/burlington-beer-co-little-wizard/5749186,https://untappd.com/BurlingtonBeer,https://assets.untappd.com/site/beer_logos/beer-5749186_ed2a2_sm.jpeg
Taco Truck,Dust Bowl Brewing Company,Lager - Mexican,4.70%,3.5,3.53675,https://untappd.com/b/dust-bowl-brewing-company-taco-truck/1447373,https://untappd.com/dustbowlbrews,https://assets.untappd.com/site/beer_logos/beer-1447373_451ab_sm.jpeg
Prospect,Foley Brothers Brewing,IPA - Imperial / Double New England / Hazy,9%,3,4.21532,https://untappd.com/b/foley-brothers-brewing-prospect/1184071,https://untappd.com/FoleyBrothers,https://assets.untappd.com/site/beer_logos/beer-1184071_1f74a_sm.jpeg
Citrennial,Foley Brothers Brewing,IPA - American,6.70%,3.75,3.95916,https://untappd.com/b/foley-brothers-brewing-citrennial/856504,https://untappd.com/FoleyBrothers,https://assets.untappd.com/site/beer_logos/beer-856504_1bb0a_sm.jpeg
Aosta,Schilling Beer Co.,Pilsner - Italian,5%,3.75,3.98491,https://untappd.com/b/schilling-beer-co-aosta/4133710,https://untappd.com/SchillingBeerCompany,https://assets.untappd.com/site/beer_logos/beer-4133710_52c19_sm.jpeg
Here's To Feeling Good All the Time,Bissell Brothers Brewing Company,IPA - Imperial / Double,7.80%,4.25,4.33248,https://untappd.com/b/bissell-brothers-brewing-company-here-s-to-feeling-good-all-the-time/2166301,https://untappd.com/BissellBrothersBrewingCo,https://assets.untappd.com/site/beer_logos/beer-2166301_1ef83_sm.jpeg
Crusher,The Alchemist,IPA - Imperial / Double,8%,4.25,4.33576,https://untappd.com/b/the-alchemist-crusher/25785,https://untappd.com/Alchemist_Beer,https://assets.untappd.com/site/beer_logos/beer-25785_e0d99_sm.jpeg
Bondcliff,Schilling Beer Co.,IPA - Imperial / Double New England / Hazy,8.50%,4,4.06315,https://untappd.com/b/schilling-beer-co-bondcliff/4676632,https://untappd.com/SchillingBeerCompany,https://assets.untappd.com/site/beer_logos/beer-4676632_54a53_sm.jpeg
Karlův 13°,Schilling Beer Co.,Lager - Tmavé (Czech Dark),5.30%,3.75,4.08231,https://untappd.com/b/schilling-beer-co-karluv-13-deg/4719216,https://untappd.com/SchillingBeerCompany,https://assets.untappd.com/site/beer_logos/beer-4719216_6a0f2_sm.jpeg
Porter,Port City Brewing,Porter - American,7.20%,4,3.7823,https://untappd.com/b/port-city-brewing-porter/29950,https://untappd.com/portcitybrewing,https://assets.untappd.com/site/beer_logos/beer-29950_92ca3_sm.jpeg
Orchid,Fidens Brewing Co.,IPA - Imperial / Double New England / Hazy,8%,4.5,4.40661,https://untappd.com/b/fidens-brewing-co-orchid/4623851,https://untappd.com/FidensBrewingCo,https://assets.untappd.com/site/beer_logos/beer-4623851_62bbd_sm.jpeg
Summerfest,Sierra Nevada Brewing Co.,Pilsner - German,5%,3.5,3.49601,https://untappd.com/b/sierra-nevada-brewing-co-summerfest/156196,https://untappd.com/SierraNevada,https://assets.untappd.com/site/beer_logos/beer-156196_1f0c2_sm.jpeg
All-Purpose Pils,DC Brau Brewing Company,Pilsner - Italian,4.50%,3.5,3.53606,https://untappd.com/b/dc-brau-brewing-company-all-purpose-pils/5841138,https://untappd.com/dcbrau,https://assets.untappd.com/site/beer_logos/beer-5841138_db7c8_sm.jpeg
Spire City,Wheatland Spring Farm + Brewery,Lager - Tmavé (Czech Dark),4.80%,4,4.05694,https://untappd.com/b/wheatland-spring-farm-brewery-spire-city/5171303,https://untappd.com/WheatlandSpringFarmBrewery,https://assets.untappd.com/site/beer_logos/beer-5171303_0aa30_sm.jpeg
Upon This Earth,Fidens Brewing Co.,IPA - New England / Hazy,6.40%,4,4.20807,https://untappd.com/b/fidens-brewing-co-upon-this-earth/5552519,https://untappd.com/FidensBrewingCo,https://assets.untappd.com/site/beer_logos/beer-5552519_13091_sm.jpeg
Roam: Citra,Fox Farm Brewery,Pale Ale - American,5.70%,4.25,4.21395,https://untappd.com/b/fox-farm-brewery-roam-citra/5867629,https://untappd.com/FoxFarmBrewery,https://assets.untappd.com/site/beer_logos/beer-5867629_21b65_sm.jpeg
Hay Maker,Riverside Brewing Co,Pilsner - Other,5.30%,2.75,3.555,https://untappd.com/b/riverside-brewing-co-hay-maker/5878023,https://untappd.com/riverside_brewing_co,https://assets.untappd.com/site/brewery_logos/brewery-384284_a6051.jpeg
Raven’s Roast,Riverside Brewing Co,Stout - American,5.50%,3.5,3.83654,https://untappd.com/b/riverside-brewing-co-raven-s-roast/5583057,https://untappd.com/riverside_brewing_co,https://assets.untappd.com/site/brewery_logos/brewery-384284_a6051.jpeg
Teacher’s Pet,Fidens Brewing Co.,Pale Ale - New England / Hazy,5.40%,4,4.29699,https://untappd.com/b/fidens-brewing-co-teacher-s-pet/4784006,https://untappd.com/FidensBrewingCo,https://assets.untappd.com/site/beer_logos/beer-4784006_6ea1d_sm.jpeg
Fully Loaded IPA,Timber Creek Tap & Table,IPA - American,7.50%,3.5,3.72478,https://untappd.com/b/timber-creek-tap-and-table-fully-loaded-ipa/1309888,https://untappd.com/TimberCreekTapTable,https://assets.untappd.com/site/beer_logos/beer-1309888_adc54_sm.jpeg
Mags,Fidens Brewing Co.,Pale Ale - New England / Hazy,5.20%,4.5,4.16212,https://untappd.com/b/fidens-brewing-co-mags/5147275,https://untappd.com/FidensBrewingCo,https://assets.untappd.com/site/brewery_logos/brewery-426930_482aa.jpeg
Gather House,The Drowned Lands Brewery,Wheat Beer - Witbier / Blanche,4.80%,3.75,3.82717,https://untappd.com/b/the-drowned-lands-brewery-gather-house/3695406,https://untappd.com/DrownedLandsBrewery,https://assets.untappd.com/site/beer_logos/beer-3695406_bef1e_sm.jpeg
Adorn,Wheatland Spring Farm + Brewery,Pilsner - Italian,5.30%,4,4.06222,https://untappd.com/b/wheatland-spring-farm-brewery-adorn/5701605,https://untappd.com/WheatlandSpringFarmBrewery,https://assets.untappd.com/site/beer_logos/beer-5701605_da94b_sm.jpeg
Eugene's Axe,Fidens Brewing Co.,IPA - Imperial / Double New England / Hazy,8.50%,4.25,4.41952,https://untappd.com/b/fidens-brewing-co-eugene-s-axe/3523385,https://untappd.com/FidensBrewingCo,https://assets.untappd.com/site/beer_logos/beer-3523385_65975_sm.jpeg
The Butcher,Fidens Brewing Co.,IPA - Imperial / Double New England / Hazy,8.50%,4.25,4.41694,https://untappd.com/b/fidens-brewing-co-the-butcher/3812740,https://untappd.com/FidensBrewingCo,https://assets.untappd.com/site/beer_logos/beer-3812740_ac1a2_sm.jpeg
Richmond Lager,Hardywood Park Craft Brewery,Lager - Pale,5%,3.5,3.50689,https://untappd.com/b/hardywood-park-craft-brewery-richmond-lager/2274033,https://untappd.com/hardywood,https://assets.untappd.com/site/beer_logos/beer-2274033_b199d_sm.jpeg
Pils,Hardywood Park Craft Brewery,Pilsner - German,5.20%,3.75,3.44635,https://untappd.com/b/hardywood-park-craft-brewery-pils/852275,https://untappd.com/hardywood,https://assets.untappd.com/site/beer_logos/beer-852275_dc2d1_sm.jpeg
The Chosen One,Tilted Barn Brewery,IPA - Imperial / Double New England / Hazy,8%,4,4.27002,https://untappd.com/b/tilted-barn-brewery-the-chosen-one/1061474,https://untappd.com/TiltedBarnBrewery,https://assets.untappd.com/site/beer_logos/beer-1061474_d09a1_sm.jpeg
Dark Lager,Sacred Profane Brewing,Lager - Tmavé (Czech Dark),4%,4.25,3.94715,https://untappd.com/b/sacred-profane-brewing-dark-lager/5002873,https://untappd.com/w/sacred-profane-brewing/528583,https://assets.untappd.com/site/beer_logos/beer-5002873_4cd21_sm.jpeg
Lager,Long Bay Brewing,Lager - Pale,5.20%,3.5,3.44872,https://untappd.com/b/long-bay-brewing-lager/5695187,https://untappd.com/LongBayBrewing,https://assets.untappd.com/site/assets/images/temp/badge-beer-default.png
Pub Stout,Forest & Main Brewing Company,Stout - English,4.60%,4,3.82828,https://untappd.com/b/forest-and-main-brewing-company-pub-stout/5618891,https://untappd.com/forestandmain,https://assets.untappd.com/site/brewery_logos/brewery-11094_742f6.jpeg
Carib Blue,Carib Brewery Limited,Lager - Strong,6%,3,3.20081,https://untappd.com/b/carib-brewery-limited-carib-blue/4530226,https://untappd.com/CaribBreweryTT,https://assets.untappd.com/site/beer_logos/beer-4530226_bf20b_sm.jpeg
Piton,Heineken Saint Lucia Ltd.,Pilsner - Other,5%,3.75,3.22868,https://untappd.com/b/heineken-saint-lucia-ltd-piton/20725,https://untappd.com/WLBL,https://assets.untappd.com/site/beer_logos/beer-20725_ccad9_sm.jpeg
George,Hill Farmstead Brewery,Brown Ale - American,6%,4.25,4.07718,https://untappd.com/b/hill-farmstead-brewery-george/354738,https://untappd.com/HillFarmsteadBrewery,https://assets.untappd.com/site/beer_logos/beer-354738_6ff7e_sm.jpeg
Loam,The Drowned Lands Brewery,IPA - New England / Hazy,6.50%,4.25,4.03873,https://untappd.com/b/the-drowned-lands-brewery-loam/4061166,https://untappd.com/DrownedLandsBrewery,https://assets.untappd.com/site/beer_logos/beer-4061166_b26fa_sm.jpeg
PIVO SLÁDEK 10°,Barrique Brewing and Blending,Lager - Světlé (Czech Pale),4.30%,3.75,4.06297,https://untappd.com/b/barrique-brewing-and-blending-pivo-sladek-10-deg/5721206,https://untappd.com/BarriqueBrewingAndBlending,https://assets.untappd.com/site/beer_logos/beer-5721206_29bd4_sm.jpeg
Society & Solitude #2,Hill Farmstead Brewery,IPA - Imperial / Double Black,9.50%,4.25,4.21705,https://untappd.com/b/hill-farmstead-brewery-society-and-solitude-2/125334,https://untappd.com/HillFarmsteadBrewery,https://assets.untappd.com/site/beer_logos/beer-125334_dd381_sm.jpeg
Of First And Last Things,Hill Farmstead Brewery,IPA - American,6.50%,4,4.23459,https://untappd.com/b/hill-farmstead-brewery-of-first-and-last-things/1396876,https://untappd.com/HillFarmsteadBrewery,https://assets.untappd.com/site/beer_logos/beer-1396876_edb28_sm.jpeg
Crab Grass,Crooked Crab Brewing Company,IPA - New England / Hazy,7%,4,3.99255,https://untappd.com/b/crooked-crab-brewing-company-crab-grass/5791209,https://untappd.com/CrookedCrabBrewingCompany,https://assets.untappd.com/site/beer_logos/beer-5791209_eeb2d_sm.jpeg
We Are Happy To Juice You,Other Half Brewing Co.,IPA - New England / Hazy,6.70%,4,4.1069,https://untappd.com/b/other-half-brewing-co-we-are-happy-to-juice-you/4755991,https://untappd.com/OtherHalfBrewingCompany,https://assets.untappd.com/site/beer_logos/beer-4755991_748ef_sm.jpeg
Double Mexican Radio 2024,Bluejacket,Stout - Imperial / Double Milk,12.50%,4,4.14465,https://untappd.com/b/bluejacket-double-mexican-radio-2024/5713655,https://untappd.com/BluejacketDC,https://assets.untappd.com/site/beer_logos/beer-5713655_30a88_sm.jpeg
Known & Loved (2024),Bluejacket,Pale Ale - New England / Hazy,5.20%,4.25,3.85773,https://untappd.com/b/bluejacket-known-and-loved-2024/5782440,https://untappd.com/BluejacketDC,https://assets.untappd.com/site/beer_logos/beer-5782440_32984_sm.jpeg
Perfect Places,Bluejacket,IPA - New England / Hazy,7%,4.25,3.94368,https://untappd.com/b/bluejacket-perfect-places/2544580,https://untappd.com/BluejacketDC,https://assets.untappd.com/site/beer_logos/beer-2544580_21efe_sm.jpeg
Weihenstephaner Pils,Bayerische Staatsbrauerei Weihenstephan,Pilsner - German,5.10%,3.75,3.56588,https://untappd.com/b/bayerische-staatsbrauerei-weihenstephan-weihenstephaner-pils/16774,https://untappd.com/weihenstephaner,https://assets.untappd.com/site/beer_logos/beer-16774_e3aa4_sm.jpeg
Dachnik,Bayerische Staatsbrauerei Weihenstephan,Lager - Helles,4.80%,4,3.78139,https://untappd.com/b/bayerische-staatsbrauerei-weihenstephan-dachnik/5533776,https://untappd.com/weihenstephaner,https://assets.untappd.com/site/brewery_logos/brewery-88_ae3c3.jpeg
Push,The Veil Brewing Co.,Farmhouse Ale - Other,6%,4,3.99229,https://untappd.com/b/the-veil-brewing-co-push/4621974,https://untappd.com/TheVeilBrewingCo,https://assets.untappd.com/site/beer_logos/beer-4621974_9f4cd_sm.jpeg
Double Dry Hop Pseudo Sue,Toppling Goliath Brewing Co.,Pale Ale - New England / Hazy,5.80%,4.25,4.29398,https://untappd.com/b/toppling-goliath-brewing-co-double-dry-hop-pseudo-sue/1569952,https://untappd.com/topplinggoliathbrewing,https://assets.untappd.com/site/beer_logos/beer-1569952_a1001_sm.jpeg
Einsiedler Spezial Dunkel (Swiss Dark),Rosengarten,Lager - Munich Dunkel,5.20%,3.5,3.3354,https://untappd.com/b/rosengarten-einsiedler-spezial-dunkel-swiss-dark/52570,https://untappd.com/w/rosengarten/11919,https://assets.untappd.com/site/brewery_logos/brewery-BrauereiRosengarten_11919.jpeg
Mass Ave,Trillium Brewing Company,IPA - Imperial / Double New England / Hazy,8.20%,3.5,4.24183,https://untappd.com/b/trillium-brewing-company-mass-ave/3833435,https://untappd.com/TrilliumBrewing,https://assets.untappd.com/site/beer_logos/beer-3833435_49311_sm.jpeg
Polotmavy 12°,Human Robot,Lager - Polotmavé (Czech Amber),5%,4.5,4.04309,https://untappd.com/b/human-robot-polotmavy-12-deg/3660206,https://untappd.com/HumanRobot,https://assets.untappd.com/site/beer_logos/beer-3660206_62ffa_sm.jpeg
"Mikerphone Check 1, 2",Mikerphone Brewing,IPA - Imperial / Double New England / Hazy,8%,4,4.1922,https://untappd.com/b/mikerphone-brewing-mikerphone-check-1-2/1841083,https://untappd.com/MikerphoneBrewing,https://assets.untappd.com/site/beer_logos/beer-1841083_b320b_sm.jpeg
Slim Sauce,Mikerphone Brewing,Pale Ale - New England / Hazy,5.50%,4.5,3.8205,https://untappd.com/b/mikerphone-brewing-slim-sauce/3787427,https://untappd.com/MikerphoneBrewing,https://assets.untappd.com/site/beer_logos/beer-3787427_d05ad_sm.jpeg
Solid Air,Threes Brewing,Rauchbier,5.30%,3.75,3.87967,https://untappd.com/b/threes-brewing-solid-air/4168722,https://untappd.com/threesbrewing,https://assets.untappd.com/site/beer_logos/beer-4168722_3df42_sm.jpeg
Tmavy 13°,Human Robot,Lager - Tmavé (Czech Dark),5.30%,4.5,4.119,https://untappd.com/b/human-robot-tmavy-13-deg/4660098,https://untappd.com/HumanRobot,https://assets.untappd.com/site/beer_logos/beer-4660098_9b197_sm.jpeg
Vaulted Blue,Burlington Beer Co.,IPA - New England / Hazy,5.70%,4,3.92635,https://untappd.com/b/burlington-beer-co-vaulted-blue/3728920,https://untappd.com/BurlingtonBeer,https://assets.untappd.com/site/beer_logos/beer-3728920_4e972_sm.jpeg
Guinness Foreign Extra Stout,Guinness,Stout - Foreign / Export,7.50%,3.25,3.65239,https://untappd.com/b/guinness-guinness-foreign-extra-stout/1199,https://untappd.com/Guinness,https://assets.untappd.com/site/beer_logos/beer-1199_0ae42_sm.jpeg
Deciduous,Forest & Main Brewing Company,Lager - Smoked,5.40%,4.25,3.98761,https://untappd.com/b/forest-and-main-brewing-company-deciduous/4573002,https://untappd.com/forestandmain,https://assets.untappd.com/site/brewery_logos/brewery-11094_742f6.jpeg
Growing Light,Forest & Main Brewing Company,Farmhouse Ale - Saison,4.50%,3.75,3.88311,https://untappd.com/b/forest-and-main-brewing-company-growing-light/5736536,https://untappd.com/forestandmain,https://assets.untappd.com/site/brewery_logos/brewery-11094_742f6.jpeg
Damnation,Russian River Brewing Company,Belgian Strong Golden Ale,7.50%,4,3.93479,https://untappd.com/b/russian-river-brewing-company-damnation/4498,https://untappd.com/RussianRiverBrewingCompany,https://assets.untappd.com/site/beer_logos/beer-4498_b3cbc_sm.jpeg
Source of Hoppiness,Source Brewing,IPA - New England / Hazy,6.50%,3.75,4.01347,https://untappd.com/b/source-brewing-source-of-hoppiness/3355394,https://untappd.com/Source_Brewing,https://assets.untappd.com/site/beer_logos/beer-3355394_4d1a9_sm.jpeg
Polotmave,Source Brewing,Lager - Polotmavé (Czech Amber),4.40%,3.75,3.99358,https://untappd.com/b/source-brewing-polotmave/5684449,https://untappd.com/Source_Brewing,https://assets.untappd.com/site/brewery_logos/brewery-433711_325d9.jpeg
Hallertau Pils,Human Robot,Pilsner - German,5.20%,4.75,3.99183,https://untappd.com/b/human-robot-hallertau-pils/3651795,https://untappd.com/HumanRobot,https://assets.untappd.com/site/beer_logos/beer-3651795_cb1c0_sm.jpeg
Blind Pig IPA,Russian River Brewing Company,IPA - American,6.25%,4,4.14788,https://untappd.com/b/russian-river-brewing-company-blind-pig-ipa/4041,https://untappd.com/RussianRiverBrewingCompany,https://assets.untappd.com/site/beer_logos/beer-4041_263a4_sm.jpeg
Excursions: Southland Motueka,Hill Farmstead Brewery,IPA - New Zealand,6%,4.5,4.22395,https://untappd.com/b/hill-farmstead-brewery-excursions-southland-motueka/5705571,https://untappd.com/HillFarmsteadBrewery,https://assets.untappd.com/site/brewery_logos/brewery-2562_e7536.jpeg
LUX,Bissell Brothers Brewing Company,Pale Ale - American,5.10%,4.25,4.04727,https://untappd.com/b/bissell-brothers-brewing-company-lux/960066,https://untappd.com/BissellBrothersBrewingCo,https://assets.untappd.com/site/beer_logos/beer-960066_0cd6b_sm.jpeg
Mosaic Dream,Other Half Brewing Co.,IPA - New England / Hazy,6%,3.75,4.13664,https://untappd.com/b/other-half-brewing-co-mosaic-dream/2466988,https://untappd.com/OtherHalfBrewingCompany,https://assets.untappd.com/site/beer_logos/beer-2466988_82bbf_sm.jpeg
Maple Porter,Riverside Brewing Co,Porter - American,7%,2.75,3.69431,https://untappd.com/b/riverside-brewing-co-maple-porter/4066167,https://untappd.com/riverside_brewing_co,https://assets.untappd.com/site/beer_logos/beer-4066167_5decc_sm.jpeg
Fayston Maple Imperial Stout (Whiskey Barrel Aged With Coffee),Lawson’s Finest Liquids,Stout - Imperial / Double Coffee,12.75%,4.75,4.2772,https://untappd.com/b/lawson-s-finest-liquids-fayston-maple-imperial-stout-whiskey-barrel-aged-with-coffee/5600825,https://untappd.com/LawsonsFinestLiquids,https://assets.untappd.com/site/brewery_logos/brewery-3758_8ca25.jpeg
American Wheat (Small Batch),Fort Myers Brewing Company,Wheat Beer - American Pale Wheat,5%,3.5,3.64851,https://untappd.com/b/fort-myers-brewing-company-american-wheat-small-batch/766951,https://untappd.com/FortMyersBrewingCompany,https://assets.untappd.com/site/brewery_logos/brewery-56307_d5472.jpeg
The Most Pulpiest Thing In This World,Kettlehead Brewing,IPA - Imperial / Double New England / Hazy,8.40%,4,4.24438,https://untappd.com/b/kettlehead-brewing-the-most-pulpiest-thing-in-this-world/4912248,https://untappd.com/Kettlehead_Brewing,https://assets.untappd.com/site/beer_logos/beer-4912248_80367_sm.jpeg
Birds of A Feather,Lamplighter Brewing Co.,IPA - New England / Hazy,6.80%,4,3.96114,https://untappd.com/b/lamplighter-brewing-co-birds-of-a-feather/1984983,https://untappd.com/LamplighterBrewingCo,https://assets.untappd.com/site/beer_logos/beer-1984983_2e1be_sm.jpeg
Aecht Schlenkerla Erle – Schwarzbier,"Schlenkerla (""Heller-Bräu"" Trum)",Rauchbier,4.20%,4.5,3.79555,https://untappd.com/b/schlenkerla-heller-brau-trum-aecht-schlenkerla-erle-schwarzbier/5456891,https://untappd.com/Schlenkerla-Brewery,https://assets.untappd.com/site/beer_logos/beer-5456891_7eacd_sm.jpeg
Guinness Draught,Guinness,Stout - Irish Dry,4.20%,4,3.76798,https://untappd.com/b/guinness-guinness-draught/4473,https://untappd.com/Guinness,https://assets.untappd.com/site/beer_logos/beer-4473_1cbe8_sm.jpeg
Pilsner,von Trapp Brewing,Pilsner - Czech / Bohemian,5.40%,4.25,3.58103,https://untappd.com/b/von-trapp-brewing-bohemian-style-pilsner/705199,https://untappd.com/vontrappbrewing,https://assets.untappd.com/site/beer_logos/beer-705199_003a9_sm.jpeg
Wolfe’s Neck,Maine Beer Company,IPA - American,6.50%,4.25,4.04198,https://untappd.com/b/maine-beer-company-wolfe-s-neck/3263741,https://untappd.com/mainebeercompany,https://assets.untappd.com/site/beer_logos/beer-3263741_e3360_sm.jpeg
Victoria,Grupo Modelo,Lager - Vienna,4%,3.75,3.18537,https://untappd.com/b/grupo-modelo-victoria/6212,https://untappd.com/GrupoModelo,https://assets.untappd.com/site/beer_logos/beer-6212_ce11d_sm.jpeg
Modelo Negra,Grupo Modelo,Lager - Munich Dunkel,5.40%,3.75,3.31732,https://untappd.com/b/grupo-modelo-modelo-negra/5852,https://untappd.com/GrupoModelo,https://assets.untappd.com/site/beer_logos/beer-5852_694d6_sm.jpeg
Margarita Gose,Cigar City Brewing®,Sour - Fruited Gose,4.20%,3.5,3.551,https://untappd.com/b/cigar-city-brewing-margarita-gose/1982592,https://untappd.com/CigarCityBrewing,https://assets.untappd.com/site/beer_logos/beer-1982592_62554_sm.jpeg
Cold Snap,Samuel Adams,Wheat Beer - Witbier / Blanche,5.30%,3.5,3.49316,https://untappd.com/b/samuel-adams-cold-snap/444121,https://untappd.com/samadams,https://assets.untappd.com/site/beer_logos/beer-444121_92fc2_sm.jpeg
Matches the Drapes,Hoptimystic Brewing,Blonde / Golden Ale - Other,5.10%,3.75,3.6381,https://untappd.com/b/hoptimystic-brewing-matches-the-drapes/3831948,https://untappd.com/Hoptimystic_Brewing,https://assets.untappd.com/site/beer_logos/beer-3831948_eb7c8_sm.jpeg
Rooftop Stories,Fidens Brewing Co.,IPA - Imperial / Double New England / Hazy,8.50%,4.5,4.33628,https://untappd.com/b/fidens-brewing-co-rooftop-stories/4739763,https://untappd.com/FidensBrewingCo,https://assets.untappd.com/site/beer_logos/beer-4739763_bcd6b_sm.jpeg
Lush Double IPA,Frost Beer Works,IPA - Imperial / Double,8%,3.5,4.17023,https://untappd.com/b/frost-beer-works-lush-double-ipa/1347706,https://untappd.com/FrostBeerWorks,https://assets.untappd.com/site/beer_logos/beer-1347706_2a15d_sm.jpeg
Necessary Means,Fidens Brewing Co.,IPA - New England / Hazy,6.20%,4.5,4.25157,https://untappd.com/b/fidens-brewing-co-necessary-means/3451796,https://untappd.com/FidensBrewingCo,https://assets.untappd.com/site/beer_logos/beer-3451796_0f0a2_sm.jpeg
Abraxas,Perennial Artisan Ales,Stout - Imperial / Double,11.50%,3.75,4.39863,https://untappd.com/b/perennial-artisan-ales-abraxas/77322,https://untappd.com/perennialartisanales,https://assets.untappd.com/site/beer_logos/beer-77322_8a5b0_sm.jpeg
The Frais: Strata,de Garde Brewing,Wild Ale - American,5.50%,4,4.20858,https://untappd.com/b/de-garde-brewing-the-frais-strata/4001641,https://untappd.com/DeGardeBrewing,https://assets.untappd.com/site/brewery_logos/brewery-64039_65d26.jpeg
Uncle Pulpy,Kettlehead Brewing,IPA - Imperial / Double New England / Hazy,8.10%,4,4.10945,https://untappd.com/b/kettlehead-brewing-uncle-pulpy/4099845,https://untappd.com/Kettlehead_Brewing,https://assets.untappd.com/site/beer_logos/beer-4099845_c0a57_sm.jpeg
Drippin' on the Cheap,Aslin Beer Company,IPA - Imperial / Double,8.50%,2.25,4.0802,https://untappd.com/b/aslin-beer-company-drippin-on-the-cheap/3947774,https://untappd.com/AslinBeerCompany,https://assets.untappd.com/site/beer_logos/beer-3947774_13067_sm.jpeg
Dunley Place,Aslin Beer Company,IPA - Imperial / Double New England / Hazy,8%,2.5,4.09436,https://untappd.com/b/aslin-beer-company-dunley-place/1416335,https://untappd.com/AslinBeerCompany,https://assets.untappd.com/site/beer_logos/beer-1416335_5f133_sm.jpeg
Paulaner Hefe-Weißbier / Hefe-Weizen / Weissbier,Paulaner Brauerei,Wheat Beer - Hefeweizen,5.50%,4,3.67098,https://untappd.com/b/paulaner-brauerei-paulaner-hefe-weissbier-hefe-weizen-weissbier/15677,https://untappd.com/PaulanerGruppe,https://assets.untappd.com/site/beer_logos/beer-15677_e4b29_sm.jpeg
Jasper,Fidens Brewing Co.,IPA - Imperial / Double New England / Hazy,7.80%,4.5,4.39279,https://untappd.com/b/fidens-brewing-co-jasper/3465070,https://untappd.com/FidensBrewingCo,https://assets.untappd.com/site/beer_logos/beer-3465070_9c424_sm.jpeg
Double Secret Agent,Kettlehead Brewing,IPA - Imperial / Double New England / Hazy,9%,4,4.18555,https://untappd.com/b/kettlehead-brewing-double-secret-agent/3505264,https://untappd.com/Kettlehead_Brewing,https://assets.untappd.com/site/beer_logos/beer-3505264_b4512_sm.jpeg
The Agent,Kettlehead Brewing,IPA - New England / Hazy,7%,4,3.99087,https://untappd.com/b/kettlehead-brewing-the-agent/2357140,https://untappd.com/Kettlehead_Brewing,https://assets.untappd.com/site/beer_logos/beer-2357140_b241a_sm.jpeg
Jasper with Nelson,Fidens Brewing Co.,IPA - Imperial / Double New England / Hazy,7.90%,4.75,4.42082,https://untappd.com/b/fidens-brewing-co-jasper-with-nelson/3835048,https://untappd.com/FidensBrewingCo,https://assets.untappd.com/site/beer_logos/beer-3835048_b8560_sm.jpeg
The Vegan,Fidens Brewing Co.,IPA - Imperial / Double New England / Hazy,8.50%,4.5,4.42237,https://untappd.com/b/fidens-brewing-co-the-vegan/3812733,https://untappd.com/FidensBrewingCo,https://assets.untappd.com/site/beer_logos/beer-3812733_57540_sm.jpeg
Lily,Fidens Brewing Co.,IPA - Imperial / Double New England / Hazy,8.10%,4.25,4.4341,https://untappd.com/b/fidens-brewing-co-lily/4622716,https://untappd.com/FidensBrewingCo,https://assets.untappd.com/site/beer_logos/beer-4622716_14075_sm.jpeg
Rose,Fidens Brewing Co.,IPA - Imperial / Double New England / Hazy,8.20%,4.75,4.41011,https://untappd.com/b/fidens-brewing-co-rose/4166126,https://untappd.com/FidensBrewingCo,https://assets.untappd.com/site/beer_logos/beer-4166126_02cf5_sm.jpeg
Bombin' Still Poppin',Kettlehead Brewing,Sour - Berliner Weisse,5%,4,4.00887,https://untappd.com/b/kettlehead-brewing-bombin-still-poppin/2476907,https://untappd.com/Kettlehead_Brewing,https://assets.untappd.com/site/beer_logos/beer-2476907_35e61_sm.jpeg
El Dorado Falcon,Kettlehead Brewing,Pale Ale - New England / Hazy,6%,3.5,3.8416,https://untappd.com/b/kettlehead-brewing-el-dorado-falcon/2357978,https://untappd.com/Kettlehead_Brewing,https://assets.untappd.com/site/beer_logos/beer-2357978_67c58_sm.jpeg
Pulpy,Kettlehead Brewing,IPA - New England / Hazy,7%,3.75,4.02085,https://untappd.com/b/kettlehead-brewing-pulpy/3159306,https://untappd.com/Kettlehead_Brewing,https://assets.untappd.com/site/beer_logos/beer-3159306_2bf3f_sm.jpeg
Dreamstate,Kettlehead Brewing,IPA - Imperial / Double New England / Hazy,8%,4,4.09603,https://untappd.com/b/kettlehead-brewing-dreamstate/3791257,https://untappd.com/Kettlehead_Brewing,https://assets.untappd.com/site/beer_logos/beer-3791257_43dbb_sm.jpeg
Glacier,New Trail Brewing Co.,IPA - New England / Hazy,6.30%,3,3.86644,https://untappd.com/b/new-trail-brewing-co-glacier/5632866,https://untappd.com/NewTrailBrewingCo,https://assets.untappd.com/site/beer_logos/beer-5632866_d8cbc_sm.jpeg
Liquidity Event,Vault Brewing Company,IPA - Imperial / Double,8%,2.75,3.96665,https://untappd.com/b/vault-brewing-company-liquidity-event/3280426,https://untappd.com/VaultBrewing,https://assets.untappd.com/site/beer_logos/beer-3280426_25ab6_sm.jpeg
Midnight Still (2023),Holy Mountain Brewing,Stout - Imperial / Double,13%,4.75,4.42219,https://untappd.com/b/holy-mountain-brewing-midnight-still-2023/5583713,https://untappd.com/HolyMountainBrewing,https://assets.untappd.com/site/brewery_logos/brewery-161632_c21c8.jpeg
Barreling Towards Earth IPA,Cloudburst Brewing,IPA - American,6.90%,4,4.02481,https://untappd.com/b/cloudburst-brewing-barreling-towards-earth-ipa/4658719,https://untappd.com/CloudburstBrewing,https://assets.untappd.com/site/beer_logos/beer-4658719_974ee_sm.jpeg
I Smell Snow,Kings & Daughters Brewery,Pale Ale - American,4.80%,4,3.88125,https://untappd.com/b/kings-and-daughters-brewery-i-smell-snow/5624797,https://untappd.com/kingsanddaughters,https://assets.untappd.com/site/beer_logos/beer-5624797_00479_sm.jpeg
Cranksgiving '23,Groove Brewing,IPA - New England / Hazy,5.70%,3.75,3.98353,https://untappd.com/b/groove-brewing-cranksgiving-23/5610000,https://untappd.com/GrooveBrewing,https://assets.untappd.com/site/beer_logos/beer-5610000_2233e_sm.jpeg
Three Magic Letters,Hill Farmstead Brewery,IPA - American,6.20%,4.25,4.23754,https://untappd.com/b/hill-farmstead-brewery-three-magic-letters/2039108,https://untappd.com/HillFarmsteadBrewery,https://assets.untappd.com/site/beer_logos/beer-2039108_79b8c_sm.jpeg
Alien Church,Tired Hands Brewing Company,IPA - New England / Hazy,7%,3.5,4.18004,https://untappd.com/b/tired-hands-brewing-company-alien-church/588408,https://untappd.com/TiredHandsBrewingCompany,https://assets.untappd.com/site/beer_logos/beer-588408_dc951_sm.jpeg
Double Nelson,Hill Farmstead Brewery,IPA - Imperial / Double,8%,5,4.40292,https://untappd.com/b/hill-farmstead-brewery-double-nelson/1912930,https://untappd.com/HillFarmsteadBrewery,https://assets.untappd.com/site/beer_logos/beer-1912930_9d7cf_sm.jpeg
JV Frisbee Coach,Heliotrope Brewery,IPA - New England / Hazy,7.80%,4.25,4.05893,https://untappd.com/b/heliotrope-brewery-jv-frisbee-coach/5660924,https://untappd.com/HeliotropeBrewery,https://assets.untappd.com/site/brewery_logos/brewery-451361_dac98.jpeg
V﻿erdóname,River Roost Brewery,Wild Ale - Other,8.20%,4.25,4.12271,https://untappd.com/b/river-roost-brewery-v-erdoname/5412095,https://untappd.com/RiverRoostBrewery,https://assets.untappd.com/site/brewery_logos/brewery-250774_fd180.jpeg
Pretentious Hopper,Rekˈ·lis Brewing Company,IPA - New England / Hazy,7%,3.75,3.92326,https://untappd.com/b/rek-lis-brewing-company-pretentious-hopper/2745195,https://untappd.com/RekLisBrewingCompany,https://assets.untappd.com/site/beer_logos/beer-2745195_fe0a5_sm.jpeg
Dirty Bastard,Founders Brewing Co.,Scotch Ale / Wee Heavy,8.50%,3.75,3.7654,https://untappd.com/b/founders-brewing-co-dirty-bastard/1013,https://untappd.com/foundersbrewing,https://assets.untappd.com/site/beer_logos/beer-1013_1efd4_sm.jpeg
Shiner Bock,Spoetzl Brewery,Bock - Single / Traditional,4.40%,3.75,3.50509,https://untappd.com/b/spoetzl-brewery-shiner-bock/4488,https://untappd.com/SpoetzlBrewery,https://assets.untappd.com/site/beer_logos/beer-4488_53dbf_sm.jpeg
Tmavé Pivo,Port City Brewing,Lager - Tmavé (Czech Dark),4.30%,3.75,3.78785,https://untappd.com/b/port-city-brewing-tmave-pivo/3437102,https://untappd.com/portcitybrewing,https://assets.untappd.com/site/beer_logos/beer-3437102_4dd5a_sm.jpeg
Two Way Mirror,Bluejacket,Lager - Other,5%,3.5,3.83015,https://untappd.com/b/bluejacket-two-way-mirror/5547705,https://untappd.com/BluejacketDC,https://assets.untappd.com/site/beer_logos/beer-5547705_5d686_sm.jpeg
TSTF,Bluejacket,IPA - Imperial / Double New England / Hazy,8%,4,3.9043,https://untappd.com/b/bluejacket-tstf/4341966,https://untappd.com/BluejacketDC,https://assets.untappd.com/site/beer_logos/beer-4341966_5480c_sm.jpeg
Kia Ora,Tree House Brewing Company,Pale Ale - New Zealand,5.20%,4.5,4.05796,https://untappd.com/b/tree-house-brewing-company-kia-ora/5596392,https://untappd.com/treehousebrewco,https://assets.untappd.com/site/beer_logos/beer-5596392_323ce_sm.jpeg
Behind the Times,Tree House Brewing Company,Rauchbier,5.20%,4,4.01389,https://untappd.com/b/tree-house-brewing-company-behind-the-times/5006837,https://untappd.com/treehousebrewco,https://assets.untappd.com/site/beer_logos/beer-5006837_db28e_sm.jpeg
Very HHHazyyy,Tree House Brewing Company,IPA - Imperial / Double New England / Hazy,8.80%,4.5,4.58846,https://untappd.com/b/tree-house-brewing-company-very-hhhazyyy/4243910,https://untappd.com/treehousebrewco,https://assets.untappd.com/site/beer_logos/beer-4243910_8916e_sm.jpeg
Silver Fern,Tree House Brewing Company,IPA - Imperial / Double New England / Hazy,7.80%,4.5,4.40895,https://untappd.com/b/tree-house-brewing-company-silver-fern/5375734,https://untappd.com/treehousebrewco,https://assets.untappd.com/site/beer_logos/beer-5375734_3aed0_sm.jpeg
Green,Tree House Brewing Company,IPA - New England / Hazy,7.50%,4.5,4.41485,https://untappd.com/b/tree-house-brewing-company-green/533174,https://untappd.com/treehousebrewco,https://assets.untappd.com/site/beer_logos/beer-533174_199e5_sm.jpeg
Very Hazy,Tree House Brewing Company,IPA - Imperial / Double New England / Hazy,8.60%,4,4.58569,https://untappd.com/b/tree-house-brewing-company-very-hazy/885563,https://untappd.com/treehousebrewco,https://assets.untappd.com/site/beer_logos/beer-885563_1e891_sm.jpeg
Heady Topper,The Alchemist,IPA - Imperial / Double,8%,4.25,4.51694,https://untappd.com/b/the-alchemist-heady-topper/4691,https://untappd.com/Alchemist_Beer,https://assets.untappd.com/site/beer_logos/beer-4691_eb933_sm.jpeg
Little Sip,Lawson’s Finest Liquids,IPA - American,6.20%,3.75,3.95982,https://untappd.com/b/lawson-s-finest-liquids-little-sip/3832058,https://untappd.com/LawsonsFinestLiquids,https://assets.untappd.com/site/beer_logos/beer-3832058_03200_sm.jpeg
In Perpetuity,Tree House Brewing Company,IPA - New England / Hazy,6.70%,4.5,4.38083,https://untappd.com/b/tree-house-brewing-company-in-perpetuity/1230747,https://untappd.com/treehousebrewco,https://assets.untappd.com/site/beer_logos/beer-1230747_b445b_sm.jpeg
Rauch Tater Batch Two,Wheatland Spring Farm + Brewery,Rauchbier,6.90%,4,3.8589,https://untappd.com/b/wheatland-spring-farm-brewery-rauch-tater-batch-two/4820627,https://untappd.com/WheatlandSpringFarmBrewery,https://assets.untappd.com/site/beer_logos/beer-4820627_6ff4e_sm.jpeg
Dorothy,Hill Farmstead Brewery,Farmhouse Ale - Saison,7%,4.25,4.13988,https://untappd.com/b/hill-farmstead-brewery-dorothy/16434,https://untappd.com/HillFarmsteadBrewery,https://assets.untappd.com/site/beer_logos/beer-16434_9b5e8_sm.jpeg
Single Shot,Tree House Brewing Company,Stout - Milk / Sweet,6.40%,4.25,4.28121,https://untappd.com/b/tree-house-brewing-company-single-shot/1322232,https://untappd.com/treehousebrewco,https://assets.untappd.com/site/beer_logos/beer-1322232_cb17b_sm.jpeg
Nitro Stout,Lawson’s Finest Liquids,Stout - Irish Dry,5.40%,4.25,3.96425,https://untappd.com/b/lawson-s-finest-liquids-nitro-stout/5540602,https://untappd.com/LawsonsFinestLiquids,https://assets.untappd.com/site/beer_logos/beer-5540602_b7355_sm.jpeg
Belgian White,Blue Moon Brewing Company,Wheat Beer - Witbier / Blanche,5.40%,3.25,3.499,https://untappd.com/b/blue-moon-brewing-company-belgian-white/3839,https://untappd.com/BlueMoonBrewingCompany,https://assets.untappd.com/site/beer_logos/beer-3839_e7733_sm.jpeg
Thank You For Juicing!,Other Half Brewing Co.,IPA - Imperial / Double New England / Hazy,8%,4,4.26888,https://untappd.com/b/other-half-brewing-co-thank-you-for-juicing/4248005,https://untappd.com/OtherHalfBrewingCompany,https://assets.untappd.com/site/beer_logos/beer-4248005_21139_sm.jpeg
Spaten Oktoberfest Ur-Märzen / Winter,Spaten-Franziskaner-Löwenbräu-Gruppe,Märzen,5.90%,3.75,3.65536,https://untappd.com/b/spaten-franziskaner-lowenbrau-gruppe-spaten-oktoberfest-ur-marzen-winter/1547,https://untappd.com/w/spaten-franziskaner-lowenbrau-gruppe/1176,https://assets.untappd.com/site/beer_logos/beer-1547_92120_sm.jpeg
Spaten Münchner Hell / Premium Lager,Spaten-Franziskaner-Löwenbräu-Gruppe,Lager - Helles,5.20%,3.5,3.39338,https://untappd.com/b/spaten-franziskaner-lowenbrau-gruppe-spaten-munchner-hell-premium-lager/1633,https://untappd.com/w/spaten-franziskaner-lowenbrau-gruppe/1176,https://assets.untappd.com/site/beer_logos/beer-1633_b1e1e_sm.jpeg
Aecht Schlenkerla Rauchbier – Weizen,"Schlenkerla (""Heller-Bräu"" Trum)",Rauchbier,5.20%,4.25,3.53943,https://untappd.com/b/schlenkerla-heller-brau-trum-aecht-schlenkerla-rauchbier-weizen/472,https://untappd.com/Schlenkerla-Brewery,https://assets.untappd.com/site/beer_logos/beer-472_0f0eb_sm.jpeg
Juice Lovers,Other Half Brewing Co.,IPA - Imperial / Double New England / Hazy,8.20%,4.25,4.24489,https://untappd.com/b/other-half-brewing-co-juice-lovers/4167696,https://untappd.com/OtherHalfBrewingCompany,https://assets.untappd.com/site/beer_logos/beer-4167696_3e614_sm.jpeg
Double Citra Daydream,Other Half Brewing Co.,IPA - Imperial / Double New England / Hazy,8.50%,4.5,4.41199,https://untappd.com/b/other-half-brewing-co-double-citra-daydream/2310360,https://untappd.com/OtherHalfBrewingCompany,https://assets.untappd.com/site/beer_logos/beer-2310360_88962_sm.jpeg
Citra + Nectaron,Other Half Brewing Co.,IPA - Imperial / Double New England / Hazy,8.50%,4.25,4.26635,https://untappd.com/b/other-half-brewing-co-citra-nectaron/5040864,https://untappd.com/OtherHalfBrewingCompany,https://assets.untappd.com/site/beer_logos/beer-5040864_d76a0_sm.jpeg
Pliny the Elder,Russian River Brewing Company,IPA - Imperial / Double,8%,4.25,4.48796,https://untappd.com/b/russian-river-brewing-company-pliny-the-elder/4499,https://untappd.com/RussianRiverBrewingCompany,https://assets.untappd.com/site/beer_logos/beer-4499_ddce0_sm.jpeg
Lodestar (Batch 4),Freak Folk Bier,Farmhouse Ale - Saison,6%,4,4.33242,https://untappd.com/b/freak-folk-bier-lodestar-batch-4/5243338,https://untappd.com/FreakFolkBier,https://assets.untappd.com/site/brewery_logos/brewery-440710_28bc7.jpeg
Forever Ever,Other Half Brewing Co.,IPA - Session New England / Hazy,4.70%,3.75,3.93933,https://untappd.com/b/other-half-brewing-co-forever-ever/978286,https://untappd.com/OtherHalfBrewingCompany,https://assets.untappd.com/site/beer_logos/beer-978286_43899_sm.jpeg
KBS,Founders Brewing Co.,Stout - Imperial / Double Coffee,12%,4.5,4.36823,https://untappd.com/b/founders-brewing-co-kbs/9681,https://untappd.com/foundersbrewing,https://assets.untappd.com/site/beer_logos/beer-9681_dbf2b_sm.jpeg
High Life,Miller Brewing Company,Lager - American,4.60%,3.25,2.76917,https://untappd.com/b/miller-brewing-company-high-life/3778,https://untappd.com/millercoors,https://assets.untappd.com/site/beer_logos/beer-3778_ae50e_sm.jpeg
Raised by Wolves,Right Proper Brewing Company,Pale Ale - American,5%,3.75,3.6587,https://untappd.com/b/right-proper-brewing-company-raised-by-wolves/523732,https://untappd.com/RightProperBrewingCo,https://assets.untappd.com/site/beer_logos/beer-523732_e1a15_sm.jpeg
Mergence III,The Veil Brewing Co.,Farmhouse Ale - Saison,6.30%,4.25,4.20016,https://untappd.com/b/the-veil-brewing-co-mergence-iii/2950860,https://untappd.com/TheVeilBrewingCo,https://assets.untappd.com/site/beer_logos/beer-2950860_ce288_sm.jpeg
A Million Ways To Anywhere,Belleflower Brewing,IPA - Imperial / Double,8.50%,3.25,3.90057,https://untappd.com/b/belleflower-brewing-a-million-ways-to-anywhere/5522849,https://untappd.com/BelleflowerBrewing,https://assets.untappd.com/site/beer_logos/beer-5522849_d6730_sm.jpeg
Above the Trees 2023,Deciduous Brewing Company,IPA - Imperial / Double New England / Hazy,8%,3.75,4.27415,https://untappd.com/b/deciduous-brewing-company-above-the-trees-2023/5542185,https://untappd.com/Deciduous_Brewing,https://assets.untappd.com/site/beer_logos/beer-5542185_55f11_sm.jpeg
Hansel & Kettle,Three Notch’d Brewing Company,Märzen,8%,3.25,3.72394,https://untappd.com/b/three-notch-d-brewing-company-hansel-and-kettle/455343,https://untappd.com/ThreeNotchdBrewing,https://assets.untappd.com/site/beer_logos/beer-455343_eb9f7_sm.jpeg
Li’l Wit,Right Proper Brewing Company,Wheat Beer - Witbier / Blanche,5%,3.5,3.58819,https://untappd.com/b/right-proper-brewing-company-li-l-wit/3502732,https://untappd.com/RightProperBrewingCo,https://assets.untappd.com/site/beer_logos/beer-3502732_e22f2_sm.jpeg
Flipside,Sierra Nevada Brewing Co.,IPA - Red,6.20%,3.5,3.59988,https://untappd.com/b/sierra-nevada-brewing-co-flipside/1027618,https://untappd.com/SierraNevada,https://assets.untappd.com/site/beer_logos/beer-1027618_1e1e1_sm.jpeg
Hill House,Bluejacket,Märzen,6.50%,3.5,3.72159,https://untappd.com/b/bluejacket-hill-house/2359727,https://untappd.com/BluejacketDC,https://assets.untappd.com/site/beer_logos/beer-2359727_b92ce_sm.jpeg
For the Company,Bluejacket,Lager - Helles,5.20%,3.75,3.64668,https://untappd.com/b/bluejacket-for-the-company/2281925,https://untappd.com/BluejacketDC,https://assets.untappd.com/site/beer_logos/beer-2281925_d080f_sm.jpeg
Exotic Talk,Bluejacket,IPA - New England / Hazy,7%,3.75,3.87834,https://untappd.com/b/bluejacket-exotic-talk/4266029,https://untappd.com/BluejacketDC,https://assets.untappd.com/site/beer_logos/beer-4266029_bdf6f_sm.jpeg
Toodle,Brewery Saint X,Smoked Beer,5%,3.75,3.76652,https://untappd.com/b/brewery-saint-x-toodle/5352808,https://untappd.com/Brewery_Saint_X,https://assets.untappd.com/site/beer_logos/beer-5352808_d0097_sm.jpeg
Octoberfest,Samuel Adams,Märzen,5.30%,3.5,3.61285,https://untappd.com/b/samuel-adams-octoberfest/3942,https://untappd.com/samadams,https://assets.untappd.com/site/beer_logos/beer-3942_bd2f3_sm.jpeg
Thursday (2023),Cycle Brewing Company,Stout - Imperial / Double Coffee,12.50%,4.25,4.21132,https://untappd.com/b/cycle-brewing-company-thursday-2023/5249828,https://untappd.com/CycleBrewingCompany,https://assets.untappd.com/site/beer_logos/beer-5249828_042b7_sm.jpeg
Never Never Calm Calm,The Veil Brewing Co.,Sour - Fruited Gose,5.10%,4.25,4.32153,https://untappd.com/b/the-veil-brewing-co-never-never-calm-calm/2862232,https://untappd.com/TheVeilBrewingCo,https://assets.untappd.com/site/beer_logos/beer-2862232_dba85_sm.jpeg
whiteferrari,The Veil Brewing Co.,IPA - Imperial / Double New England / Hazy,8%,4,4.25427,https://untappd.com/b/the-veil-brewing-co-whiteferrari/1802264,https://untappd.com/TheVeilBrewingCo,https://assets.untappd.com/site/beer_logos/beer-1802264_e269b_sm.jpeg
Galaxy Scaled,Trillium Brewing Company,IPA - New England / Hazy,7%,3.75,4.27133,https://untappd.com/b/trillium-brewing-company-galaxy-scaled/5495044,https://untappd.com/TrilliumBrewing,https://assets.untappd.com/site/beer_logos/beer-5495044_02181_sm.jpeg
Fort Point,Trillium Brewing Company,IPA - New England / Hazy,6.60%,4.5,4.1957,https://untappd.com/b/trillium-brewing-company-fort-point/361171,https://untappd.com/TrilliumBrewing,https://assets.untappd.com/site/beer_logos/beer-361171_f6641_sm.jpeg
Headroom,Trillium Brewing Company,IPA - Imperial / Double New England / Hazy,8%,3.25,4.51407,https://untappd.com/b/trillium-brewing-company-headroom/1206351,https://untappd.com/TrilliumBrewing,https://assets.untappd.com/site/beer_logos/beer-1206351_7a9ec_sm.jpeg
Tahitian Hazelnut Mochachinno,Commonwealth Brewing Company,Stout - Imperial / Double Pastry,14.60%,4,4.32869,https://untappd.com/b/commonwealth-brewing-company-tahitian-hazelnut-mochachinno/4391238,https://untappd.com/CommonwealthBrewingCompany,https://assets.untappd.com/site/beer_logos/beer-4391238_23ff9_sm.jpeg
Hemingway,Commonwealth Brewing Company,Sour - Fruited Gose,5.50%,4,3.99307,https://untappd.com/b/commonwealth-brewing-company-hemingway/3449533,https://untappd.com/CommonwealthBrewingCompany,https://assets.untappd.com/site/beer_logos/beer-3449533_b7b48_sm.jpeg
Anchor Steam Beer,Anchor Brewing Company,California Common,4.90%,3.25,3.49147,https://untappd.com/b/anchor-brewing-company-anchor-steam-beer/6204,https://untappd.com/anchorbrewing,https://assets.untappd.com/site/beer_logos/beer-6204_546f6_sm.jpeg
Juice Never Sleeps,Cellarmaker Brewing Company,IPA - New England / Hazy,7%,3.75,4.10571,https://untappd.com/b/cellarmaker-brewing-company-juice-never-sleeps/4980715,https://untappd.com/CellarmakerBrewing,https://assets.untappd.com/site/beer_logos/beer-4980715_4dffa_sm.jpeg
Double Dobis,Cellarmaker Brewing Company,IPA - Imperial / Double,8.20%,4,4.23224,https://untappd.com/b/cellarmaker-brewing-company-double-dobis/840252,https://untappd.com/CellarmakerBrewing,https://assets.untappd.com/site/beer_logos/beer-840252_ccb46_sm.jpeg
Acheron,Ghost Town Brewing,IPA - New England / Hazy,6.30%,3.75,4.01211,https://untappd.com/b/ghost-town-brewing-acheron/4401716,https://untappd.com/ghosttownbrewing,https://assets.untappd.com/site/beer_logos/beer-4401716_f7b00_sm.jpeg
Sonic Bloom,Otherwise Brewing,IPA - New England / Hazy,6.50%,3.25,3.53634,https://untappd.com/b/otherwise-brewing-sonic-bloom/4185608,https://untappd.com/OtherwiseBrewing,https://assets.untappd.com/site/brewery_logos/brewery-489581_a9d82.jpeg
Solera Saison,Cellarmaker Brewing Company,Sour - Fruited,6%,4.5,4.27692,https://untappd.com/b/cellarmaker-brewing-company-solera-saison/2948348,https://untappd.com/CellarmakerBrewing,https://assets.untappd.com/site/brewery_logos/brewery-82753_b6ced.jpeg
Pabst Blue Ribbon,Pabst Brewing Company,Lager - American,4.70%,3.75,2.85716,https://untappd.com/b/pabst-brewing-company-pabst-blue-ribbon/3883,https://untappd.com/PabstBrewingCompany,https://assets.untappd.com/site/beer_logos/beer-3883_a0aa4_sm.jpeg
Bodem,Half Acre Beer Company,IPA - American,6.70%,3,3.90245,https://untappd.com/b/half-acre-beer-company-bodem/3195565,https://untappd.com/halfacrebeer,https://assets.untappd.com/site/beer_logos/beer-3195565_14f42_sm.jpeg
Assess the Situation,Original Pattern Brewing Company,IPA - New England / Hazy,6.80%,4,4.03522,https://untappd.com/b/original-pattern-brewing-company-assess-the-situation/4069909,https://untappd.com/OriginalPattern,https://assets.untappd.com/site/beer_logos/beer-4069909_3700c_sm.jpeg
Fireworks,Bluejacket,Wheat Beer - Hefeweizen,5.60%,4,3.6666,https://untappd.com/b/bluejacket-fireworks/3903029,https://untappd.com/BluejacketDC,https://assets.untappd.com/site/beer_logos/beer-3903029_ee0bb_sm.jpeg
Time Bandit,Bluejacket,IPA - Imperial / Double New England / Hazy,8%,3.25,3.83061,https://untappd.com/b/bluejacket-time-bandit/4266044,https://untappd.com/BluejacketDC,https://assets.untappd.com/site/beer_logos/beer-4266044_38837_sm.jpeg
The Jam (2019+),Bluejacket,Sour - Fruited,4%,3.75,4.0023,https://untappd.com/b/bluejacket-the-jam-2019/3228884,https://untappd.com/BluejacketDC,https://assets.untappd.com/site/beer_logos/beer-3228884_7a532_sm.jpeg
Servus,Wheatland Spring Farm + Brewery,Lager - Helles,4.80%,3.75,3.91983,https://untappd.com/b/wheatland-spring-farm-brewery-servus/3422024,https://untappd.com/WheatlandSpringFarmBrewery,https://assets.untappd.com/site/beer_logos/beer-3422024_888a3_sm.jpeg
Dwell (Batch 1),The Veil Brewing Co.,Lager - American Light,5%,4.75,4.11749,https://untappd.com/b/the-veil-brewing-co-dwell-batch-1/2873276,https://untappd.com/TheVeilBrewingCo,https://assets.untappd.com/site/beer_logos/beer-2873276_3c395_sm.jpeg
Cult of Billy,Freak Folk Bier,IPA - Imperial / Double New England / Hazy,8.50%,4.25,4.30045,https://untappd.com/b/freak-folk-bier-cult-of-billy/4992603,https://untappd.com/FreakFolkBier,https://assets.untappd.com/site/brewery_logos/brewery-440710_28bc7.jpeg
Supreme Giant Step DDH IPA,CRAK Brewery,IPA - New England / Hazy,7.50%,3.75,4.03645,https://untappd.com/b/crak-brewery-supreme-giant-step-ddh-ipa/4619964,https://untappd.com/crakrewery,https://assets.untappd.com/site/beer_logos/beer-4619964_9415d_sm.jpeg
Mundaka,CRAK Brewery,IPA - Session,4.60%,4,3.61948,https://untappd.com/b/crak-brewery-mundaka/1510032,https://untappd.com/crakrewery,https://assets.untappd.com/site/beer_logos/beer-1510032_77ae0_sm.jpeg
Guerrilla®,CRAK Brewery,IPA - American,5.80%,3.75,3.7167,https://untappd.com/b/crak-brewery-guerrilla/960836,https://untappd.com/crakrewery,https://assets.untappd.com/site/beer_logos/beer-960836_cec99_sm.jpeg
Birra Messina Cristalli di Sale,Heineken Italia,Lager - Pale,5%,4.25,3.21295,https://untappd.com/b/heineken-italia-birra-messina-cristalli-di-sale/3136444,https://untappd.com/w/heineken-italia/2754,https://assets.untappd.com/site/beer_logos/beer-3136444_8974c_sm.jpeg
Ichnusa Anima Sarda,Ichnusa,Lager - Pale,4.70%,3.75,3.0148,https://untappd.com/b/ichnusa-ichnusa-anima-sarda/32023,https://untappd.com/w/ichnusa/8356,https://assets.untappd.com/site/beer_logos/beer-32023_3650d_sm.jpeg
Birra Moretti L'Autentica / Ricetta Originale,Birra Moretti,Lager - Pale,4.60%,4,3.20038,https://untappd.com/b/birra-moretti-birra-moretti-l-autentica-ricetta-originale/6347,https://untappd.com/w/birra-moretti/127,https://assets.untappd.com/site/beer_logos/beer-6347_a13ce_sm.jpeg
Mango Split,Ritual Lab,IPA - Imperial / Double New England / Hazy,8%,3.5,3.79862,https://untappd.com/b/ritual-lab-mango-split/1966891,https://untappd.com/RitualLab,https://assets.untappd.com/site/beer_logos/beer-1966891_761fd_sm.jpeg
Fruit Salada,Birrificio Artigianale Lariano,Sour - Fruited Gose,5%,2,3.38828,https://untappd.com/b/birrificio-artigianale-lariano-fruit-salada/5064861,https://untappd.com/w/birrificio-artigianale-lariano/18682,https://assets.untappd.com/site/beer_logos/beer-5064861_610c1_sm.jpeg
MITZI SESSION IPA,TEKTONIK,IPA - Session,4.50%,2.75,3.50793,https://untappd.com/b/tektonik-mitzi-session-ipa/3538070,https://untappd.com/TektonikCraftBrewery,https://assets.untappd.com/site/beer_logos/beer-3538070_c211d_sm.jpeg
Novy,Maister Brewery,IPA - New England / Hazy,5%,3,3.5818,https://untappd.com/b/maister-brewery-novy/3938525,https://untappd.com/MaisterBrewery,https://assets.untappd.com/site/beer_logos/beer-3938525_5ef7a_sm.jpeg
FAT LADY,TEKTONIK,Pale Ale - New England / Hazy,5%,3.75,3.63136,https://untappd.com/b/tektonik-fat-lady/4900629,https://untappd.com/TektonikCraftBrewery,https://assets.untappd.com/site/beer_logos/beer-4900629_ae777_sm.jpeg
Cashmere NEIPA,Green Gold Brewing,IPA - New England / Hazy,6%,3,3.696,https://untappd.com/b/green-gold-brewing-cashmere-neipa/2576544,https://untappd.com/GreenGoldBrewing,https://assets.untappd.com/site/beer_logos/beer-2576544_b64c7_sm.jpeg
Critique of Pure Reason,Heliotrope Brewery,Belgian Strong Dark Ale,9%,3.5,4.00833,https://untappd.com/b/heliotrope-brewery-critique-of-pure-reason/5384785,https://untappd.com/HeliotropeBrewery,https://assets.untappd.com/site/brewery_logos/brewery-451361_dac98.jpeg
Green City (Non-DDH),Other Half Brewing Co.,IPA - New England / Hazy,7%,3.75,4.11697,https://untappd.com/b/other-half-brewing-co-green-city-non-ddh/2442669,https://untappd.com/OtherHalfBrewingCompany,https://assets.untappd.com/site/beer_logos/beer-2442669_edf24_sm.jpeg
Double Dry Hop King Sue,Toppling Goliath Brewing Co.,IPA - Imperial / Double New England / Hazy,7.80%,4.25,4.38055,https://untappd.com/b/toppling-goliath-brewing-co-double-dry-hop-king-sue/3543874,https://untappd.com/topplinggoliathbrewing,https://assets.untappd.com/site/beer_logos/beer-3543874_924c8_sm.jpeg
Bellefire,Four Quarters Brewing,Bock - Hell / Maibock / Lentebock,8%,3.75,3.89251,https://untappd.com/b/four-quarters-brewing-bellefire/4293409,https://untappd.com/FourQuartersBrewing,https://assets.untappd.com/site/brewery_logos/brewery-115672_bee0b.jpeg
Society & Solitude #10,Hill Farmstead Brewery,IPA - Imperial / Double,8%,4.25,4.38067,https://untappd.com/b/hill-farmstead-brewery-society-and-solitude-10/2087476,https://untappd.com/HillFarmsteadBrewery,https://assets.untappd.com/site/beer_logos/beer-2087476_2c905_sm.jpeg
Florence,Hill Farmstead Brewery,Farmhouse Ale - Saison,5.20%,4.5,4.22395,https://untappd.com/b/hill-farmstead-brewery-florence/45654,https://untappd.com/HillFarmsteadBrewery,https://assets.untappd.com/site/beer_logos/beer-45654_deec0_sm.jpeg
Phenology,Four Quarters Brewing,Wild Ale - American,4.50%,4.25,4.00857,https://untappd.com/b/four-quarters-brewing-phenology/4357480,https://untappd.com/FourQuartersBrewing,https://assets.untappd.com/site/brewery_logos/brewery-115672_bee0b.jpeg
Strictly Business,Modestman Brewing,IPA - Imperial / Double New England / Hazy,8.50%,3.75,4.21227,https://untappd.com/b/modestman-brewing-strictly-business/4585791,https://untappd.com/Modestman_Brewing,https://assets.untappd.com/site/beer_logos/beer-4585791_f41dd_sm.jpeg
Hazy Rays,Lawson’s Finest Liquids,IPA - New England / Hazy,5.30%,4,3.8058,https://untappd.com/b/lawson-s-finest-liquids-hazy-rays/5227064,https://untappd.com/LawsonsFinestLiquids,https://assets.untappd.com/site/beer_logos/beer-5227064_67a64_sm.jpeg
Alien Observer,Foam Brewers,Sour - Fruited Gose,5%,4,3.93355,https://untappd.com/b/foam-brewers-alien-observer/3849797,https://untappd.com/FoamBrewers,https://assets.untappd.com/site/beer_logos/beer-3849797_f3713_sm.jpeg
Colossal TWO,Port City Brewing,Porter - Smoked,9%,4.75,3.95584,https://untappd.com/b/port-city-brewing-colossal-two/5220716,https://untappd.com/portcitybrewing,https://assets.untappd.com/site/beer_logos/beer-5220716_bcfe0_sm.jpeg
Farm Chores,Wheatland Spring Farm + Brewery,Blonde / Golden Ale - Other,4.20%,3.5,3.95774,https://untappd.com/b/wheatland-spring-farm-brewery-farm-chores/3512399,https://untappd.com/WheatlandSpringFarmBrewery,https://assets.untappd.com/site/beer_logos/beer-3512399_81f78_sm.jpeg
Lunch,Maine Beer Company,IPA - American,7%,4,4.15429,https://untappd.com/b/maine-beer-company-lunch/49892,https://untappd.com/mainebeercompany,https://assets.untappd.com/site/beer_logos/beer-49892_3f025_sm.jpeg
Robot Cowboy,Stable Craft Brewing,IPA - New England / Hazy,7%,3.25,3.80406,https://untappd.com/b/stable-craft-brewing-robot-cowboy/3753087,https://untappd.com/StableCraftBrewing,https://assets.untappd.com/site/brewery_logos/brewery-263522_04e50.jpeg
Ouija Board Boyfriend,Heliotrope Brewery,IPA - New England / Hazy,6%,4,3.87969,https://untappd.com/b/heliotrope-brewery-ouija-board-boyfriend/3575357,https://untappd.com/HeliotropeBrewery,https://assets.untappd.com/site/brewery_logos/brewery-451361_dac98.jpeg
Mythos,Olympic Brewery,Lager - Pale,5%,3.5,3.10452,https://untappd.com/b/olympic-brewery-mythos/5650,https://untappd.com/w/olympic-brewery/3539,https://assets.untappd.com/site/beer_logos/beer-5650_95ff0_sm.jpeg
Almaza Pilsener,Brasserie Almaza,Pilsner - Other,4.20%,3.5,2.99207,https://untappd.com/b/brasserie-almaza-almaza-pilsener/8484,https://untappd.com/w/brasserie-almaza/2300,https://assets.untappd.com/site/beer_logos/beer-AlmazaPilsener_8484.jpeg
Known & Loved (2023),Bluejacket,Pale Ale - New England / Hazy,5.20%,4,3.75254,https://untappd.com/b/bluejacket-known-and-loved-2023/5305995,https://untappd.com/BluejacketDC,https://assets.untappd.com/site/beer_logos/beer-5305995_797f2_sm.jpeg
Cheat Day,Solace Brewing Company,IPA - New England / Hazy,6.70%,4,3.87253,https://untappd.com/b/solace-brewing-company-cheat-day/3022772,https://untappd.com/SolaceBrewingCompany,https://assets.untappd.com/site/brewery_logos/brewery-340371_72fe1.jpeg
The Tetherball Incident,Heliotrope Brewery,IPA - New England / Hazy,7.10%,4,4.02174,https://untappd.com/b/heliotrope-brewery-the-tetherball-incident/5265364,https://untappd.com/HeliotropeBrewery,https://assets.untappd.com/site/brewery_logos/brewery-451361_dac98.jpeg
Take-A-Day IPA,Samuel Adams,IPA - American,6%,2.75,3.53946,https://untappd.com/b/samuel-adams-take-a-day-ipa/5275157,https://untappd.com/samadams,https://assets.untappd.com/site/beer_logos/beer-5275157_c3978_sm.jpeg
Summer Adventure Lager,Samuel Adams,Lager - Pale,4.50%,3,3.47131,https://untappd.com/b/samuel-adams-summer-adventure-lager/5275124,https://untappd.com/samadams,https://assets.untappd.com/site/beer_logos/beer-5275124_c5f7c_sm.jpeg
National Bohemian,Pabst Brewing Company,Lager - American,4.50%,3.75,3.01735,https://untappd.com/b/pabst-brewing-company-national-bohemian/5905,https://untappd.com/PabstBrewingCompany,https://assets.untappd.com/site/beer_logos/beer-5905_c0c11_sm.jpeg
Old Time Lager,The Hopfheiser Brewing Company,Lager - American,4%,3.25,3.37528,https://untappd.com/b/the-hopfheiser-brewing-company-old-time-lager/4784176,https://untappd.com/HopfheiserBrewingCompany,https://assets.untappd.com/site/beer_logos/beer-4784176_d0131_sm.jpeg
Pop Crimes,Foam Brewers,IPA - Triple New England / Hazy,10%,4,4.29053,https://untappd.com/b/foam-brewers-pop-crimes/3464055,https://untappd.com/FoamBrewers,https://assets.untappd.com/site/beer_logos/beer-3464055_a861c_sm.jpeg
Juicy Magic Juicy IPA,Devils Backbone Brewing Company,IPA - American,7%,3.5,3.68424,https://untappd.com/b/devils-backbone-brewing-company-juicy-magic-juicy-ipa/3463265,https://untappd.com/devilsbackbonebeers,https://assets.untappd.com/site/beer_logos/beer-3463265_738e1_sm.jpeg
Pavement,Foam Brewers,IPA - Imperial / Double New England / Hazy,8.20%,3.75,4.23068,https://untappd.com/b/foam-brewers-pavement/1633914,https://untappd.com/FoamBrewers,https://assets.untappd.com/site/beer_logos/beer-1633914_e29d5_sm.jpeg
Rhythm of the Night (Batch 8),River Roost Brewery,Stout - Imperial / Double,10.80%,4,4.28494,https://untappd.com/b/river-roost-brewery-rhythm-of-the-night-batch-8/5172627,https://untappd.com/RiverRoostBrewery,https://assets.untappd.com/site/brewery_logos/brewery-250774_fd180.jpeg
Fiddlehead IPA,Fiddlehead Brewing Company,IPA - American,6.20%,4.5,3.88728,https://untappd.com/b/fiddlehead-brewing-company-fiddlehead-ipa/96969,https://untappd.com/fiddlehead,https://assets.untappd.com/site/beer_logos/beer-96969_c6e8c_sm.jpeg
Focal Banger,The Alchemist,IPA - American,7%,4.5,4.39357,https://untappd.com/b/the-alchemist-focal-banger/45458,https://untappd.com/Alchemist_Beer,https://assets.untappd.com/site/beer_logos/beer-45458_e3a3c_sm.jpeg
Saison du Row,Trillium Brewing Company,Farmhouse Ale - Saison,7%,3.5,3.97888,https://untappd.com/b/trillium-brewing-company-saison-du-row/3785868,https://untappd.com/TrilliumBrewing,https://assets.untappd.com/site/beer_logos/beer-3785868_bbe8c_sm.jpeg
Built To Spill,Foam Brewers,IPA - Imperial / Double New England / Hazy,8%,3.75,4.16954,https://untappd.com/b/foam-brewers-built-to-spill/1529330,https://untappd.com/FoamBrewers,https://assets.untappd.com/site/beer_logos/beer-1529330_536fc_sm.jpeg
Haze Series Batch #4,T.F. Brewing - Templin Family,IPA - Imperial / Double New England / Hazy,7.44%,3.5,4.23754,https://untappd.com/b/t-f-brewing-templin-family-haze-series-batch-4/4447207,https://untappd.com/TemplinFamilyBrewing,https://assets.untappd.com/site/brewery_logos/brewery-410388_b024b.jpeg
Protect Ya Neckta,T.F. Brewing - Templin Family,IPA - Imperial / Double New England / Hazy,8.80%,3.25,4.33366,https://untappd.com/b/t-f-brewing-templin-family-protect-ya-neckta/5220961,https://untappd.com/TemplinFamilyBrewing,https://assets.untappd.com/site/brewery_logos/brewery-410388_b024b.jpeg
Citralush New England IPA,Epic Brewing Company,IPA - New England / Hazy,7%,3.25,3.835,https://untappd.com/b/epic-brewing-company-citralush-new-england-ipa/2009545,https://untappd.com/EpicBrewingCo,https://assets.untappd.com/site/beer_logos/beer-2009545_61f4d_sm.jpeg
Hommel Bier,Perennial Artisan Ales,Pale Ale - Belgian,5%,3.75,3.55997,https://untappd.com/b/perennial-artisan-ales-hommel-bier/48335,https://untappd.com/perennialartisanales,https://assets.untappd.com/site/beer_logos/beer-48335_e5387_sm.jpeg
Brother Soigné,Grassroots Brewing,Farmhouse Ale - Saison,5%,4.25,4.24035,https://untappd.com/b/grassroots-brewing-brother-soigne/361211,https://untappd.com/GrassrootsBrewing,https://assets.untappd.com/site/beer_logos/beer-_361211_sm_ec8a180a3b612ea7e73e444889e757.jpeg
Harlan,Hill Farmstead Brewery,IPA - American,6%,4.25,4.22672,https://untappd.com/b/hill-farmstead-brewery-harlan/31339,https://untappd.com/HillFarmsteadBrewery,https://assets.untappd.com/site/beer_logos/beer-31339_2d7ec_sm.jpeg
Leffe Blonde / Blond,Abbaye de Leffe,Belgian Blonde,6.60%,4,3.58359,https://untappd.com/b/abbaye-de-leffe-leffe-blonde-blond/5940,https://untappd.com/w/abbaye-de-leffe/5,https://assets.untappd.com/site/beer_logos/beer-5940_9118b_sm.jpeg
Puny Partridge,Trillium Brewing Company,Pale Ale - New England / Hazy,5%,4,3.91373,https://untappd.com/b/trillium-brewing-company-puny-partridge/2449923,https://untappd.com/TrilliumBrewing,https://assets.untappd.com/site/beer_logos/beer-2449923_a813c_sm.jpeg
Ever Haze,Tripping Animals Brewing Co.,IPA - New England / Hazy,7%,3.5,3.96602,https://untappd.com/b/tripping-animals-brewing-co-ever-haze/3683004,https://untappd.com/TrippingAnimalsBrewing,https://assets.untappd.com/site/beer_logos/beer-3683004_c30c5_sm.jpeg
Presidente,Cervecería Nacional Dominicana,Pilsner - Other,5%,3.75,3.03553,https://untappd.com/b/cerveceria-nacional-dominicana-presidente/7057,https://untappd.com/CerveceriaNacionalDominicana,https://assets.untappd.com/site/beer_logos/beer-7057_46c43_sm.jpeg
Cello Slushhhhh,Ology Brewing Co,Sour - Fruited Berliner Weisse,6%,4,3.94003,https://untappd.com/b/ology-brewing-co-cello-slushhhhh/5028703,https://untappd.com/OlogyBrewing,https://assets.untappd.com/site/beer_logos/beer-5028703_6ddbe_sm.jpeg
Make You Feel,The Veil Brewing Co.,Farmhouse Ale - Saison,5.90%,4.25,4.23785,https://untappd.com/b/the-veil-brewing-co-make-you-feel/2465964,https://untappd.com/TheVeilBrewingCo,https://assets.untappd.com/site/beer_logos/beer-2465964_d3bc1_sm.jpeg
Lichtenhainer Ritterguts Weisse,Ritterguts Gose,Historical Beer - Lichtenhainer,4.30%,3.75,3.41793,https://untappd.com/b/ritterguts-gose-lichtenhainer-ritterguts-weisse/4749264,https://untappd.com/RittergutsGose,https://assets.untappd.com/site/beer_logos/beer-4749264_9ac5c_sm.jpeg
La Fin du Monde,Unibroue,Belgian Tripel,9%,3.5,3.95356,https://untappd.com/b/unibroue-la-fin-du-monde/6988,https://untappd.com/Unibroue,https://assets.untappd.com/site/beer_logos/beer-6988_33a0b_sm.jpeg
Motueka Single Hop Pale Ale,Hill Farmstead Brewery,Pale Ale - American,5.20%,4.25,4.0951,https://untappd.com/b/hill-farmstead-brewery-motueka-single-hop-pale-ale/58730,https://untappd.com/HillFarmsteadBrewery,https://assets.untappd.com/site/beer_logos/beer-58730_8fc67_sm.jpeg
Coffee Vienna Lager,Devils Backbone Brewing Company,Lager - Vienna,5.20%,3.25,3.54171,https://untappd.com/b/devils-backbone-brewing-company-coffee-vienna-lager/3944818,https://untappd.com/devilsbackbonebeers,https://assets.untappd.com/site/beer_logos/beer-3944818_618ad_sm.jpeg
"Hello, Hello",River Roost Brewery,IPA - Imperial / Double New England / Hazy,8.20%,3.75,4.19361,https://untappd.com/b/river-roost-brewery-hello-hello/3221909,https://untappd.com/RiverRoostBrewery,https://assets.untappd.com/site/brewery_logos/brewery-250774_fd180.jpeg
Crown Vic,Remnant Brewing,Pale Ale - American,5.90%,3.75,3.83633,https://untappd.com/b/remnant-brewing-crown-vic/2884603,https://untappd.com/Remnant_Brewing,https://assets.untappd.com/site/beer_logos/beer-2884603_47776_sm.jpeg
"Daily Serving: Calamansi, Orange, Tangerine, Mandarin",Trillium Brewing Company,Sour - Fruited Berliner Weisse,4.20%,4.25,4.18989,https://untappd.com/b/trillium-brewing-company-daily-serving-calamansi-orange-tangerine-mandarin/4854840,https://untappd.com/TrilliumBrewing,https://assets.untappd.com/site/beer_logos/beer-4854840_21c6d_sm.jpeg
Hang Time IPA,Remnant Brewing,IPA - New England / Hazy,6.50%,4,3.95694,https://untappd.com/b/remnant-brewing-hang-time-ipa/3361015,https://untappd.com/Remnant_Brewing,https://assets.untappd.com/site/beer_logos/beer-3361015_cc893_sm.jpeg
Congress Street,Trillium Brewing Company,IPA - New England / Hazy,7.20%,4.25,4.24741,https://untappd.com/b/trillium-brewing-company-congress-street/467174,https://untappd.com/TrilliumBrewing,https://assets.untappd.com/site/beer_logos/beer-467174_84d9e_sm.jpeg
Glimmen,Schilling Beer Co.,Lager - Smoked,5.10%,4,3.90288,https://untappd.com/b/schilling-beer-co-glimmen/4174754,https://untappd.com/SchillingBeerCompany,https://assets.untappd.com/site/beer_logos/beer-4174754_00432_sm.jpeg
Trösten,von Trapp Brewing,Lager - Smoked,6%,4.5,3.7342,https://untappd.com/b/von-trapp-brewing-trosten/1311963,https://untappd.com/vontrappbrewing,https://assets.untappd.com/site/beer_logos/beer-1311963_56451_sm.jpeg
Boréale Blonde,Boréale,Blonde / Golden Ale - Other,4.50%,3,3.21567,https://untappd.com/b/boreale-boreale-blonde/16556,https://untappd.com/LesBrasseursduNord,https://assets.untappd.com/site/beer_logos/beer-16556_7bb23_sm.jpeg
SUPER KOKO,BreWskey,Stout - Imperial / Double Milk,11.90%,3.5,4.32978,https://untappd.com/b/brewskey-super-koko/5149951,https://untappd.com/PubBrewskey,https://assets.untappd.com/site/beer_logos/beer-5149951_3421b_sm.jpeg
CÉPAGE Argentin,BreWskey,IPA - Fruited,8.60%,4.25,4.21451,https://untappd.com/b/brewskey-cepage-argentin/5142971,https://untappd.com/PubBrewskey,https://assets.untappd.com/site/beer_logos/beer-5142971_6b186_sm.jpeg
CHIMP,BreWskey,IPA - Imperial / Double New England / Hazy,8.30%,4.5,4.27021,https://untappd.com/b/brewskey-chimp/4776246,https://untappd.com/PubBrewskey,https://assets.untappd.com/site/beer_logos/beer-4776246_1b666_sm.jpeg
Hazy River,Riverside Brewing Co,IPA - New England / Hazy,6%,3.5,3.78686,https://untappd.com/b/riverside-brewing-co-hazy-river/3887491,https://untappd.com/riverside_brewing_co,https://assets.untappd.com/site/beer_logos/beer-3887491_86d8a_sm.jpeg
Woolly Mullein,Trillium Brewing Company,Wild Ale - American,6.30%,4.25,4.13798,https://untappd.com/b/trillium-brewing-company-woolly-mullein/4498257,https://untappd.com/TrilliumBrewing,https://assets.untappd.com/site/beer_logos/beer-4498257_9108b_sm.jpeg
Red Sorrel,Trillium Brewing Company,Wild Ale - American,5.60%,4.5,4.15431,https://untappd.com/b/trillium-brewing-company-red-sorrel/4498255,https://untappd.com/TrilliumBrewing,https://assets.untappd.com/site/beer_logos/beer-4498255_3a4b2_sm.jpeg
King Status,Short Throw Brewing Co.,IPA - Imperial / Double,8.10%,3.75,3.99055,https://untappd.com/b/short-throw-brewing-co-king-status/5129396,https://untappd.com/ShortThrowBrewingCo,https://assets.untappd.com/site/beer_logos/beer-5129396_a28a5_sm.jpeg
Reunion,Wheatland Spring Farm + Brewery,Lager - Smoked,5.70%,3.75,3.95604,https://untappd.com/b/wheatland-spring-farm-brewery-reunion/4544686,https://untappd.com/WheatlandSpringFarmBrewery,https://assets.untappd.com/site/beer_logos/beer-4544686_b873d_sm.jpeg
Stella Artois,Stella Artois,Lager - Pale,5%,4,3.2852,https://untappd.com/b/stella-artois-stella-artois/4010,https://untappd.com/StellaArtois,https://assets.untappd.com/site/beer_logos/beer-4010_5da67_sm.jpeg
Breakfast Stout,Founders Brewing Co.,Stout - Imperial / Double Coffee,8.30%,3.75,4.10717,https://untappd.com/b/founders-brewing-co-breakfast-stout/4589,https://untappd.com/foundersbrewing,https://assets.untappd.com/site/beer_logos/beer-4589_8c83d_sm.jpeg
Weihenstephaner Korbinian,Bayerische Staatsbrauerei Weihenstephan,Bock - Doppelbock,7.40%,3.5,3.76952,https://untappd.com/b/bayerische-staatsbrauerei-weihenstephan-weihenstephaner-korbinian/14435,https://untappd.com/weihenstephaner,https://assets.untappd.com/site/beer_logos/beer-14435_d6f05_sm.jpeg
King of Clouds Hazy IPA,Three Notch’d Brewing Company,IPA - Imperial / Double New England / Hazy,7.50%,2.75,3.85772,https://untappd.com/b/three-notch-d-brewing-company-king-of-clouds-hazy-ipa/3966187,https://untappd.com/ThreeNotchdBrewing,https://assets.untappd.com/site/beer_logos/beer-3966187_86c9b_sm.jpeg
Blue Starfish,Aslin Beer Company,IPA - New England / Hazy,5.70%,3.75,3.86946,https://untappd.com/b/aslin-beer-company-blue-starfish/4586739,https://untappd.com/AslinBeerCompany,https://assets.untappd.com/site/beer_logos/beer-4586739_4bbf0_sm.jpeg
Oxfordcommadisiac,Heliotrope Brewery,IPA - New England / Hazy,7.30%,4,3.98922,https://untappd.com/b/heliotrope-brewery-oxfordcommadisiac/3859498,https://untappd.com/HeliotropeBrewery,https://assets.untappd.com/site/brewery_logos/brewery-451361_dac98.jpeg
Optimal® Wit,Port City Brewing,Wheat Beer - Witbier / Blanche,4.90%,3.5,3.59282,https://untappd.com/b/port-city-brewing-optimal-wit/28524,https://untappd.com/portcitybrewing,https://assets.untappd.com/site/beer_logos/beer-28524_581e0_sm.jpeg
Lanterns Low,Fidens Brewing Co.,IPA - Imperial / Double New England / Hazy,8.30%,4,4.38093,https://untappd.com/b/fidens-brewing-co-lanterns-low/3822363,https://untappd.com/FidensBrewingCo,https://assets.untappd.com/site/beer_logos/beer-3822363_8ff68_sm.jpeg
Master of Oranges,Aslin Beer Company,IPA - Imperial / Double,8.40%,3.75,4.17545,https://untappd.com/b/aslin-beer-company-master-of-oranges/1951060,https://untappd.com/AslinBeerCompany,https://assets.untappd.com/site/beer_logos/beer-3794707_4c770_sm.jpeg
Rothaus Pils / Tannen Zäpfle,Badische Staatsbrauerei Rothaus,Pilsner - German,5.10%,3.25,3.47094,https://untappd.com/b/badische-staatsbrauerei-rothaus-rothaus-pils-tannen-zapfle/2395,https://untappd.com/w/badische-staatsbrauerei-rothaus/1077,https://assets.untappd.com/site/beer_logos/beer-2395_6a68d_sm.jpeg
Pumking,Southern Tier Brewing Company,Pumpkin / Yam Beer,8.60%,3.5,3.92263,https://untappd.com/b/southern-tier-brewing-company-pumking/4886,https://untappd.com/southerntierbrewing,https://assets.untappd.com/site/beer_logos/beer-4886_456c5_sm.jpeg
Weihenstephaner Hefeweissbier,Bayerische Staatsbrauerei Weihenstephan,Wheat Beer - Hefeweizen,5.40%,4.25,3.77631,https://untappd.com/b/bayerische-staatsbrauerei-weihenstephan-weihenstephaner-hefeweissbier/8745,https://untappd.com/weihenstephaner,https://assets.untappd.com/site/beer_logos/beer-8745_3a3cd_sm.jpeg
Weihenstephaner Kristallweissbier,Bayerische Staatsbrauerei Weihenstephan,Wheat Beer - Kristallweizen,5.40%,4,3.67855,https://untappd.com/b/bayerische-staatsbrauerei-weihenstephan-weihenstephaner-kristallweissbier/1637,https://untappd.com/weihenstephaner,https://assets.untappd.com/site/beer_logos/beer-1637_64928_sm.jpeg
Celebrator,Ayinger Privatbrauerei,Bock - Doppelbock,6.70%,3.75,3.76255,https://untappd.com/b/ayinger-privatbrauerei-ayinger-celebrator/6683,https://untappd.com/AyingerBrewery,https://assets.untappd.com/site/beer_logos/beer-6683_e3943_sm.jpeg
Power of the Pomace,Wico Street Beer Co.,IPA - Imperial / Double New England / Hazy,8.50%,3.75,3.92105,https://untappd.com/b/wico-street-beer-co-power-of-the-pomace/4907788,https://untappd.com/WicoStreetBeerCo,https://assets.untappd.com/site/beer_logos/beer-4907788_f2114_sm.jpeg
Prissint,Long Live Beerworks,IPA - Imperial / Double New England / Hazy,8%,3.25,4.20274,https://untappd.com/b/long-live-beerworks-prissint/3252592,https://untappd.com/LongLiveBeerworks,https://assets.untappd.com/site/beer_logos/beer-3252592_36439_sm.jpeg
As Above So Below,Mortalis Brewing Company,Stout - Imperial / Double Coffee,10%,4,4.35422,https://untappd.com/b/mortalis-brewing-company-as-above-so-below/2777836,https://untappd.com/MortalisBrewingCompany,https://assets.untappd.com/site/beer_logos/beer-2777836_3d240_sm.jpeg
Into the Kaleidoscope,Belleflower Brewing,IPA - Imperial / Double New England / Hazy,8%,3.75,4.23614,https://untappd.com/b/belleflower-brewing-into-the-kaleidoscope/4547896,https://untappd.com/BelleflowerBrewing,https://assets.untappd.com/site/beer_logos/beer-4547896_eec0f_sm.jpeg
Hexology,Belleflower Brewing,IPA - New England / Hazy,7.30%,4.25,4.15799,https://untappd.com/b/belleflower-brewing-hexology/4424502,https://untappd.com/BelleflowerBrewing,https://assets.untappd.com/site/beer_logos/beer-4424502_7f8bb_sm.jpeg
Distant Fantasies,Bluejacket,Lambic - Fruit,6%,4.25,3.96693,https://untappd.com/b/bluejacket-distant-fantasies/4081026,https://untappd.com/BluejacketDC,https://assets.untappd.com/site/beer_logos/beer-4081026_a863a_sm.jpeg
Jinx Hazy IPA,Nighthawk Brewery & Pizza,IPA - New England / Hazy,6%,3.75,3.85685,https://untappd.com/b/nighthawk-brewery-and-pizza-jinx-hazy-ipa/4882137,https://untappd.com/NighthawkPizza,https://assets.untappd.com/site/brewery_logos/brewery-518603_b188e.jpeg
Gaffel Kölsch,Privatbrauerei Gaffel Becker,Kölsch,4.80%,3.5,3.35474,https://untappd.com/b/privatbrauerei-gaffel-becker-gaffel-kolsch/13647,https://untappd.com/w/privatbrauerei-gaffel-becker/1021,https://assets.untappd.com/site/beer_logos/beer-13647_a1985_sm.jpeg
Weihenstephaner Festbier,Bayerische Staatsbrauerei Weihenstephan,Festbier,5.80%,3.75,3.60979,https://untappd.com/b/bayerische-staatsbrauerei-weihenstephan-weihenstephaner-festbier/14192,https://untappd.com/weihenstephaner,https://assets.untappd.com/site/beer_logos/beer-14192_14cae_sm.jpeg
Helles Hefe Weizen,Tucher Bräu,Wheat Beer - Hefeweizen,5.20%,3.5,3.59012,https://untappd.com/b/tucher-brau-tucher-helles-hefe-weizen/1995,https://untappd.com/TucherBrau,https://assets.untappd.com/site/beer_logos/beer-1995_bb4d4_sm.jpeg
Franziskaner Premium Weissbier Naturtrüb,Spaten-Franziskaner-Löwenbräu-Gruppe,Wheat Beer - Hefeweizen,5%,3.75,3.69136,https://untappd.com/b/spaten-franziskaner-lowenbrau-gruppe-franziskaner-premium-weissbier/14564,https://untappd.com/w/spaten-franziskaner-lowenbrau-gruppe/1176,https://assets.untappd.com/site/beer_logos/beer-14564_16384_sm.jpeg
Hofbräu Original,Staatliches Hofbräuhaus München,Lager - Helles,5.10%,3.5,3.55046,https://untappd.com/b/staatliches-hofbrauhaus-munchen-hofbrau-original/38001,https://untappd.com/w/staatliches-hofbrauhaus-munchen/5566,https://assets.untappd.com/site/beer_logos/beer-38001_ef2b9_sm.jpeg
Weihenstephaner Vitus,Bayerische Staatsbrauerei Weihenstephan,Bock - Weizenbock,7.70%,4,3.82828,https://untappd.com/b/bayerische-staatsbrauerei-weihenstephan-weihenstephaner-vitus/7408,https://untappd.com/weihenstephaner,https://assets.untappd.com/site/beer_logos/beer-7408_a806b_sm.jpeg
Brune De Ferrand,Brooklyn Brewery,Old / Stock Ale,6.50%,3.5,3.8721,https://untappd.com/b/brooklyn-brewery-brune-de-ferrand/4527329,https://untappd.com/brooklynbrewery,https://assets.untappd.com/site/beer_logos/beer-4527329_0df18_sm.jpeg
Allagash White,Allagash Brewing Company,Wheat Beer - Witbier / Blanche,5.20%,4,3.74565,https://untappd.com/b/allagash-brewing-company-allagash-white/5862,https://untappd.com/AllagashBrewingCompany,https://assets.untappd.com/site/beer_logos/beer-5862_a30dc_sm.jpeg
Mast Theory,Equilibrium Brewery,IPA - Imperial / Double New England / Hazy,8%,3.5,4.08244,https://untappd.com/b/equilibrium-brewery-mast-theory/4909310,https://untappd.com/EQBrew,https://assets.untappd.com/site/beer_logos/beer-4909310_27b0e_sm.jpeg
Einstein's Lambo,Equilibrium Brewery,IPA - Imperial / Double New England / Hazy,8.50%,4,4.19239,https://untappd.com/b/equilibrium-brewery-einstein-s-lambo/4949099,https://untappd.com/EQBrew,https://assets.untappd.com/site/brewery_logos/brewery-198789_9cb30.jpeg
Eveningland Blackberry,Hudson Valley Brewery,IPA - Sour,8%,4.25,4.37375,https://untappd.com/b/hudson-valley-brewery-eveningland-blackberry/2631820,https://untappd.com/hudson_valley_brewery,https://assets.untappd.com/site/beer_logos/beer-2631820_61312_sm.jpeg
Laboratory Door,Grimm Artisanal Ales,IPA - Imperial / Double,8%,4,4.14345,https://untappd.com/b/grimm-artisanal-ales-laboratory-door/4944862,https://untappd.com/GrimmArtisanalAles,https://assets.untappd.com/site/beer_logos/beer-4944862_3e662_sm.jpeg
Clouds Don't Fall,Finback Brewery,IPA - Imperial / Double,9%,3.75,4.17994,https://untappd.com/b/finback-brewery-clouds-don-t-fall/4920007,https://untappd.com/Finback,https://assets.untappd.com/site/beer_logos/beer-4920007_88df5_sm.jpeg
Reciprocal,Bissell Brothers Brewing Company,IPA - New England / Hazy,7.30%,4,4.20165,https://untappd.com/b/bissell-brothers-brewing-company-reciprocal/1137314,https://untappd.com/BissellBrothersBrewingCo,https://assets.untappd.com/site/beer_logos/beer-1137314_afc23_sm.jpeg
Erdinger Weißbier / Hefe-Weizen,Erdinger Weissbräu,Wheat Beer - Hefeweizen,5.30%,3.75,3.6464,https://untappd.com/b/erdinger-weissbrau-erdinger-weissbier-hefe-weizen/7420,https://untappd.com/w/erdinger-weissbrau/1019,https://assets.untappd.com/site/beer_logos/beer-7420_a5d96_sm.jpeg
Arthur,Hill Farmstead Brewery,Farmhouse Ale - Saison,6%,4.25,4.24782,https://untappd.com/b/hill-farmstead-brewery-arthur/13488,https://untappd.com/HillFarmsteadBrewery,https://assets.untappd.com/site/beer_logos/beer-13488_f0f9c_sm.jpeg
No Backsies,Aslin Beer Company,Wheat Beer - Hefeweizen,5.50%,3.75,3.69001,https://untappd.com/b/aslin-beer-company-no-backsies/2711064,https://untappd.com/AslinBeerCompany,https://assets.untappd.com/site/beer_logos/beer-2711064_ef30f_sm.jpeg
Nelson Single Hop Pale Ale,Hill Farmstead Brewery,Pale Ale - American,5%,4.75,4.25321,https://untappd.com/b/hill-farmstead-brewery-nelson-single-hop-pale-ale/4115616,https://untappd.com/HillFarmsteadBrewery,https://assets.untappd.com/site/beer_logos/beer-4115616_92f68_sm.jpeg
This Must Be the Place,Bluejacket,IPA - New England / Hazy,7%,4.25,3.91386,https://untappd.com/b/bluejacket-this-must-be-the-place/2685049,https://untappd.com/BluejacketDC,https://assets.untappd.com/site/beer_logos/beer-2685049_3745f_sm.jpeg
Juice Machine,Tree House Brewing Company,IPA - Imperial / Double New England / Hazy,8.20%,4.5,4.5497,https://untappd.com/b/tree-house-brewing-company-juice-machine/616287,https://untappd.com/treehousebrewco,https://assets.untappd.com/site/beer_logos/beer-616287_51162_sm.jpeg
Haze,Tree House Brewing Company,IPA - Imperial / Double New England / Hazy,8.20%,4.75,4.46111,https://untappd.com/b/tree-house-brewing-company-haze/718853,https://untappd.com/treehousebrewco,https://assets.untappd.com/site/beer_logos/beer-718853_2ceb8_sm.jpeg
Brau Pils,DC Brau Brewing Company,Pilsner - German,4.50%,3,3.30034,https://untappd.com/b/dc-brau-brewing-company-brau-pils/1034865,https://untappd.com/dcbrau,https://assets.untappd.com/site/beer_logos/beer-1034865_47fa5_sm.jpeg
Double Orange Starfish,Aslin Beer Company,IPA - Imperial / Double New England / Hazy,8.30%,4,4.21027,https://untappd.com/b/aslin-beer-company-double-orange-starfish/1611103,https://untappd.com/AslinBeerCompany,https://assets.untappd.com/site/beer_logos/beer-1611103_2e19f_sm.jpeg
Big Smooth,River Roost Brewery,IPA - Imperial / Double New England / Hazy,8.20%,3.75,4.28442,https://untappd.com/b/river-roost-brewery-big-smooth/2496835,https://untappd.com/RiverRoostBrewery,https://assets.untappd.com/site/brewery_logos/brewery-250774_fd180.jpeg
Rhetorica,Hill Farmstead Brewery,Lager - Tmavé (Czech Dark),5%,4.75,4.31837,https://untappd.com/b/hill-farmstead-brewery-rhetorica/3089625,https://untappd.com/HillFarmsteadBrewery,https://assets.untappd.com/site/beer_logos/beer-3089625_3cfe8_sm.jpeg
Moment of Clarity,Tree House Brewing Company,Stout - Milk / Sweet,7.70%,4,4.45082,https://untappd.com/b/tree-house-brewing-company-moment-of-clarity/2478938,https://untappd.com/treehousebrewco,https://assets.untappd.com/site/beer_logos/beer-2478938_cc2ed_sm.jpeg
Very Green,Tree House Brewing Company,IPA - Imperial / Double New England / Hazy,8.30%,4.5,4.55753,https://untappd.com/b/tree-house-brewing-company-very-green/689944,https://untappd.com/treehousebrewco,https://assets.untappd.com/site/beer_logos/beer-689944_ec619_sm.jpeg
Julius,Tree House Brewing Company,IPA - New England / Hazy,6.80%,4,4.4734,https://untappd.com/b/tree-house-brewing-company-julius/237985,https://untappd.com/treehousebrewco,https://assets.untappd.com/site/beer_logos/beer-237985_c70fc_sm.jpeg
Haze Maze - Batch #04,Night Shift Brewing,IPA - Imperial / Double New England / Hazy,8%,3.5,3.8894,https://untappd.com/b/night-shift-brewing-haze-maze-batch-04/4919644,https://untappd.com/nightshiftbeer,https://assets.untappd.com/site/beer_logos/beer-4919644_6fe38_sm.jpeg
Boston Proud IPA,Night Shift Brewing,IPA - Imperial / Double New England / Hazy,7%,3,3.8332,https://untappd.com/b/night-shift-brewing-boston-proud-ipa/3812207,https://untappd.com/nightshiftbeer,https://assets.untappd.com/site/beer_logos/beer-3812207_07f62_sm.jpeg
Abner,Hill Farmstead Brewery,IPA - Imperial / Double,8.20%,4.25,4.47696,https://untappd.com/b/hill-farmstead-brewery-abner/25843,https://untappd.com/HillFarmsteadBrewery,https://assets.untappd.com/site/beer_logos/beer-25843_28729_sm.jpeg
Edward,Hill Farmstead Brewery,Pale Ale - American,5.20%,4.25,4.23242,https://untappd.com/b/hill-farmstead-brewery-edward/13050,https://untappd.com/HillFarmsteadBrewery,https://assets.untappd.com/site/beer_logos/beer-13050_fa9aa_sm.jpeg
Big Little Thing Imperial IPA,Sierra Nevada Brewing Co.,IPA - Imperial / Double,9%,3,3.73611,https://untappd.com/b/sierra-nevada-brewing-co-big-little-thing-imperial-ipa/4005175,https://untappd.com/SierraNevada,https://assets.untappd.com/site/beer_logos/beer-4005175_bdae6_sm.jpeg
Hazy Little Thing,Sierra Nevada Brewing Co.,IPA - New England / Hazy,6.70%,3.75,3.77161,https://untappd.com/b/sierra-nevada-brewing-co-hazy-little-thing/2412786,https://untappd.com/SierraNevada,https://assets.untappd.com/site/beer_logos/beer-2412786_c2d78_sm.jpeg
Double Citra,Hill Farmstead Brewery,IPA - Imperial / Double,8%,5,4.48293,https://untappd.com/b/hill-farmstead-brewery-double-citra/53192,https://untappd.com/HillFarmsteadBrewery,https://assets.untappd.com/site/beer_logos/beer-53192_44cf7_sm.jpeg
Brave Little State,Lawson’s Finest Liquids,Pale Ale - American,5%,4,3.90054,https://untappd.com/b/lawson-s-finest-liquids-brave-little-state/4640837,https://untappd.com/LawsonsFinestLiquids,https://assets.untappd.com/site/brewery_logos/brewery-3758_8ca25.jpeg
Going Underground,Bluejacket,IPA - Imperial / Double New England / Hazy,8%,3.75,4.01054,https://untappd.com/b/bluejacket-going-underground/2719989,https://untappd.com/BluejacketDC,https://assets.untappd.com/site/beer_logos/beer-2719989_59e78_sm.jpeg
Escaping Youth,Bluejacket,Sour - Fruited,6%,3.5,4.02286,https://untappd.com/b/bluejacket-escaping-youth/4364772,https://untappd.com/BluejacketDC,https://assets.untappd.com/site/beer_logos/beer-4364772_578a3_sm.jpeg
Late Night Thriller,Bluejacket,IPA - New England / Hazy,7%,4.25,4.01983,https://untappd.com/b/bluejacket-late-night-thriller/2641050,https://untappd.com/BluejacketDC,https://assets.untappd.com/site/beer_logos/beer-2641050_4b16a_sm.jpeg
Partly Cloudy,Solace Brewing Company,IPA - New England / Hazy,7.50%,3.75,3.87849,https://untappd.com/b/solace-brewing-company-partly-cloudy/2389896,https://untappd.com/SolaceBrewingCompany,https://assets.untappd.com/site/beer_logos/beer-2389896_14876_sm.jpeg
Gose w/ Passion Fruit & Dragon Fruit,Aslin Beer Company,Sour - Fruited Gose,4.50%,4,4.02819,https://untappd.com/b/aslin-beer-company-gose-w-passion-fruit-and-dragon-fruit/2745882,https://untappd.com/AslinBeerCompany,https://assets.untappd.com/site/brewery_logos/brewery-170844_e2a8f.jpeg
Green City,Other Half Brewing Co.,IPA - New England / Hazy,7%,4.25,4.12576,https://untappd.com/b/other-half-brewing-co-green-city/3727003,https://untappd.com/OtherHalfBrewingCompany,https://assets.untappd.com/site/beer_logos/beer-3727003_13fac_sm.jpeg
Pizza Night,Port City Brewing,Lager - Polotmavé (Czech Amber),4.80%,3.5,3.68152,https://untappd.com/b/port-city-brewing-pizza-night/4826665,https://untappd.com/portcitybrewing,https://assets.untappd.com/site/beer_logos/beer-4826665_f5742_sm.jpeg
Waiting On the Moment (Musk Melon),River Roost Brewery,Wild Ale - American,5.80%,4.5,4.13264,https://untappd.com/b/river-roost-brewery-waiting-on-the-moment-musk-melon/4522326,https://untappd.com/RiverRoostBrewery,https://assets.untappd.com/site/brewery_logos/brewery-250774_fd180.jpeg
Discreet Charm,Bluejacket,Lager - Helles,5%,4.25,3.78,https://untappd.com/b/bluejacket-discreet-charm/4667999,https://untappd.com/BluejacketDC,https://assets.untappd.com/site/beer_logos/beer-4667999_3a924_sm.jpeg
Because the Internet,Bluejacket,IPA - Imperial / Double New England / Hazy,8%,3.75,4.01839,https://untappd.com/b/bluejacket-because-the-internet/4364204,https://untappd.com/BluejacketDC,https://assets.untappd.com/site/beer_logos/beer-4364204_ea4e7_sm.jpeg
McMansion,Bingo Beer Co.,IPA - Imperial / Double New England / Hazy,8.50%,4,3.96807,https://untappd.com/b/bingo-beer-co-mcmansion/3912510,https://untappd.com/BingoBeerCo,https://assets.untappd.com/site/beer_logos/beer-3912510_caf7b_sm.jpeg
Staycation Land,Baxter Brewing Co.,Lager - American Light,4.90%,3.5,3.57098,https://untappd.com/b/baxter-brewing-co-staycation-land/3703808,https://untappd.com/baxterbrewing,https://assets.untappd.com/site/beer_logos/beer-3703808_885b9_sm.jpeg
Lucky 46 New England IPA,Trapezium Brewing Co,IPA - New England / Hazy,6.50%,3.5,3.79132,https://untappd.com/b/trapezium-brewing-co-lucky-46-new-england-ipa/1768864,https://untappd.com/TrapeziumBrewingCo,https://assets.untappd.com/site/brewery_logos/brewery-277271_19433.jpeg
M-43 N.E. India Pale Ale,Old Nation Brewing Co.,IPA - New England / Hazy,6.80%,4,4.165,https://untappd.com/b/old-nation-brewing-co-m-43-n-e-india-pale-ale/1778578,https://untappd.com/OldNationBrewingCompany,https://assets.untappd.com/site/beer_logos/beer-1778578_41a4e_sm.jpeg
Optimistic Pessimism,The Virginia Beer Co. (VBC),IPA - New England / Hazy,7.20%,3.5,3.9249,https://untappd.com/b/the-virginia-beer-co-vbc-optimistic-pessimism/4041205,https://untappd.com/VirginiaBeerCo,https://assets.untappd.com/site/beer_logos/beer-4041205_6ea91_sm.jpeg
Pernicious,Wicked Weed Brewing,IPA - American,7.30%,3.75,3.94002,https://untappd.com/b/wicked-weed-brewing-pernicious-ipa/883318,https://untappd.com/WickedWeedBrewing,https://assets.untappd.com/site/beer_logos/beer-883318_6a64c_sm.jpeg
Hyperfocus Citra,Grimm Artisanal Ales,IPA - Imperial / Double New England / Hazy,8%,3.75,4.18195,https://untappd.com/b/grimm-artisanal-ales-hyperfocus-citra/2935238,https://untappd.com/GrimmArtisanalAles,https://assets.untappd.com/site/beer_logos/beer-2935238_8b7a1_sm.jpeg
SFY,Threes Brewing,IPA - Imperial / Double,8.30%,3.25,4.06607,https://untappd.com/b/threes-brewing-sfy/958645,https://untappd.com/threesbrewing,https://assets.untappd.com/site/beer_logos/beer-958645_daf4f_sm.jpeg
Brighter Days,LIC Beer Project,IPA - American,7%,4,3.91107,https://untappd.com/b/lic-beer-project-brighter-days/4383872,https://untappd.com/LICBeerProject,https://assets.untappd.com/site/brewery_logos/brewery-201804_490f9.jpeg
Solar Lemur,Fifth Hammer Brewing Co.,IPA - New England / Hazy,7.50%,4.25,4.05711,https://untappd.com/b/fifth-hammer-brewing-co-solar-lemur/2866353,https://untappd.com/FifthHammerBrewingCo,https://assets.untappd.com/site/beer_logos/beer-2866353_bcd37_sm.jpeg
Near Wild Heaven,Bluejacket,IPA - Imperial / Double New England / Hazy,8%,3.75,4.0492,https://untappd.com/b/bluejacket-near-wild-heaven/2963143,https://untappd.com/BluejacketDC,https://assets.untappd.com/site/beer_logos/beer-2963143_8079d_sm.jpeg
We Come Alive,Bluejacket,IPA - Imperial / Double New England / Hazy,8%,3.25,4.05209,https://untappd.com/b/bluejacket-we-come-alive/4047386,https://untappd.com/BluejacketDC,https://assets.untappd.com/site/beer_logos/beer-4047386_8e8ce_sm.jpeg
Runaway,Bluejacket,IPA - New England / Hazy,7%,4.25,3.95934,https://untappd.com/b/bluejacket-runaway/2719997,https://untappd.com/BluejacketDC,https://assets.untappd.com/site/beer_logos/beer-2719997_59c5a_sm.jpeg
Lost Weekend,Bluejacket,IPA - New England / Hazy,7%,4,3.88304,https://untappd.com/b/bluejacket-lost-weekend/512703,https://untappd.com/BluejacketDC,https://assets.untappd.com/site/beer_logos/beer-512703_1d532_sm.jpeg
With A Baseball Bat,Aslin Beer Company,IPA - American,6.50%,1.5,3.66499,https://untappd.com/b/aslin-beer-company-with-a-baseball-bat/2744567,https://untappd.com/AslinBeerCompany,https://assets.untappd.com/site/beer_logos/beer-2744567_f89f9_sm.jpeg
Old Town Lager,Aslin Beer Company,Lager - American,4%,3.25,3.48179,https://untappd.com/b/aslin-beer-company-old-town-lager/4114100,https://untappd.com/AslinBeerCompany,https://assets.untappd.com/site/beer_logos/beer-4114100_ffa2f_sm.jpeg
Orange Starfish,Aslin Beer Company,IPA - New England / Hazy,6.50%,4.25,4.00525,https://untappd.com/b/aslin-beer-company-orange-starfish/1398616,https://untappd.com/AslinBeerCompany,https://assets.untappd.com/site/beer_logos/beer-1398616_4b0ad_sm.jpeg
Wooden Sparrows,Elder Pine Brewing & Blending,Lager - Vienna,5.60%,3.25,3.96341,https://untappd.com/b/elder-pine-brewing-and-blending-wooden-sparrows/4699836,https://untappd.com/ElderPineBrewingBlendingCo,https://assets.untappd.com/site/beer_logos/beer-4699836_72e22_sm.jpeg
DDH Citra + Cashmere,Other Half Brewing Co.,IPA - Imperial / Double,8.50%,4,4.29632,https://untappd.com/b/other-half-brewing-co-ddh-citra-cashmere/4640799,https://untappd.com/OtherHalfBrewingCompany,https://assets.untappd.com/site/beer_logos/beer-4640799_49287_sm.jpeg
Rec. League,Harpoon Brewery,Pale Ale - New England / Hazy,4%,3.25,3.48192,https://untappd.com/b/harpoon-brewery-rec-league/2660559,https://untappd.com/harpoonbrewery,https://assets.untappd.com/site/beer_logos/beer-2660559_5aa2b_sm.jpeg
Foxhole Atheist,Heliotrope Brewery,IPA - New England / Hazy,7.30%,3.75,3.93462,https://untappd.com/b/heliotrope-brewery-foxhole-atheist/4639653,https://untappd.com/HeliotropeBrewery,https://assets.untappd.com/site/brewery_logos/brewery-451361_dac98.jpeg
Downright® Pilsner,Port City Brewing,Pilsner - Czech / Bohemian,4.80%,3,3.43587,https://untappd.com/b/port-city-brewing-downright-pilsner/174031,https://untappd.com/portcitybrewing,https://assets.untappd.com/site/beer_logos/beer-174031_5fd96_sm.jpeg
Infrared Starfish,Aslin Beer Company,IPA - American,5.70%,4.25,3.89052,https://untappd.com/b/aslin-beer-company-infrared-starfish/4679049,https://untappd.com/AslinBeerCompany,https://assets.untappd.com/site/beer_logos/beer-4679049_b8acd_sm.jpeg
Maple Rauch,von Trapp Brewing,Rauchbier,7%,4.25,3.76751,https://untappd.com/b/von-trapp-brewing-maple-rauch/3653556,https://untappd.com/vontrappbrewing,https://assets.untappd.com/site/beer_logos/beer-3653556_12cc2_sm.jpeg
New Boots And Contracts,Heliotrope Brewery,IPA - New England / Hazy,7.10%,3.75,3.9925,https://untappd.com/b/heliotrope-brewery-new-boots-and-contracts/3560747,https://untappd.com/HeliotropeBrewery,https://assets.untappd.com/site/brewery_logos/brewery-451361_dac98.jpeg
Sound the Horns,River Roost Brewery,IPA - American,7%,4.25,4.18628,https://untappd.com/b/river-roost-brewery-sound-the-horns/2791308,https://untappd.com/RiverRoostBrewery,https://assets.untappd.com/site/brewery_logos/brewery-250774_fd180.jpeg
Happy New Year (2022),Tree House Brewing Company,IPA - Imperial / Double,8.60%,4.5,4.32601,https://untappd.com/b/tree-house-brewing-company-happy-new-year-2022/4658265,https://untappd.com/treehousebrewco,https://assets.untappd.com/site/brewery_logos/brewery-treehousebrewingcompany_20084.jpeg
The 6th Lord,Basic City Beer Co,IPA - American,5.30%,3.75,3.73457,https://untappd.com/b/basic-city-beer-co-the-6th-lord/1799205,https://untappd.com/BasicCityBeer,https://assets.untappd.com/site/beer_logos/beer-1799205_2d9b8_sm.jpeg
Delirium Noël / Christmas,Delirium - Huyghe Brewery,Winter Ale,10%,3.25,3.74517,https://untappd.com/b/delirium-huyghe-brewery-delirium-noel-christmas/8767,https://untappd.com/BrouwerijHuyghe,https://assets.untappd.com/site/beer_logos/beer-8767_12b31_sm.jpeg
Rauchbier,Port City Brewing,Rauchbier,5.50%,4.5,3.64095,https://untappd.com/b/port-city-brewing-rauchbier/2278386,https://untappd.com/portcitybrewing,https://assets.untappd.com/site/beer_logos/beer-2278386_16b09_sm.jpeg
Bucco Blonde,North Country Brewing Company,Blonde / Golden Ale - Other,4.90%,3.25,3.35485,https://untappd.com/b/north-country-brewing-company-bucco-blonde/773369,https://untappd.com/NorthCountryBrewery,https://assets.untappd.com/site/beer_logos/beer-773369_26897_sm.jpeg
Lost Forever,Other Half Brewing Co.,IPA - New England / Hazy,6.50%,3.5,4.11682,https://untappd.com/b/other-half-brewing-co-lost-forever/4559329,https://untappd.com/OtherHalfBrewingCompany,https://assets.untappd.com/site/beer_logos/beer-4559329_430e6_sm.jpeg
Grizzette,Elder Pine Brewing & Blending,Farmhouse Ale - Grisette,5%,4,3.81552,https://untappd.com/b/elder-pine-brewing-and-blending-grizzette/3782613,https://untappd.com/ElderPineBrewingBlendingCo,https://assets.untappd.com/site/beer_logos/beer-3782613_dc08c_sm.jpeg
The Paranormal Electricity of Trans-Pacific Airwaves,Burial Beer Co.,IPA - New England / Hazy,7%,4,4.17945,https://untappd.com/b/burial-beer-co-the-paranormal-electricity-of-trans-pacific-airwaves/4483932,https://untappd.com/BurialBeer,https://assets.untappd.com/site/beer_logos/beer-4483932_c7fa8_sm.jpeg
Hazy Series Volume 8,Western Collective,IPA - Imperial / Double New England / Hazy,8.40%,3.75,4.05224,https://untappd.com/b/western-collective-hazy-series-volume-8/4407297,https://untappd.com/WesternCollectiveBeer,https://assets.untappd.com/site/brewery_logos/brewery-400621_44f5a.jpeg
Hazy Series Volume 6,Western Collective,IPA - Imperial / Double New England / Hazy,8.30%,3.25,3.85562,https://untappd.com/b/western-collective-hazy-series-volume-6/4281008,https://untappd.com/WesternCollectiveBeer,https://assets.untappd.com/site/brewery_logos/brewery-400621_44f5a.jpeg
Rauch Helles,Occidental Brewing Co.,Rauchbier,5%,3.5,3.82247,https://untappd.com/b/occidental-brewing-co-rauch-helles/4344054,https://untappd.com/OccidentalBrewingCo,https://assets.untappd.com/site/beer_logos/beer-4344054_68bcf_sm.jpeg
Lil’ Fizzy,Woodland Empire Ale Craft,Fruit Beer,4%,3.75,3.10538,https://untappd.com/b/woodland-empire-ale-craft-lil-fizzy/3460316,https://untappd.com/WoodlandEmpireAleCraft,https://assets.untappd.com/site/brewery_logos/brewery-85614_49cb7.jpeg
Hazy Series Volume 7,Western Collective,IPA - Imperial / Double New England / Hazy,8.40%,3.75,4.08063,https://untappd.com/b/western-collective-hazy-series-volume-7/4337767,https://untappd.com/WesternCollectiveBeer,https://assets.untappd.com/site/brewery_logos/brewery-400621_44f5a.jpeg
Silver Creek,Grand Teton Brewing,IPA - New England / Hazy,6%,4,3.72522,https://untappd.com/b/grand-teton-brewing-silver-creek/4359309,https://untappd.com/grandtetonbrewingco,https://assets.untappd.com/site/beer_logos/beer-4359309_ecb15_sm.jpeg
Miller Lite,Miller Brewing Company,Lager - American Light,4.20%,3.5,2.57413,https://untappd.com/b/miller-brewing-company-miller-lite/3811,https://untappd.com/millercoors,https://assets.untappd.com/site/beer_logos/beer-3811_99a49_sm.jpeg
Helles,von Trapp Brewing,Lager - Helles,4.90%,4.5,3.58916,https://untappd.com/b/von-trapp-brewing-helles/32200,https://untappd.com/vontrappbrewing,https://assets.untappd.com/site/beer_logos/beer-32200_ee666_sm.jpeg
Milk of the Murder Hornet - Mango,Hubbard’s Cave,IPA - Imperial / Double Milkshake,8.50%,3,4.05898,https://untappd.com/b/hubbard-s-cave-milk-of-the-murder-hornet-mango/3957694,https://untappd.com/HubbardsCave,https://assets.untappd.com/site/beer_logos/beer-3957694_f3938_sm.jpeg
Köln Calling,Wheatland Spring Farm + Brewery,Kölsch,4.80%,4.25,4.0177,https://untappd.com/b/wheatland-spring-farm-brewery-koln-calling/3820230,https://untappd.com/WheatlandSpringFarmBrewery,https://assets.untappd.com/site/beer_logos/beer-3820230_1a58e_sm.jpeg
Farmers Only,Coastal Fermentory,Farmhouse Ale - Saison,5.50%,3.75,3.87887,https://untappd.com/b/coastal-fermentory-farmers-only/4367013,https://untappd.com/CoastalFermentory,https://assets.untappd.com/site/brewery_logos/brewery-392624_47591.jpeg
Purple Lady,MoMac Brewing Company,Sour - Fruited,4.80%,3.75,3.77543,https://untappd.com/b/momac-brewing-company-purple-lady/2933372,https://untappd.com/MoMacBrewingCompany,https://assets.untappd.com/site/brewery_logos/brewery-349476_3ee99.jpeg
Pseudo Sue,Toppling Goliath Brewing Co.,Pale Ale - American,5.80%,4.5,4.10146,https://untappd.com/b/toppling-goliath-brewing-co-pseudo-sue/65644,https://untappd.com/topplinggoliathbrewing,https://assets.untappd.com/site/beer_logos/beer-65644_e5d61_sm.jpeg
Saison Du Roost,River Roost Brewery,Farmhouse Ale - Saison,6.50%,3.5,4.09412,https://untappd.com/b/river-roost-brewery-saison-du-roost/4112205,https://untappd.com/RiverRoostBrewery,https://assets.untappd.com/site/brewery_logos/brewery-250774_fd180.jpeg
King Sue,Toppling Goliath Brewing Co.,IPA - Imperial / Double New England / Hazy,8.20%,4.5,4.29614,https://untappd.com/b/toppling-goliath-brewing-co-king-sue/594015,https://untappd.com/topplinggoliathbrewing,https://assets.untappd.com/site/beer_logos/beer-594015_4bde8_sm.jpeg
Bud Light,Anheuser-Busch,Lager - American Light,4.20%,4,2.34885,https://untappd.com/b/anheuser-busch-bud-light/3784,https://untappd.com/AnheuserBusch,https://assets.untappd.com/site/beer_logos/beer-3784_0e2c3_sm.jpeg
Tyrannosaurus Flex,New Realm Brewing Co.,IPA - Imperial / Double New England / Hazy,8.50%,3.25,3.80005,https://untappd.com/b/new-realm-brewing-co-tyrannosaurus-flex/3495415,https://untappd.com/NewRealmBrewingCompany,https://assets.untappd.com/site/beer_logos/beer-3495415_30f88_sm.jpeg
Euphonia,New Realm Brewing Co.,Pilsner - German,5%,3.5,3.53328,https://untappd.com/b/new-realm-brewing-co-euphonia/2457867,https://untappd.com/NewRealmBrewingCompany,https://assets.untappd.com/site/beer_logos/beer-2457867_387e9_sm.jpeg
Hoptropolis,New Realm Brewing Co.,IPA - American,6.50%,3.5,3.75077,https://untappd.com/b/new-realm-brewing-co-hoptropolis/2532249,https://untappd.com/NewRealmBrewingCompany,https://assets.untappd.com/site/beer_logos/beer-2532249_37d7a_sm.jpeg
Blueberry Beach (2021),New Realm Brewing Co.,Sour - Berliner Weisse,4.40%,3.75,3.71628,https://untappd.com/b/new-realm-brewing-co-blueberry-beach-2021/4377522,https://untappd.com/NewRealmBrewingCompany,https://assets.untappd.com/site/beer_logos/beer-4377522_9a90f_sm.jpeg
Hazy Like a Fox,New Realm Brewing Co.,IPA - New England / Hazy,6.50%,3.25,3.8071,https://untappd.com/b/new-realm-brewing-co-hazy-like-a-fox/2681301,https://untappd.com/NewRealmBrewingCompany,https://assets.untappd.com/site/beer_logos/beer-2681301_f0191_sm.jpeg
Alter Ego,Smartmouth Brewing Co.,Farmhouse Ale - Saison,6.20%,3.5,3.58582,https://untappd.com/b/smartmouth-brewing-co-alter-ego/242743,https://untappd.com/SmartmouthBrewing,https://assets.untappd.com/site/beer_logos/beer-242743_29125_sm.jpeg
Silent L,Smartmouth Brewing Co.,IPA - New England / Hazy,6%,3.75,3.79849,https://untappd.com/b/smartmouth-brewing-co-silent-l/4422184,https://untappd.com/SmartmouthBrewing,https://assets.untappd.com/site/beer_logos/beer-4422184_c8b87_sm.jpeg
Epiphany,Foundation Brewing Company,IPA - Imperial / Double New England / Hazy,8%,4,4.15834,https://untappd.com/b/foundation-brewing-company-epiphany/928061,https://untappd.com/FoundationBrewingCompany,https://assets.untappd.com/site/beer_logos/beer-928061_4348f_sm.jpeg
As Fate Would Have It,River Roost Brewery,Brett Beer,5.80%,4.25,4.08235,https://untappd.com/b/river-roost-brewery-as-fate-would-have-it/3867224,https://untappd.com/RiverRoostBrewery,https://assets.untappd.com/site/brewery_logos/brewery-250774_fd180.jpeg
Mas Verde,River Roost Brewery,IPA - American,6.70%,4.75,4.17242,https://untappd.com/b/river-roost-brewery-mas-verde/1481792,https://untappd.com/RiverRoostBrewery,https://assets.untappd.com/site/beer_logos/beer-1481792_08cc5_sm.jpeg
Anna,Hill Farmstead Brewery,Farmhouse Ale - Saison,6.40%,4.75,4.24852,https://untappd.com/b/hill-farmstead-brewery-anna/21548,https://untappd.com/HillFarmsteadBrewery,https://assets.untappd.com/site/beer_logos/beer-21548_d92a9_sm.jpeg
Business Chicken,Aslin Beer Company,IPA - American,5.50%,4,3.85259,https://untappd.com/b/aslin-beer-company-business-chicken/4255613,https://untappd.com/AslinBeerCompany,https://assets.untappd.com/site/beer_logos/beer-4255613_547b7_sm.jpeg
Sip of Sunshine,Lawson’s Finest Liquids,IPA - Imperial / Double,8%,4.5,4.29391,https://untappd.com/b/lawson-s-finest-liquids-sip-of-sunshine/636664,https://untappd.com/LawsonsFinestLiquids,https://assets.untappd.com/site/beer_logos/beer-636664_bd900_sm.jpeg
Switchback Ale,Switchback Brewing Company,Red Ale - American Amber / Red,5%,4,3.62619,https://untappd.com/b/switchback-brewing-company-switchback-ale/12563,https://untappd.com/SwitchbackBrewingCompany,https://assets.untappd.com/site/beer_logos/beer-12563_265a0_sm.jpeg
Rye Kolsch,Great Valley Farm Brewery,Kölsch,5.80%,3.5,3.6197,https://untappd.com/b/great-valley-farm-brewery-rye-kolsch/2624045,https://untappd.com/GreatValleyFarmBrewery,https://assets.untappd.com/site/brewery_logos/brewery-302542_4eccc.jpeg
I Don't Like Mondays,Fat Orange Cat Brew Co.,IPA - New England / Hazy,7.50%,3.25,3.82206,https://untappd.com/b/fat-orange-cat-brew-co-i-don-t-like-mondays/3014668,https://untappd.com/FatOrangeCatBrewCo,https://assets.untappd.com/site/beer_logos/beer-3014668_40919_sm.jpeg
Living In Our Own Private Idaho,Fat Orange Cat Brew Co.,IPA - New England / Hazy,7.50%,4,3.91187,https://untappd.com/b/fat-orange-cat-brew-co-living-in-our-own-private-idaho/2642252,https://untappd.com/FatOrangeCatBrewCo,https://assets.untappd.com/site/beer_logos/beer-2642252_c0686_sm.jpeg
Traditional Lager,Yuengling Brewery,Lager - American Amber / Red,4.50%,3.25,3.50127,https://untappd.com/b/yuengling-brewery-traditional-lager/16649,https://untappd.com/Yuengling,https://assets.untappd.com/site/beer_logos/beer-16649_c244e_sm.jpeg
Chasing Ghosts,Heliotrope Brewery,Porter - Other,7.30%,3.75,0,https://untappd.com/b/heliotrope-brewery-chasing-ghosts/4148049,https://untappd.com/HeliotropeBrewery,https://assets.untappd.com/site/brewery_logos/brewery-451361_dac98.jpeg
Alpha King,3 Floyds Brewing,Pale Ale - American,6.66%,3.75,3.95444,https://untappd.com/b/3-floyds-brewing-alpha-king/2743,https://untappd.com/3floyds,https://assets.untappd.com/site/beer_logos/beer-2743_4cdb5_sm.jpeg
Vienna Lager,Devils Backbone Brewing Company,Lager - Vienna,5.20%,3.5,3.62546,https://untappd.com/b/devils-backbone-brewing-company-vienna-lager/18974,https://untappd.com/devilsbackbonebeers,https://assets.untappd.com/site/beer_logos/beer-18974_09f64_sm.jpeg
Zombie Dust,3 Floyds Brewing,Pale Ale - American,6.50%,4.25,4.20621,https://untappd.com/b/3-floyds-brewing-zombie-dust/13559,https://untappd.com/3floyds,https://assets.untappd.com/site/beer_logos/beer-13559_b484d_sm.jpeg
Canvas,Foam Brewers,Pale Ale - New Zealand,4.50%,4,3.89776,https://untappd.com/b/foam-brewers-canvas/3138508,https://untappd.com/FoamBrewers,https://assets.untappd.com/site/beer_logos/beer-3138508_c3a37_sm.jpeg
Stacks On Stacks,Other Half Brewing Co.,IPA - Imperial / Double New England / Hazy,8.50%,4.25,4.29676,https://untappd.com/b/other-half-brewing-co-stacks-on-stacks/1885144,https://untappd.com/OtherHalfBrewingCompany,https://assets.untappd.com/site/beer_logos/beer-1885144_cc4e3_sm.jpeg
Bringing Extra Sexy Back,Aslin Beer Company,IPA - Imperial / Double,9.40%,3.75,4.08835,https://untappd.com/b/aslin-beer-company-bringing-extra-sexy-back/3948293,https://untappd.com/AslinBeerCompany,https://assets.untappd.com/site/beer_logos/beer-3948293_35deb_sm.jpeg
Double Forever Cashmere,Other Half Brewing Co.,IPA - Imperial / Double,8.50%,4.25,4.23843,https://untappd.com/b/other-half-brewing-co-double-forever-cashmere/4177489,https://untappd.com/OtherHalfBrewingCompany,https://assets.untappd.com/site/beer_logos/beer-4177489_97595_sm.jpeg
Tempest,Cushwa Brewing Co.,IPA - Triple New England / Hazy,10%,3,4.20641,https://untappd.com/b/cushwa-brewing-co-tempest/4146523,https://untappd.com/CushwaBrewingCompany,https://assets.untappd.com/site/beer_logos/beer-4146523_60794_sm.jpeg
Doch,Aslin Beer Company,Märzen,6.20%,3.5,3.71492,https://untappd.com/b/aslin-beer-company-doch-amber-lager/3586122,https://untappd.com/AslinBeerCompany,https://assets.untappd.com/site/brewery_logos/brewery-170844_e2a8f.jpeg
Aecht Schlenkerla Rauchbier – Urbock,"Schlenkerla (""Heller-Bräu"" Trum)",Rauchbier,6.50%,4.5,3.73596,https://untappd.com/b/schlenkerla-heller-brau-trum-aecht-schlenkerla-rauchbier-urbock/10052,https://untappd.com/Schlenkerla-Brewery,https://assets.untappd.com/site/beer_logos/beer-10052_49742_sm.jpeg
The Substance,Bissell Brothers Brewing Company,IPA - New England / Hazy,6.60%,4.5,4.11443,https://untappd.com/b/bissell-brothers-brewing-company-the-substance/190311,https://untappd.com/BissellBrothersBrewingCo,https://assets.untappd.com/site/beer_logos/beer-190311_2fe6a_sm.jpeg
Double Cut Gems,Other Half Brewing Co.,IPA - Imperial / Double,8%,3.75,4.19765,https://untappd.com/b/other-half-brewing-co-double-cut-gems/4103429,https://untappd.com/OtherHalfBrewingCompany,https://assets.untappd.com/site/beer_logos/beer-4103429_92ec8_sm.jpeg
Traced,Other Half Brewing Co.,IPA - Imperial / Double,8%,4,4.12555,https://untappd.com/b/other-half-brewing-co-traced/4114979,https://untappd.com/OtherHalfBrewingCompany,https://assets.untappd.com/site/beer_logos/beer-4114979_8bba2_sm.jpeg
Supa' Sumo,Toppling Goliath Brewing Co.,IPA - Imperial / Double,7.80%,4,4.25351,https://untappd.com/b/toppling-goliath-brewing-co-supa-sumo/1121436,https://untappd.com/topplinggoliathbrewing,https://assets.untappd.com/site/beer_logos/beer-1121436_353c0_sm.jpeg
Whirlpool,Night Shift Brewing,Pale Ale - New England / Hazy,4.50%,4.25,3.83329,https://untappd.com/b/night-shift-brewing-whirlpool/607480,https://untappd.com/nightshiftbeer,https://assets.untappd.com/site/beer_logos/beer-607480_2f0d8_sm.jpeg
Baby Shark,Aslin Beer Company,IPA - New England / Hazy,5.50%,4,3.85922,https://untappd.com/b/aslin-beer-company-baby-shark/2994936,https://untappd.com/AslinBeerCompany,https://assets.untappd.com/site/beer_logos/beer-2994936_d90ac_sm.jpeg
Double Space Cut,Other Half Brewing Co.,IPA - Imperial / Double,8%,4,4.22749,https://untappd.com/b/other-half-brewing-co-double-space-cut/4093396,https://untappd.com/OtherHalfBrewingCompany,https://assets.untappd.com/site/beer_logos/beer-4093396_4bfd5_sm.jpeg
Aecht Schlenkerla Rauchbier – Märzen,"Schlenkerla (""Heller-Bräu"" Trum)",Rauchbier,5.10%,4.25,3.46215,https://untappd.com/b/schlenkerla-heller-brau-trum-aecht-schlenkerla-rauchbier-marzen/471,https://untappd.com/Schlenkerla-Brewery,https://assets.untappd.com/site/beer_logos/beer-471_8cf40_sm.jpeg
Power Moves,Aslin Beer Company,IPA - New England / Hazy,5.50%,3.75,3.85479,https://untappd.com/b/aslin-beer-company-power-moves/2586857,https://untappd.com/AslinBeerCompany,https://assets.untappd.com/site/beer_logos/beer-2586857_f3f73_sm.jpeg
PULP DADDY,Greater Good Imperial Brewing Company,IPA - Imperial / Double New England / Hazy,8%,3.5,4.05794,https://untappd.com/b/greater-good-imperial-brewing-company-pulp-daddy/2599185,https://untappd.com/GreaterGoodImperialsBrewery,https://assets.untappd.com/site/beer_logos/beer-2599185_c0199_sm.jpeg
Cafe Royale (2020),Alewerks Brewing Company,Stout - Imperial / Double Milk,8.40%,4,4.26478,https://untappd.com/b/alewerks-brewing-company-cafe-royale-2020/3673227,https://untappd.com/AleWerks,https://assets.untappd.com/site/beer_logos/beer-3673227_9ad3f_sm.jpeg
Creatures of Magic,Burlington Beer Co.,IPA - New England / Hazy,6.50%,3.75,4.04078,https://untappd.com/b/burlington-beer-co-creatures-of-magic/2679539,https://untappd.com/BurlingtonBeer,https://assets.untappd.com/site/beer_logos/beer-2679539_918ac_sm.jpeg
Lunch Money,Queen City Brewing,Stout - Milk / Sweet,5.30%,2.5,3.48261,https://untappd.com/b/queen-city-brewing-lunch-money/2183381,https://untappd.com/QCBrewing,https://assets.untappd.com/site/brewery_logos/brewery-QueenCityBrewing_6210.jpeg
Falstaf's Curtain Call,Queen City Brewing,IPA - Imperial / Double,6.70%,2.5,3.64722,https://untappd.com/b/queen-city-brewing-falstaf-s-curtain-call/3826626,https://untappd.com/QCBrewing,https://assets.untappd.com/site/brewery_logos/brewery-QueenCityBrewing_6210.jpeg
Baltic Porter,Skipping Rock Beer Co.,Porter - Baltic,9.20%,3.75,4.0432,https://untappd.com/b/skipping-rock-beer-co-baltic-porter/3079750,https://untappd.com/SkippingRockBeerCo,https://assets.untappd.com/site/beer_logos/beer-3079750_68eaf_sm.jpeg
Blackberry Gose,Skipping Rock Beer Co.,Sour - Fruited Gose,4.50%,4,3.99289,https://untappd.com/b/skipping-rock-beer-co-blackberry-gose/3754057,https://untappd.com/SkippingRockBeerCo,https://assets.untappd.com/site/brewery_logos/brewery-406078_67078.jpeg
Hazy Pale Ale,Skipping Rock Beer Co.,Pale Ale - New England / Hazy,4.90%,3.5,3.81651,https://untappd.com/b/skipping-rock-beer-co-hazy-pale-ale/3668346,https://untappd.com/SkippingRockBeerCo,https://assets.untappd.com/site/beer_logos/beer-3668346_eef22_sm.jpeg
Oatmeal Stout,Skipping Rock Beer Co.,Stout - Oatmeal,5.80%,3.75,3.74417,https://untappd.com/b/skipping-rock-beer-co-oatmeal-stout/3626633,https://untappd.com/SkippingRockBeerCo,https://assets.untappd.com/site/beer_logos/beer-3626633_0b3bd_sm.jpeg
NEIPA,Skipping Rock Beer Co.,IPA - New England / Hazy,6.60%,3.75,3.89704,https://untappd.com/b/skipping-rock-beer-co-neipa/3171472,https://untappd.com/SkippingRockBeerCo,https://assets.untappd.com/site/beer_logos/beer-3171472_aa57a_sm.jpeg
Amber Lager,Skipping Rock Beer Co.,Lager - Amber / Red,5.20%,3.75,3.71036,https://untappd.com/b/skipping-rock-beer-co-amber-lager/3079765,https://untappd.com/SkippingRockBeerCo,https://assets.untappd.com/site/beer_logos/beer-3079765_1cb3f_sm.jpeg
EZ Street,Shenandoah Valley Brewing Company,Red Ale - American Amber / Red,4.30%,3.5,3.27,https://untappd.com/b/shenandoah-valley-brewing-company-ez-street/4024066,https://untappd.com/shenbrew,https://assets.untappd.com/site/brewery_logos/brewery-112719_f35b7.jpeg
Little Mama,Redbeard Brewing,IPA - American,8%,3.75,3.89968,https://untappd.com/b/redbeard-brewing-little-mama/1916029,https://untappd.com/redbeardbrewing,https://assets.untappd.com/site/beer_logos/beer-1916029_10c05_sm.jpeg
Moriarty Baker's Single Barrel Aged (2020),Redbeard Brewing,Stout - Imperial / Double,10%,3.75,4.23393,https://untappd.com/b/redbeard-brewing-moriarty-baker-s-single-barrel-aged-2020/4002948,https://untappd.com/redbeardbrewing,https://assets.untappd.com/site/beer_logos/beer-4002948_f0fb8_sm.jpeg
Moriarty Baker's Hazelnut Coffee (2020),Redbeard Brewing,Stout - Imperial / Double,10%,4,4.25973,https://untappd.com/b/redbeard-brewing-moriarty-baker-s-hazelnut-coffee-2020/4003015,https://untappd.com/redbeardbrewing,https://assets.untappd.com/site/beer_logos/beer-4003015_d4930_sm.jpeg
Malzhaus On Fire,Heliotrope Brewery,Rauchbier,6.30%,3.75,3.95357,https://untappd.com/b/heliotrope-brewery-malzhaus-on-fire/3976700,https://untappd.com/HeliotropeBrewery,https://assets.untappd.com/site/brewery_logos/brewery-451361_dac98.jpeg
Mansplaining the Patriarchy,Heliotrope Brewery,IPA - New England / Hazy,7.60%,4,4.06453,https://untappd.com/b/heliotrope-brewery-mansplaining-the-patriarchy/4110498,https://untappd.com/HeliotropeBrewery,https://assets.untappd.com/site/brewery_logos/brewery-451361_dac98.jpeg
Church Camp Hookup,Heliotrope Brewery,IPA - New England / Hazy,6.60%,4,3.90787,https://untappd.com/b/heliotrope-brewery-church-camp-hookup/3621012,https://untappd.com/HeliotropeBrewery,https://assets.untappd.com/site/brewery_logos/brewery-451361_dac98.jpeg
Citra Dry Hopped True New Englander,Trillium Brewing Company,IPA - Imperial / Double New England / Hazy,8.10%,4.25,4.22268,https://untappd.com/b/trillium-brewing-company-citra-dry-hopped-true-new-englander/4105433,https://untappd.com/TrilliumBrewing,https://assets.untappd.com/site/beer_logos/beer-4105433_68086_sm.jpeg
Softly Spoken Magic Spells,SingleCut Beersmiths,IPA - Imperial / Double New England / Hazy,8.60%,4,4.16881,https://untappd.com/b/singlecut-beersmiths-softly-spoken-magic-spells/1458464,https://untappd.com/SingleCutBeersmiths,https://assets.untappd.com/site/beer_logos/beer-1458464_241ef_sm.jpeg
new SOP,Reason Beer,IPA - Imperial / Double,7.70%,3,3.78493,https://untappd.com/b/reason-beer-new-sop/2476861,https://untappd.com/ReasonBeer,https://assets.untappd.com/site/beer_logos/beer-2476861_36657_sm.jpeg
Cloud Club Vega,Bingo Beer Co.,IPA - New England / Hazy,7%,3,3.87403,https://untappd.com/b/bingo-beer-co-cloud-club-vega/4108976,https://untappd.com/BingoBeerCo,https://assets.untappd.com/site/beer_logos/beer-4108976_0c14b_sm.jpeg