"Brewery Name","description","image_url","ratingValue","bestRating","reviewCount","streetAddress","addressLocality","addressRegion","telephone","warningservesCuisine"
"Tree House Brewing Company","Tree House Brewing Company brews a vast array of ales.  The offerings vary based on the season, our moods, and innovations discovered in the midst of day in and day out brewing.  Our artisan brewery knows no bounds and we are driven by an intense curiosity of ingredients and how they blend together to create something special.","https://assets.untappd.com/site/brewery_logos/brewery-treehousebrewingcompany_20084.jpeg","4.316","5","5845122","129 Sturbridge Rd","Charlton","MA","",""
"Schlenkerla (""Heller-Bräu"" Trum)","Schlenkerla, the historic smoked beer brewery.

In the middle of the old part of Bamberg, directly beneath the mighty cathedral, one can find the smoked beer brewery Schlenkerla. First mentioned in 1405 as ""house of the blue lion"" and now run by the Trum family in the 6th generation, it is the fountain of Aecht Schlenkerla Rauchbier (Original Schlenkerla Smokebeer), Bamberg's Specialty for centuries.

The Original Schlenkerla Smokebeer is here at the brewery tavern still being tapped directly from the wooden barrel according to old tradition.","https://assets.untappd.com/site/brewery_logos/brewery-2001_78248.jpeg","3.57","5","473604","Dominikanerstraße 6","Bamberg Germany","Bayern","",""
"Grassroots Brewing","Informed by travel and friendship, Grassroots Brewing creates artisan ales inspired by experience and imagination.","https://assets.untappd.com/site/brewery_logos/brewery-grassrootsbrewing_8022.jpeg","4.133","5","89927","403 Hill Rd","Greensboro Bend","VT","",""
"Hill Farmstead Brewery","Hill Farmstead Brewery is the culmination of many years of travel and insight—of experience and education—of friendships and explorations.

The brewery is the revival and continuation of 220 years of Hill heritage and hand crafted history in North Greensboro, Vermont.","https://assets.untappd.com/site/brewery_logos/brewery-2562_e7536.jpeg","4.313","5","1528408","403 Hill Rd","Greensboro","VT","",""
"Other Half Brewing Co.","In 2014, Sam Richardson, Matt Monahan and Andrew Burman founded Other Half Brewing Company, a local brewery in New York City with a simple mission: to create beers that they wanted to drink from a company that they wanted to be a part of.

Their vision was to build a passionate team that brewed great beers in the state of New York—done so with effort and thoughtfulness—to represent the “Other Half” of the industry.

Today, Other Half craft beers in their Brooklyn brewery and are dedicated to collaborating with breweries both in New York as well as across the world in an effort to constantly move the industry forward while elevating the craft.

The Other Half team believes that local breweries play an important role in their communities which is why they partner with these other likeminded brewers and brands in local nabes across the country and the world—but always return to their home state of New York and their Brooklyn taproom.","https://assets.untappd.com/site/brewery_logos_hd/brewery-94785_ca64f_hd.jpeg","4.209","5","5493000","195 Centre St","Brooklyn","NY","",""
"Monument City Brewing","","https://assets.untappd.com/site/brewery_logos/brewery-164880_dda15.jpeg","3.773","5","94519","1 N Haven St","Baltimore","MD","",""
"Fabbrica di Pedavena","","https://assets.untappd.com/site/brewery_logos/brewery-FabbricadiPedavena_5024.jpeg","3.181","5","77978","78 Viale Vittorio Veneto","Pedavena Italy","Veneto","",""
"Dancing Gnome","We unapologetically brew hop pronounced styles and believe in the process of designing, refining, and perfecting our creations. 

With the understanding and appreciation of tradition, we take calculated liberties to forge a new path for the American Ale.

We believe in eudaimonia, indulgence, and a harmonious blend of earnest work and ebullient play. We believe in the dichotomy of reverent traditions and brazen pioneers.","https://assets.untappd.com/site/brewery_logos_hd/brewery-203121_6b75e_hd.jpeg","4.095","5","453116","1025 Main St","Pittsburgh","PA","",""
"Mortals Key Brewing Company","","https://assets.untappd.com/site/brewery_logos/brewery-279261_2bb16.jpeg","3.685","5","9236","4224 East Lake Road","Jamestown","PA","",""
"Pittsburgh Brewing Company","Since 1861, Pittsburgh Brewing Company has always been committed to a few things: deep roots in the Pittsburgh community, strong tradition, innovation, and of course, brewing great beer. We've been at it for 160 years, and with every bottle we keep getting better.","https://assets.untappd.com/site/brewery_logos/brewery-7967_f2566.jpeg","3.056","5","96402","150 Ferry St","Creighton","PA","",""
"Lolev Beer","Haze • Crispy • Funky • Oaked","https://assets.untappd.com/site/brewery_logos_hd/brewery-519872_da7df_hd.jpeg","4.117","5","66328","5247 Butler St","Pittsburgh","PA","",""
"Commonwealth Brewing Company","At Commonwealth Brewing Company, we believe that beer should be adventurous, diverse, extremely drinkable, and sometimes even wild. We uphold rustic farmhouse traditions, huge hop American styles, and the complex depths of wild fermentations. Located in the newly renovated, former Chesapeake Beach Fire & Rescue station in Virginia Beach, we’re proud to continue the tradition as a local gathering place. We are so thankful to be able to do what we love in a place we love.","https://assets.untappd.com/site/brewery_logos_hd/brewery-13440_7c33b_hd.jpeg","3.971","5","438782","2444 Pleasure House Rd ","Virginia Beach","VA","",""
"Magnanimous Brewing","No Brew Gods. No Brew Masters.
Tasting rooms in Tampa Heights & Seminole Heights","https://assets.untappd.com/site/brewery_logos_hd/brewery-399672_9303a_hd.jpeg","4.059","5","173389","1420 N Florida Ave","Tampa","FL","",""
"Brujos Brewing","Crafting Liquid Spells - Portland, Oregon.","https://assets.untappd.com/site/brewery_logos_hd/brewery-178746_afed5_hd.jpeg","4.387","5","135574","2377 NW Wilson St","Portland","OR","",""
"Messorem ","Messorem is a craft brewery by the Lachine canal in the south-west of Montreal, Quebec, Canada.","https://assets.untappd.com/site/brewery_logos_hd/brewery-427314_4eb95_hd.jpeg","4.222","5","542468","2233 Rue Pitt","Montreal Canada","QC","",""
"Long Live Beerworks","Independent Providence-based brewery focusing on IPAs, sours + stouts.","https://assets.untappd.com/site/brewery_logos/brewery-246374_e16e1.jpeg","4.173","5","314656","40R Sprague Street","Providence","RI","",""
"Wheatland Spring Farm + Brewery","Estate brewery growing beer. Truly.","https://assets.untappd.com/site/brewery_logos_hd/brewery-433200_bb48a_hd.jpeg","4.042","5","32477","38506 John Wolford Rd","Waterford","VA","",""
"Parish Brewing Co.","A small brewery in Cajun country doing battle against boring tasteless swill.  Our brews wont make you better looking but they taste great.  Drink dat.","https://assets.untappd.com/site/brewery_logos/brewery-parishbrewingco_10253.jpeg","4.099","5","657519","229 Jared Dr.","Broussard","LA","",""
"von Trapp Brewing","Over the course of many visits to Austria, Johannes von Trapp, the youngest son of Maria and the Baron, gained an appreciation for the crisp, clean Austrian lager beers.  When the craft beer movement in the United States gained momentum in the early 1990s, there was a noticeable lack of focus on lagers.  It’s not surprising, considering that lagers are more challenging to brew, take longer to mature, and are therefore more expensive to create.  For two decades Johannes dreamed of building an Austrian-style brewery at the Trapp Family Lodge, and in 2010 that dream came to fruition.  A humble brewery with capacity for 2,000 barrels per year quickly attracted attention under the name Trapp Lager, and the brewery received requests from all over the United States.  The von Trapp family, who had always been reticent to commercialize their family heritage, realized that they had a product deserving of the family name.  The new facility, completed in 2015 under the name von Trapp Brewing, allowed the family to expand beyond their home territory and spread the gospel of craft lagers.","https://assets.untappd.com/site/brewery_logos_hd/brewery-4157_0ee20_hd.jpeg","3.654","5","232109","1333 Luce Hill Rd","Stowe","VT","",""
"Heliotrope Brewery","Heliotrope is a farmhouse-style brewery committed to the production of rustic ales and lagers.","https://assets.untappd.com/site/brewery_logos_hd/brewery-451361_dac98_hd.jpeg","3.86","5","5901","128 S Main St","Lexington","VA","",""
"Fidens Brewing Co.","The idea was simple from the start. Let’s open a small brewery and try to do it ourselves in Albany, NY. We kicked around ideas of what we would need to do while on road trips to our favorite breweries near and far. The truth is, we didn't have any experience outside of one of us cleaning kegs and packaging beer in college. It was just a dream to be able to call it our jobs and to make it on our own. ","https://assets.untappd.com/site/brewery_logos_hd/brewery-426930_f396a_hd.jpeg","4.386","5","678948","897 Broadway","Albany","NY","",""
"CLAG Brewing Company","","https://assets.untappd.com/site/brewery_logos_hd/brewery-366410_6915d_hd.jpeg","4.289","5","129279","216 Columbus Ave","Sandusky","OH","",""
"Silver Branch Brewing Company","Silver Branch Brewing Company is a multi-state production brewery founded in March 2019 by Christian Layke and Brett A. Robison. With taprooms in Maryland — including Silver Branch Lagerhaus & Biergarten in Silver Spring and Silver Branch Rockville Beerworks — the brewery draws inspiration from the four major brewing cultures, blending European tradition with American innovation.

Silver Branch’s Virginia location in Warrenton was lost to a fire in 2024, and plans are underway to reopen. Across every location, the focus remains the same: brewing multi-dimensional beers designed so the last sip of your last beer is just as enjoyable as the first sip of your first— all in the spirit of Gemütlichkeit, where great beer is meant to be shared in good company.","https://assets.untappd.com/site/brewery_logos_hd/brewery-390476_6f756_hd.jpeg","3.781","5","73741","8401 Colesville Rd","Silver Spring","MD","",""
"Dogfish Head Craft Brewery","Dogfish Head started in June 1995 when Dogfish Head Brewings & Eats was established in the beach community of Rehoboth Beach, Delaware. Dogfish Head was the first brewpub of the state. The original plan to deliver great music, delicious food and fine beers to the community came to life when the first batch of Shelter Pale Ale beers were started. Soon, Dogfish Head engaged in brewing 12 gallons of beer batches to supply the restaurant’s need. Dogfish Head brewery quickly achieved popularity beyond the state and reaches to nearby areas like Philadelphia and Washington D.C. By 2000, Dogfish Head is selling over 20 types of beers in 30 states.","https://assets.untappd.com/site/brewery_logos_hd/brewery-459_21f0f_hd.jpeg","3.84","5","5842400","6 Cannery Village Blvd","Milton","DE","",""
"Oxbow Brewing Company","Oxbow is an American farmhouse brewery specializing in traditional Belgian-style ales with contemporary American influence. We brew small batches of beer in a renovated barn in rural Newcastle, Maine. Our beers can be found in fine bars and restaurants throughout Maine, Vermont, New York City, Philadelphia, Baltimore & Washington DC.","https://assets.untappd.com/site/brewery_logos/brewery-OxbowBrewery_10034.jpeg","3.858","5","312320","274 Jones Woods Rd","Newcastle","ME","",""
"Escape Brewing Company","Escape Brewing Company was founded on the principles of creating a brewery that is embraced and valued by their community, committed to their customers, all while using the finest and best ingredients possible, and to have the passion and drive of brewing beer they are proud of.","https://assets.untappd.com/site/brewery_logos/brewery-159364_bc51c.jpeg","3.864","5","43493","11495 Trinity Blvd","New Port Richey","FL","",""
"Port City Brewing","Since 2011, Port City Brewing Company has been brewing award-winning craft beer. We are a reliable and innovative brewery of delicious, well-balanced beers which are true to style and celebrate their raw ingredients.","https://assets.untappd.com/site/brewery_logos/brewery-7771_084be.jpeg","3.666","5","334120","3950 Wheeler Ave","Alexandria","VA","",""
"Dovetail Brewery","Traditional methods. Continental European Styles. We brew like monks, minus the vows.","https://assets.untappd.com/site/brewery_logos/brewery-272842_a994d.jpeg","3.817","5","107229","1800 W Belle Plaine Ave","Chicago","IL","",""
"Maplewood Brewing Company","Proudly brewed in Chicago's Logan Square.","https://assets.untappd.com/site/brewery_logos_hd/brewery-60837_aa2e2_hd.jpeg","3.954","5","516998","2717 N. Maplewood Ave.","Chicago","IL","",""
"Wayward Lane Brewing","A true farm brewery in Schoharie, NY. Lager of all kinds - Hazy & West Coast IPA - English Ales - Barrel Aged Strong Ales - Saison/Mixed Culture/Spon.","https://assets.untappd.com/site/brewery_logos_hd/brewery-494174_f8e05_hd.jpeg","4.066","5","32599","251 Ward Ln","Schoharie","NY","",""
"Lawson’s Finest Liquids","Lawson’s Finest Liquids is a B Corp certified brewery and taproom located in Waitsfield, VT. We craft and deliver the finest and freshest beer possible to delight our fans and to cultivate healthy, vibrant communities.","https://assets.untappd.com/site/brewery_logos_hd/brewery-3758_8ca25_hd.jpeg","4.091","5","756490","155 Carroll Road","Waitsfield","VT","",""
"Barrique Brewing and Blending","Barrique Brewing & Blending is an all barrel aged brewery located in the heart of Nashville, TN. We craft unique open fermented, blended, and fruited sour beers using local ingredients. 
Our clean beer program focuses on continental lagers, authentic English cask ales, smoked beers, and the occasional West Coast IPA. ","https://assets.untappd.com/site/brewery_logos_hd/brewery-380949_c08ff_hd.jpeg","4.108","5","64758","30 Oldham St","Nashville","TN","",""
"Goose Island Beer Co.","Our famous beer began with a trip across Europe, when Goose Island founder (and unabashed beer lover) John Hall took a tour across the continent. Pint by pint, he savored the styles and selections of brews in every region, and thought to himself, “America deserves some damn fine beer like this, too.”

Craft brewing wasn’t widely known at the time, but upon return from his European sojourn, John set out to change all that. He settled down in his hometown of Chicago—a city perfect for craft beer, with rapidly evolving tastes and the largest system of fresh water on the planet. And then he got to brewing.

First he made some stellar beer. Then he invited his consumers in to watch his process at the brewery, bringing them behind the scenes every step of the way. The result was a new fascination with craft brewing, and beer that not only catered to people’s tastes, but challenged them as well.

That was back in 1988, and we haven’t slowed down since. By 1995, John’s beer had become so popular that he decided to open a larger brewery, along with a bottling plant to keep up with demand.  Today, what was once one man’s pint-filled dream has become the Goose Island empire you know and love..","https://assets.untappd.com/site/brewery_logos_hd/brewery-2898_29dc8_hd.jpeg","3.905","5","6310049","1800 West Fulton St","Chicago","IL","",""
"Timber Ales","A brewery focused on barrel-aged dark liquids.

Born in NYC, Brewed in CT","https://assets.untappd.com/site/brewery_logos_hd/brewery-396873_a5cf3_hd.jpeg","4.191","5","149236","","North Haven","CT","",""
"Sante Adairius Rustic Ales","Sante Adairius Rustic Ales is a small, but daring, brewery located in the coastal city of Capitola, CA, just south of Santa Cruz.

Sante Adairius is a brewery founded on respect for quality and authenticity. We focus our attention on producing well-constructed beers with an eye towards simplicity and character. SARA takes liberty in emulating those memorable beers, their brewers, and the experiences they foster, never forgetting those giants on whose shoulders we stand.

Our approach to beer making is one of whimsy, highly inspired by the Belgian tradition, but also in harmony with brewers all over the world who push against boundaries of style with a nudge, not a shove. Often our beers are barrel-aged, usually in wine barrels, with various yeast and bacteria. As often as not though, Sante Adairius brews beers more approachable and traditional in nature, yet no less flavorful or distinctive.

Owned and operated by Adair Paterno, Sante Adairius Rustic Ales is an attempt to bring people together over great beer. SARA is an expression of our many years of beer geekery, the rabbit hole of tasting every beer we could get our hands on, and trusting we could contribute to the canon of those beers of the highest esteem. We believe great beer comes first. We stay true to our brewing roots. We take seriously the fact that we are brewing for you, and for ourselves. We appreciate your interest in our efforts. Sante!","https://assets.untappd.com/site/brewery_logos/brewery-31355_09cc4.jpeg","4.235","5","405258","103 Kennedy Drive","Capitola","CA","",""
"The Veil Brewing Co.","Craft brewery located in Richmond and Norfolk, Va. Focusing on hop-forward ales, high gravity barrel aging, and spontaneous fermentation.","https://assets.untappd.com/site/brewery_logos_hd/brewery-245461_7b8d6_hd.jpeg","4.156","5","1756730","1509 Belleville St","Richmond","VA","",""
"Sacred Profane Brewing","Brewery and Tankpub

Cold Lager Warm Hearts","https://assets.untappd.com/site/brewery_logos_hd/brewery-528583_051b3_hd.jpeg","3.94","5","13162","50 Washington St, ME 04005, USA","Biddeford","ME","",""
"everywhere","we are a community-centric brewery based in orange, california. head to our website for more information, and have a nice day!","https://assets.untappd.com/site/brewery_logos_hd/brewery-523073_0761d_hd.jpeg","4.162","5","124519","1501 West Orangewood Avenue, CA, USA","Orange","CA","",""
"Anheuser-Busch","The leading American brewer, bringing people together for more than 160 years.","https://assets.untappd.com/site/brewery_logos/brewery-44_b0ef2.jpeg","2.666","5","3023109","1 Busch Pl","St. Louis","MO","",""
"Funky Buddha Brewery","Florida radiates good vibes. Funky Buddha was founded in Florida, and to this day, still channels that goodness into a full-flavored beer brewed from high-quality ingredients. So let the good vibes flow and crack one open.","https://assets.untappd.com/site/brewery_logos_hd/brewery-3741_1d452_hd.jpeg","3.882","5","883463","1201 NE 38th St","Oakland Park","FL","",""
"Toppling Goliath Brewing Co.","Named 2023 & 2021 US Beer Open Grand National Champions. Founded in 2009 in beautiful Decorah, Iowa. World-renowned for IPAs and barrel-aged stouts, distributing to over 30 states and brewing more than 35 beers. TG prides it’s-self in crafting truly top-shelf beer and is honored to be growing with the support of its many customers worldwide.","https://assets.untappd.com/site/brewery_logos_hd/brewery-7532_a62d3_hd.jpeg","4.135","5","2262846","1600 Prosperity Rd","Decorah","IA","",""
"The Drowned Lands Brewery","The Drowned Lands is a farm brewery founded as a homage to the dirt on which it is built.  

It is a culmination of years of exploration and inspiration from the land. 

The beer we create takes its cues from the richest soil in the country - connected distinctly to both time and place - inspired by old world techniques and modern innovation. 

Anything worth doing takes time, so slow down and stay awhile.

""Best Brewery in NY State"" TAP NY 2022, ""10 Best Brewery in the Country"" USA Today, ""10 Best New Breweries USA"" Hop Culture Magazine","https://assets.untappd.com/site/brewery_logos_hd/brewery-459686_4ed92_hd.jpeg","4.035","5","164621","251 State School Rd","Warwick","NY","",""
"Bluejacket","Bluejacket was built to be a brewery without boundaries, allowing Beer Director Greg Engert and Director of Brewery Operations Ro Guenzel to create beers across the broadest range of styles and flavors possible.  At Bluejacket, understanding of and respect for the traditions and techniques of classic brewing coexist with a spirit of constant experimentation, innovation, and collaboration, leading to delicious beers that showcase seasonality, culinary inspiration, and historic interpretation.  Expect beers that range from intensely flavored to subtly nuanced; that offer something distinctive and satisfying for every palate and every plate; and that reflect equally the past, present, and future of genuine craft brewing.  Soon, the brewery will begin shipping to carefully selected restaurants, bars, and retail outlets throughout the region.","https://assets.untappd.com/site/brewery_logos_hd/brewery-35837_99aed_hd.jpeg","3.787","5","279254","300 Tingey St SE","Washington","DC","",""
"BabyCat Brewery","Born from a love of nature, pets, family and beer, BabyCat brewery will forever be dedicated to crafting excellent craft beverages and ensuring you, your family and your friends feel right at home every time you visit us.","https://assets.untappd.com/site/brewery_logos/brewery-498935_f3818.jpeg","3.767","5","9005","10241 Kensington Pkwy","Kensington","MD","",""
"Bissell Brothers Brewing Company","Bissell Brothers was born out of a desire to make something from our deepest interests and passions that would become a separate entity; greater than the individual sums of its creators.

We believe that great beer comes from a commitment to be constantly challenging the perceptions of what different styles of beers can actually become. The second we settle, the second we say that a beer has been taken as far as it can go, we start losing. The proverbial mountaintop exists only in our minds. Always be climbing, always be pushing forward.

The next, and equally important commitment, is to the process. There is serenity to be found in even the most menial, repetitive task. There are always ways to improve yourself and your methods, hiding just below the surface.

The parties, jokes, and fun we seem to be having? We have created our own world in which to reside, and we love sharing it with all those that want to partake. I promise you, there is no greater joy, professionally.

The painfully fleeting span of the human life is much too short and precious to spend it being anything less than the best you can possibly be in your chosen vocation. We love the work we do, for its own sake. We spend every day trying to get better, and we treat the opportunity to give this beer to the people of Maine every week as the gift that it is.

Thank you for drinking.","https://assets.untappd.com/site/brewery_logos_hd/brewery-32943_160e8_hd.jpeg","4.15","5","624072","38 Resurgam Pl","Portland","ME","",""
"Fonta Flora Brewery","Fonta Flora Brewery integrates the soul of agriculture with the artisanship of zymurgy to create a menagerie of rustic and savory libations.","https://assets.untappd.com/site/brewery_logos_hd/brewery-82899_6b2a8_hd.jpeg","3.962","5","348591","6751 NC-126","Nebo","NC","",""
"Brauerei Locher","In the village of Appenzell, directly at the foot of the Alpstein, the family Locher brews a special beer. With fame and fortune, like all the others also. What everyone else but missing is the fresh water from the fabled Alpstein, directly from the source. This makes the Appenzeller beer so special. So unmistakable tasty and popular, that now already the fifth generation of the family brewery's creative beers.","https://assets.untappd.com/site/brewery_logos_hd/brewery-217_2a04c_hd.jpeg","3.275","5","165217","Industriestrasse 12","Appenzell Switzerland","Appenzell Innerrhoden","",""
"Nordwand Bräu","","https://assets.untappd.com/site/assets/images/temp/badge-brewery-default.png","3.426","5","5749",""," Switzerland","","",""
"Rugenbräu","","https://assets.untappd.com/site/brewery_logos/brewery-Rugenbrau_25444.jpeg","3.243","5","37854","40 Wagnerenstrasse","Matten bei Interlaken Switzerland","Bern","",""
"Brasserie des Franches-Montagnes (BFM)","Nous concocter la meilleure bière!

Founded in 1997 by Jérôme Rebetez, who had formerly been trained as an oenologist, this tiny brewery has rapidly become known for making beers that stretch traditional beer style guidelines and use unorthodox ingredients. BFM's products are made in small batches and hand-packaged at the brewery.","https://assets.untappd.com/site/brewery_logos_hd/brewery-4719_e5957_hd.jpeg","3.954","5","191268","Ch. des Buissons 8","Saignelégier Switzerland","Jura","",""
"Brasserie l'Apaisée","","https://assets.untappd.com/site/brewery_logos_hd/brewery-232466_452e8_hd.jpeg","3.946","5","18728","19 route des Jeunes, 1227","Carouge Switzerland","Genève","",""
"Brasserie du Virage","","https://assets.untappd.com/site/brewery_logos/brewery-239557_13e04.jpeg","3.563","5","5894","Chemin de Maronsy 50","Saconnex-d'Arve-Dessus Switzerland","Genève","",""
"Feldschlösschen","","https://assets.untappd.com/site/brewery_logos/brewery-FeldschlosschenCarlsbergGroup_3058.jpeg","3.092","5","181619","Theophil-Roniger-Strasse","Rheinfelden Switzerland","Aargau","",""
"Burial Beer Co.","Burial Beer Co. crafts bold American creations with a dedication to drinkability, tradition, modernization, and preservation. Our four realms eclipse fresh hoppy ales, quaffable lagers, rustic farmhouse and sour beers and big decadant stouts. At our taproom, you can take home cans and bottles, and taste from over 28 taps when both bars are open. 
Celebrate life. Revive death. 

Our taproom also features a full-service kitchen and a selection of natural wines. Cider and soft drinks are also available. Our menu changes with the season, taking advantage of our taproom gardens, local farms and brewery by-products and fermentables.","https://assets.untappd.com/site/brewery_logos/brewery-burial_62675.jpeg","4.12","5","1533358","40 Collier Ave","Asheville","NC","",""
"Brauerei Spezial","","https://assets.untappd.com/site/brewery_logos/brewery-BrauereiSpezial_222.jpeg","3.62","5","33574","Obere Königstraße 10","Bamberg Germany","Bayern","",""
"Chroust","Family brewery estimated in 2016 in Prague. We brew bitter lagers and characterful ales.","https://assets.untappd.com/site/brewery_logos_hd/brewery-314023_1a9c8_hd.jpeg","3.776","5","82586",""," Czech Republic","","",""
"Fox Farm Brewery","","https://assets.untappd.com/site/brewery_logos/brewery-255445_64f3c.jpeg","4.181","5","258640","62 Music Vale Road","Salem","CT","",""
"Boon Rawd Brewery","Boon Rawd Brewery Co., Ltd., the first and largest Brewery of Thailand. The company was incorporated to oversee the beverage business of Boon Rawd Brewery Co., Ltd. and is responsible for the operation and marketing of beer, soda water, drinking water, ready to drink green tea, and various energy drinks under ""Singha"", ""Leo"", ""Thai Beer"" and ""B-Ing"" brand names. 

At present, Singha Corporation Co., Ltd. operates 3 Breweries and 6 soda water and drinking water factories located in strategic regions across Thailand. 

Moreover, the company's vast distribution network further enhances its ability to serve the customers throughout the kingdom as well as in nearly 50 countries worldwide under full compliance with FDA regulations and approval of each country, including European and North American Countries. ","https://assets.untappd.com/site/brewery_logos/brewery-BoonRawdBrewery_152.jpeg","3.024","5","434415","999 Thanon Samsen","Krung Thep Maha Nakhon Thailand","Krung Thep Maha Nakhon","",""
"Schilling Beer Co.","Progressive European-inspired small-batch brewery in the White Mountains. ","https://assets.untappd.com/site/brewery_logos/brewery-85169_10f15.jpeg","3.943","5","241570","18 Mill St","Littleton","NH","",""
"Guinness","The Guinness® brand enjoys a global reputation as a uniquely authentic beer and the best-selling stout in the world.  Famous for its dark color, creamy head and unique surge and settle, this distinctive beer originated at the St. James’s Gate brewery in Dublin, Ireland. Over 10 million glasses of Guinness beer are enjoyed every single day around the world, and 1.8 billion pints are sold every year.  Guinness beer is available in well over 100 countries worldwide and is brewed in almost 50.

About Diageo Diageo is a global leader in beverage alcohol with an outstanding collection of brands across spirits, beer and wine categories.  These brands include Johnnie Walker, Crown Royal, JεB, Buchanan’s, Windsor and Bushmills whiskies, Smirnoff, Cîroc and Ketel One vodkas, Captain Morgan, Baileys, Don Julio, Tanqueray and Guinness.

Diageo is a global company, and our products are sold in more than 180 countries around the world.  The company is listed on both the London Stock Exchange (DGE) and the New York Stock Exchange (DEO).  For more information about Diageo, our people, our brands, and performance, visit us at www.diageo.com.  Visit Diageo’s global responsible drinking resource, www.DRINKiQ.com, for information, initiatives, and ways to share best practice.

Celebrating life, every day, everywhere.","https://assets.untappd.com/site/brewery_logos_hd/brewery-49_a79e8_hd.jpeg","3.525","5","3334776","St James's Gate","Dublin Ireland","County Dublin","",""
"Devils Backbone Brewing Company","Brewing award winning craft beers in the Virginia Heartland.","https://assets.untappd.com/site/brewery_logos_hd/brewery-4939_86d11_hd.jpeg","3.59","5","797051","200 Mosbys Run","Roseland","VA","",""
"Monkish Brewing Co.","A small brewery & tasting room in Los Angeles (Torrance), California creating Belgian-ish and IPA-ish beers.","https://assets.untappd.com/site/brewery_logos/brewery-MonkishBrewingCo_21152.jpeg","4.302","5","1281372","20311 S. Western Ave.","Torrance","CA","",""
"Carton Brewing Company","Having decided they had something to contribute to the very exciting conversation going on in craft brewing, cousins Chris and Augie Carton teamed up and started Carton Brewing. In the seashore community where they were born and raised, the Carton boys found a turn-of-the-century red brick warehouse and adapted it to accommodate a state-of-the-art Newlands Systems 15 barrel brew house. 6 E. Washington Avenue was turned into an independent craft brewery and their hats were in the ring. Applying a passion for stimulating flavor to inspiration found all around them, they set about their goal: to make tasty beer in the place their tastes were formed.","https://assets.untappd.com/site/brewery_logos_hd/brewery-9558_7ba84_hd.jpeg","3.903","5","484745","6 E Washington Ave","Atlantic Highlands","NJ","",""
"Bières de Chimay","Chimay is the Belgian beer that inspired Belgian-inspired beers. Brewed by Cistercian monks since 1862 at Scourmont Abbey, Chimay belongs to a community of only 11 Trappist breweries in the world. Chimay’s signature beers include the Grande Réserve (Blue), the Première (Red), the Cinq Cents (White), and the Dorée (Gold).","https://assets.untappd.com/site/brewery_logos_hd/brewery-378_cfb6c_hd.jpeg","3.804","5","1404592","8 Rte Charlemagne","Chimay Belgium","Région Wallonne","",""
"Birra Forst","","https://assets.untappd.com/site/brewery_logos/brewery-BirraForstSpA_8671.jpeg","3.191","5","136430","8 Via Venosta","Lagundo Italy","Trentino-Alto Adige","",""
"Sapwood Cellars Brewery","2nd most Untappd Community Awards in the world for 2024, 2025, and 2026!

Columbia Maryland brewery and cidery, home of Albura Taqueria! Focused on hoppy ales and barrel-aged beers. Our tasting room is open Tuesday-Sunday! Cans and bottles are available for online pre-order or walk-ins. Founded by bloggers/authors Michael Tonsmeire and Scott Janish in September 2018.","https://assets.untappd.com/site/brewery_logos_hd/brewery-377326_bc915_hd.jpeg","4.133","5","267759","8980 Maryland 108 Suite MNO","Columbia","MD","",""
"Wunderkammer Biermanufaktur","Rural brewery on a dirt road in Vermont’s Northeast Kingdom, focusing on innovative mixed culture beers, foraging and brewing’s agrarian roots.","https://assets.untappd.com/site/brewery_logos/brewery-497083_c2b89.jpeg","4.182","5","11802","4155 VT-15","Wolcott","VT","",""
"Brasserie d'Achouffe","Towards the end of the 1970s, Pierre Gobron and Christian Bauweraerts (two brother-in-laws) decided to create their own beer in their own brewery.
With initially only a small amount of money available to them (200.000Bfr, less than 5.000€), they started out on what the fans of the brewery call the ‘Chouffe story’.

At the beginning its founders thought of it as a hobby, but the brewery developed at such a rate that, one by one, they decided to devote themselves to the adventure full-time. The first ‘brassin’ (brewing mix) of LA CHOUFFE (49 litres) was finished on 27th August 1982.

The elves of Achouffe were impatient to discover new countries, and their Dutch cousins were the first to give them a warm welcome. Even today, the Netherlands is the major destination of Achouffe Beers outside Belgium. Nowadays, more than 20 countries worldwide are supplied with our ‘nectar’ from the Ardennes forests. Coveted international awards have also been received year after year to reward their unique taste.

At the end of the summer of 2006 the founders of the Brewery chose to entrust the future of their dear elves to the Duvel Moortgat Brewery. The group’s wish is to invest in Achouffe and to develop the full potential of the Brewery.","https://assets.untappd.com/site/brewery_logos_hd/brewery-11866_61236_hd.jpeg","3.655","5","1516016","32 Achouffe","Houffalize Belgium","Région Wallonne","",""
"Lost Generation Brewing Company","Beer drives us. It unites us. We painstakingly choose the best hop lots to make IPA that inspires, take time and care with our lagers to make sure they will amaze, and hand pick our aging program barrels to ensure that what comes out will always impress. We believe that if you’re going to do it, do it right and do it well. And that’s because we make beer for people we love: family, friends, neighbors, and even those who are just goddamned thirsty. 

In here we believe that each pour is an invitation to be one of us. As Gertrude Stein once said, “You are all a Lost Generation.” In here we hold that to be true. We are all one and the same, so let’s raise a glass and have a beer together.

","https://assets.untappd.com/site/brewery_logos/brewery-530401_7058b.jpeg","3.934","5","23851","327 S St NE, DC, USA","Washington","DC","",""
"City-State Brewing","Established in 2020, City-State makes beer inspired by the history and culture of DC","https://assets.untappd.com/site/brewery_logos_hd/brewery-236158_4068f_hd.jpeg","3.6","5","17030","705 Edgewood St NE","Washington","DC","",""
"Coppertail Brewing Company","Coppertail Brewing Company is an independently owned production brewery and tasting room in the Ybor neighborhood of Tampa, FL. It was founded on the desire to bring more quality, Florida-brewed beer to the thirsty masses. Florida Inspired. Tampa Brewed.","https://assets.untappd.com/site/brewery_logos/brewery-coppertail_88856.jpeg","3.76","5","288475","2601 E. 2nd Ave.","Tampa","FL","",""
"Motorworks Brewing","Awarded the distinction of the #3 brewery nationwide at the 2021 U.S. Open Beer Championship, named “Best Large Brewery in Florida” at the 2017 Best Florida Beer Championship, and presented with over 100 championship medals since its opening in 2014, Motorworks Brewing is truly driven to excellence. Co-founded by Frank and Denise Tschida, Motorworks’ iconic flagship facility was built in 1923 and was once home to a Hudson Motors dealership—renowned for outstanding performance and innovative styling—in the late 40s and early 50s. The building’s automotive history, along with Frank’s Sprint Car/ASA background, inspired the Motorworks Brewing name. The Motorworks Brewing team strives to bring their own imaginative and innovative approach to brewing to honor their building’s storied past. Motorworks Brewing boasts two prime locations, one located at 1014 9th Street West in historic Downtown Bradenton, Florida, and one located at 131 N Orange Ave Suite 106 in downtown Orlando, Florida.","https://assets.untappd.com/site/brewery_logos/brewery-104761_7b460.jpeg","3.692","5","148824","1014 9th St W","Bradenton","FL","",""
"Peak Organic Brewing Company","Peak is a craft brewing company, dedicated to making delicious beer using local, artisan and organic ingredients.

With roots in home brewing back in the 90s, brewer Jon Cadoux set about combining his love for beer with an ethic for sustainability. Whenever possible, he would go out and find ingredients from local organic farmers for his homebrews.  It was a defining day when Jon discovered that you don’t need to sacrifice flavor for sustainability, but that better ingredients actually made the beer more delicious.","https://assets.untappd.com/site/brewery_logos_hd/brewery-1815_05b1f_hd.jpeg","3.553","5","316223","110 Marginal Way # 802","Portland","ME","",""
"Deschutes Brewery","Deschutes Brewery was founded in 1988 as a brew pub in Bend, Oregon. Family and employee-owned, the brewery is known for brewing a diverse line-up of award winning beers including the popular Black Butte Porter, Mirror Pond Pale Ale, and Fresh Squeezed IPA. From the beginning, the focus has been on crafting the best beer and food using only the finest ingredients.  In 2008, Deschutes opened a second pub in Portland’s Pearl District. Deschutes Brewery now ships beer to 28 states, the District of Columbia, and around the world from its main brewing facility located on the banks of the Deschutes River.","https://assets.untappd.com/site/brewery_logos_hd/brewery-441_267e6_hd.jpeg","3.798","5","3454777","901 SW Simpson Ave","Bend","OR","",""
"Legend Brewing Company","Legend Brewing Company is a commercial microbrewery providing true premium beers to many of the best pubs and restaurants in Richmond and other areas of Virginia since January, 1994. Our mission is to bring to our customers the finest and freshest brews as flavorful alternatives to mass-marketed mainstream products. We're one of the few craft breweries in this region producing both lagers and ales, which require different yeasts and maturation conditions. All Legend beers are unpasteurized and made from only two-row and specialty barley malt, hops, water and yeast.","https://assets.untappd.com/site/brewery_logos_hd/brewery-1483_a549e_hd.jpeg","3.605","5","109429","321 W 7th St","Richmond","VA","",""
"Manor Hill Brewing","Located on a scenic 54-acre working farm in Ellicott City, Manor Hill Farm is home to Manor Hill Brewing... Howard County's first, and Maryland's largest, farm brewery.

The farm is open to the public on Friday, Saturday, & Sunday. Private Events available 7 days/week.","https://assets.untappd.com/site/brewery_logos/brewery-191373_d299d.jpeg","3.785","5","162797","4411 Manor Lane","Ellicott City","MD","",""
"Anchorage Brewing Company","Anchorage Brewing Company is founded by Gabe Fletcher.  Known for its specialized skill and style in barrel fermentation through the use of Brettanomyces and souring cultures, Anchorage Brewery became one of the newest breweries in Alaska. The Anchorage Brewing Company makes it a goal to provide the best beers out there using the old tradition and new styles of beer.

Some of Anchorage Brewing’s famous beers are the Galaxy White IPA, Love Buzz Saison with Brettanomyces and Bitter Monk Belgian-style Double IPA with Brettanomyces. Anchorage Brewing Company is dedicated to providing fine flavors of beers through special barrel aging and use of Brettanomyces. ","https://assets.untappd.com/site/brewery_logos/brewery-13756_9b85a.jpeg","4.155","5","632187","148 W 91st Ave","Anchorage","AK","",""
"Brasserie Dieu du Ciel!","Établie sur l’avenue Laurier à Montréal depuis 1998, Dieu du Ciel! vise à brasser les meilleures bières, sans compromis, afin de vous offrir une expérience gustative unique et intense. Notre deuxième brasserie de Saint-Jérôme qui a ouvert ses portes en 2007 produit, embouteille et met en canette quelques-unes de nos meilleures bières.","https://assets.untappd.com/site/brewery_logos_hd/brewery-1674_ce8e3_hd.jpeg","3.884","5","657720","21 Av. Laurier O","Montréal Canada","QC","",""
"Sierra Nevada Brewing Co.","In 1980, Ken Grossman built a small brewery in the city of Chico, California. To this day, premium ingredients and time-honored brewing techniques make Sierra Nevada ales and lagers truly exceptional beers.","https://assets.untappd.com/site/brewery_logos/brewery-1142_ddcfe.jpeg","3.703","5","8095156","1075 E 20th St","Chico","CA","",""
"Zero Gravity Beer","Zero Gravity is a Burlington, Vermont based brewery that has been making beautiful and balanced beers since 2004. Brewing modern and unique originals while staying rooted in the classic styles and techniques of the world. In addition to selling beer throughout the Northeast, Zero Gravity has a brewery and beer hall located in the South End of Burlington, Vermont.","https://assets.untappd.com/site/brewery_logos_hd/brewery-4263_6c806_hd.jpeg","3.768","5","423559","716 Pine St","Burlington","VT","",""
"Jack’s Abby Craft Lagers","Jack’s Abby is a family-owned craft brewery in Framingham, MA, brewing craft lagers with traditional German standards and American innovation.","https://assets.untappd.com/site/brewery_logos/brewery-14088_b7757.jpeg","3.768","5","787596","100 Clinton St.","Framingham","MA","",""
"Juicy Brewing Co","Beer conceived vibrant.
Hazy IPAs, smoothie sours and traditional styles.","https://assets.untappd.com/site/brewery_logos/brewery-500952_9f40d.jpeg","4.169","5","39388","257 Sunset Park Drive","Herndon","VA","",""
"Side Project Brewing","World-class Beer for Sharing","https://assets.untappd.com/site/brewery_logos/brewery-sideproject_64810.jpeg","4.417","5","708049","7458 Manchester Road","Saint Louis","MO","",""
"Human Robot","","https://assets.untappd.com/site/brewery_logos_hd/brewery-455967_48a86_hd.jpeg","4.047","5","118783","1710 N 5th St","Philadelphia","PA","",""
"Alewerks Brewing Company","We’re beer people. Some say it, we live it. We drink it, think about it, and talk about it… For us, it’s been all about making great craft beer going on 16 years now. Whatever your favorite style of beer is, you’ll get the best version of it at Alewerks.","https://assets.untappd.com/site/brewery_logos_hd/brewery-2178_944d7_hd.jpeg","3.778","5","316841","189 Ewell Road","Williamsburg","VA","",""
"Utica Club ","First brewed in 1933 at a brewery founded in 1888, Utica Club is a true American original. Born in Utica, New York and built for real people, UC is known for its smooth, easy-drinking taste and no-nonsense attitude. Family-owned, proudly local, and steeped in tradition, Utica Club has always been about good times, honest beer, and unbeatable value—because some things don’t need to change to stay great.","https://assets.untappd.com/site/brewery_logos/brewery-3885_ff8a9.jpeg","3.26","5","19133","830 Varick St","Utica","NY","",""
"Hop Butcher For The World","","https://assets.untappd.com/site/brewery_logos_hd/brewery-23570_3ce55_hd.jpeg","4.139","5","1198389","4257 North Lincoln Avenue","Chicago","IL","",""
"The Alchemist","John and Jen Kimmich originally opened The Alchemist as a 60 seat brew pub in the village of Waterbury in 2003. After eight years of success and growing popularity, they decided to open a small production brewery in Waterbury in 2011.

Not long after, Tropical Storm Irene flooded much of the state, causing widespread damage in downtown Waterbury, including the Pub. Forced to shut the Pub doors, the Kimmichs focused their efforts on the new Cannery and distributing Heady Topper locally.
Pop-up truck sales, long lines in Waterbury, and a booming craft beer scene led up to the opening of the 2016 Stowe Brewery and Visitor’s Center.

Today, The Alchemist operates two breweries in Waterbury and Stowe and distributes Heady Topper and Focal Banger throughout the state, with the occasional out-of-state shipment. Limited specialty beers are released at the Stowe Brewery only, where curbside beer sales have been our only public contact since March 2020.","https://assets.untappd.com/site/brewery_logos_hd/brewery-1244_f17ed_hd.jpeg","4.321","5","818936","100 Cottage Club Road","Stowe","VT","",""
"Brouwerij Van Steenberge","The Van Steenberge brewery stands for independence, progress and growth. It emphasises the traditional art of brewing adapted to the current technological developments and guarantees a reliable quality and service. Respect for our employees and care for the environment are central to our policy.

Our beers excel because of the craft that created them. They are made according to the traditional rules of the art of brewing with the technology of today. Authentic top beers for the beer lovers of today.

Gulden Draak : A unique, Belgian craft beer that is without equal: a strong, dark tripel with secondary fermentation in the bottle. The wine yeast used for the secondary fermentation contributes to the beer’s unparalleled flavour.

Augustijn : The historic yeast strains give Augustijn monastery beer its mild, smooth, but very rich flavour. A beer for any occasion that excels when savoured in a relaxed atmosphere.

Piraat : The power of Piraat takes you on a journey through some unique flavours based on the brewery's rich traditions. A living beer with a rich past. Set sail!

Baptist is brewed on the occasion of the opening of Bar Baptist at the Van Steenberge brewery and as a tribute to Jan Baptist de Bruyne, who founded the brewery in 1784.

And many more to discover!

www.vansteenberge.com","https://assets.untappd.com/site/brewery_logos_hd/brewery-7778_0cfed_hd.jpeg","3.636","5","2151549","Lindenlaan 25","Evergem Belgium","Vlaams Gewest","",""
"Tsingtao (青岛啤酒) Brewery","In August 1903 the Tsingtao Brewery was founded by adventure driven German and British settlers in Qingdao, China.
At present, Tsingtao Beer is exported to more than 100 countries and regions in the world such as the United States, Canada, Britain, France, Germany, Italy, Australia, South Korea, Japan, Denmark, Russia, etc., and is the fifth largest beer producer in the world.","https://assets.untappd.com/site/brewery_logos/brewery-TsingtaoBrewery_1594.jpeg","2.912","5","425366","56 Deng Zhou Lu","Qing Dao Shi China / People's Republic of China","Shan Dong Sheng","",""
"Burlington Beer Co.","Burlington Beer Company is an independent craft brewery rooted in Vermont, driven by creativity, and guided by the seasons. Since 2014, we’ve been brewing Mystically Delicious!™ beers that balance imagination with drinkability, from hop-forward IPAs and crisp lagers to expressive seasonals, fruited ales, and limited-release collaborations.

Our beers live in thoughtfully built families - like the Wizard Family and our fruited Whale Cakes - designed to evolve throughout the year while staying unmistakably our style. We believe great beer should be fun, flavorful, and made with intention.

Great beer deserves great food, too. Our Restaurant & Taproom curates a locally inspired menu crafted to pair seamlessly with our ever-changing draft list, creating a space where food, beer, and community come together.

More than a brewery, we’re a gathering place for beer lovers, artists, families, and creators. From supporting local organizations to hosting events, collaborations, and celebrations, we’re proud to be part of the fabric of our community.

Est. 2014

Burlington, Vermont

✨ Where Fermentation Meets Imagination ✨","https://assets.untappd.com/site/brewery_logos_hd/brewery-39375_9e0e2_hd.jpeg","3.988","5","673887","180 Flynn Avenue, VT, USA","Burlington","VT","",""
"Dust Bowl Brewing Company","Located in California's Central Valley, Dust Bowl Brewing Company opened in 2009 by founder Brett Tate. Brewmaster is Don Oliver, winner of the 2006 Samuel Adams American Homebrew Longshot competition. Partner, Brett Honore, joined in 2010. Dust Bowl Brewing Co. has distribution throughout the Central Valley (from Fresno to Sacramento regions), San Francisco, North Bay & East Bay and Nevada. Dust Bowl has two taproom locations in Turlock, CA.

The new Brewery Taproom is dynamic and expansive, featuring edgy vintage décor, indoor and patio dining, two 20 tap towers featuring our most popular as well as specialty brews, sweeping window views into brewing and packaging, dog friendly beer garden with outdoor games, bike racks… and tours coming soon! The Downtown Taproom offers a more intimate vibe nestled in the lively Downtown Turlock corridor, with 12 craft and specialty beers on tap, indoor and outdoor dining, industrial chic décor and hip pub fare featuring familiar and fresh entrées.","https://assets.untappd.com/site/brewery_logos_hd/brewery-21892_0eff6_hd.jpeg","3.771","5","189966","3000 Fulkerth Rd","Turlock","CA","",""
"Foley Brothers Brewing","Small, quality driven and family owned brewery","https://assets.untappd.com/site/brewery_logos/brewery-FoleyBrothers_48533_89284.jpeg","4.016","5","167710","79 Stone Mill Dam Road","Brandon","VT","",""
"DC Brau Brewing Company","When co-founders Brandon Skall and Jeff Hancock opened the doors to their brewery in 2011, DC Brau Brewing Company became the first packaging brewery inside the District of Columbia since 1956. DC Brau’s signature brews include: The Public (Pale Ale), The Corruption (IPA), The Citizen (Belgian-style Ale), Brau Pils (German-style Pilsner), and Penn Quarter Porter (Robust Porter), with seasonal and special brews available throughout the year including the award-winning On the Wings of Armageddon (Double IPA). For more information on DC Brau, visit http://www.dcbrau.com, and follow on social media @dcbrau.","https://assets.untappd.com/site/brewery_logos_hd/brewery-10489_2c3be_hd.jpeg","3.65","5","370291","3178-B Bladensburg Rd NE","Washington","DC","",""
"Riverside Brewing Co","","https://assets.untappd.com/site/brewery_logos_hd/brewery-384284_c02d1_hd.jpeg","3.718","5","18532","1 Fountain Street","Cambridge Springs","PA","",""
"Timber Creek Tap & Table","TimberCreek is a locally owned and family operated Brewpub specializing in a family friendly enhanced causal dining experience with award winning handcrafted beer.","https://assets.untappd.com/site/brewery_logos_hd/brewery-28351_19d59_hd.jpeg","3.67","5","34710","11191 Highline Drive","Meadville","PA","",""
"Hardywood Park Craft Brewery","Our co-founders, Eric McKay and Patrick Murtaugh, were introduced at a young age through the friendship of their parents. Their families would vacation together so it wasn’t long before the two would forge a strong friendship of their own. Years down the road, a well-timed meet-up at a sheep station in Australia, brought their passion for homebrewing and craft beer culture into sharp focus. It was there, at Hardywood Park, where they shared their first glass of full-flavored home-brewed beer. That day inspired ten years of hard work and planning — Eric on the business side and Patrick on the brewing side — and brought their dream into reality with the launch of Hardywood Park Craft Brewery.","https://assets.untappd.com/site/brewery_logos_hd/brewery-16167_f8005_hd.jpeg","3.903","5","874342","820 Sanctuary Trail Dr","Richmond","VA","",""
"Tilted Barn Brewery","Located in our authentic, New England-style post and beam barn, we are proud to be Rhode Island's first farm brewery. A visit to Tilted Barn allows you to sit back and relax while off the beaten path, and enjoy the fruits of our labor. Our small batch, hand-craft ales are best enjoyed fresh so be sure to make the trek early and often for a true farm-to-pint experience.","https://assets.untappd.com/site/brewery_logos/brewery-169578_dfd0d.jpeg","4.105","5","185451","1 Hemsley Place","Exeter","RI","",""
"Long Bay Brewing","","https://assets.untappd.com/site/assets/images/temp/badge-brewery-default.png","3.483","5","936","Pares Village Main Rd","Pares Antigua and Barbuda","Saint Peter","",""
"Forest & Main Brewing Company","Neighborhood brewpub specializing in English and Belgian beer styles.","https://assets.untappd.com/site/brewery_logos/brewery-11094_742f6.jpeg","3.952","5","182006","33 East Butler Ave","Ambler","PA","",""
"Carib Brewery Limited","","https://assets.untappd.com/site/brewery_logos_hd/brewery-4956_537b3_hd.jpeg","2.972","5","87103","Eastern Main Road","San Juan Trinidad and Tobago","San Juan-Laventille Regional Corporation","",""
"Heineken Saint Lucia Ltd.","Searching for a suitable site to establish their first brewery operation in the Caribbean, Heineken settled for the Industrial Estate at Vieux Fort in Saint Lucia as the location of choice. The facilities provided by the site, the quality of the water in the area and the concessions available under St. Lucia's Incentive Legislation, were some of the factors that led to the decision.

As a result, Windward and Leeward Brewery Limited was incorporated under the Commercial Code of St. Lucia on March 11, 1974 and commenced production in November 1975 to manufacture Heineken Beer under franchise from its Dutch parent company Heineken as a major shareholder. The other major shareholders are Desnoes & Geddes Limited and the St. Lucia National Development Corporation. Other shareholders include nationals of CARICOM countries residing in and outside the region.

Today the workforce has grown to 101 employees and the company serves the not only the domestic market and the OECS countries, but also Barbados, Belize, Guyana, Anguilla, BVI and the Republic of Trinidad and Tobago. The present capacity has grown to 170,000 hectoliters, and by the end of 2006 this will be doubled.

As of February 1, 2021. Windward and Leeward Brewery Limited and Du Boulay’s Bottling Co. Limited (WLBL DBC) is now Heineken Saint Lucia Ltd. ","https://assets.untappd.com/site/brewery_logos_hd/brewery-5820_f685f_hd.jpeg","3.164","5","19155","","Hewanorra Orchard St. Lucia","Vieux Fort","",""
"Crooked Crab Brewing Company","Crooked Crab Brewing Company is the brain child of three Maryland natives and University of Maryland graduates:  Earl Holman, Alex Josephs and Daniel Messeca. Active participants (ahem) in the craft beer scene for years, they have traveled near and far visiting breweries and festivals and have done their fair share of home brewing in the process.

It was at a brewery visit in Rockville MD that the idea for Crooked Crab Brewing Company was born. Inspired by the idea of building a brewery that would make Marylanders proud, the three quickly set their sights on Anne Arundel County, home to the state capital but zero local breweries. On February 10, 2018, Crooked Crab became Odenton's hometown brewery, and one of the first in the County.","https://assets.untappd.com/site/brewery_logos_hd/brewery-380759_20e29_hd.jpeg","3.942","5","219612","8251 Telegraph Rd","Odenton","MD","",""
"Bayerische Staatsbrauerei Weihenstephan","The Bavarian State Brewery Weihenstephan, founded in 1040, is the oldest continuously operating brewery in the world. Being owned by the Free State of Bavaria, it is run as a modern company brewing beers of the highest quality successfully selling them in more than 50 countries worldwide.","https://assets.untappd.com/site/brewery_logos_hd/brewery-88_7815c_hd.jpeg","3.702","5","1367107","2 Alte Akademie","Freising Germany","Bayern","",""
"Rosengarten","","https://assets.untappd.com/site/brewery_logos/brewery-BrauereiRosengarten_11919.jpeg","3.262","5","23233","Spitalstrasse 14","Einsiedeln Switzerland","Schwyz","",""
"Trillium Brewing Company","A New England farmhouse-inspired brewery rooted in community and shared experiences.","https://assets.untappd.com/site/brewery_logos_hd/brewery-23038_d3f91_hd.jpeg","4.24","5","3313552","100 Royall St","Canton","MA","",""
"Mikerphone Brewing","Craft Beer Inspired by Music located in Elk Grove Village, Illinois.  ","https://assets.untappd.com/site/brewery_logos_hd/brewery-13417_130a7_hd.jpeg","4.066","5","610916","121 Garlisch Dr.","Elk Grove Village","IL","",""
"Threes Brewing","Hosting Saison Day, Saturday, April 19th in Gowanus.","https://assets.untappd.com/site/brewery_logos/brewery-161808_dc1c3.jpeg","3.903","5","316182","333 Douglass St","Brooklyn","NY","",""
"Russian River Brewing Company","Russian River Brewing Company was founded by Korbel Champagne Cellars in Guerneville, CA, in 1997. Vinnie was hired as the brewery’s brewmaster and initially sole employee. For the next 6 years, Vinnie continued to set the bar high for super hoppy and Belgian-inspired beers. Pliny the Elder, first brewed at the Korbel location in 1999, was one of the first commercially brewed Double or Imperial IPA’s in America and won numerous awards over the years. It is still our most popular beer more than 20 years later. in 2003, Korbel decided to get out of the beer business and transferred the rights to the Russian River Brewing Company name, all beer names, and the recipes to Vinnie and his wife, Natalie. They wrote a business plan, found 2 managing partners, and convinced 30 friends and family to invest in their new brewpub venture. In April 2004, they opened the doors to the next chapter of Russian River Brewing under their ownership.","https://assets.untappd.com/site/brewery_logos/brewery-5143_e6069.jpeg","4.169","5","1551089","700 Mitchell Ln","Windsor","CA","",""
"Source Brewing","Our mission is to create the ideal environment for people to enjoy hand-crafted, farm-to-glass ales and lagers brewed on site. We have a deep respect for beer and see it as more than just a simple beverage or means to an end. Beer can have a personality, tell a story, wow the senses, and bring people together.  That is our vision, and when we first saw the 125-year-old dairy barn on a beautiful farm in the agricultural town of Colts Neck, NJ we knew we had found the right place set off on our mission to curate the ideal beer drinking experience.
","https://assets.untappd.com/site/brewery_logos_hd/brewery-433711_29c52_hd.jpeg","4.008","5","169473","300 Route 34","Colts Neck","NJ","",""
"Fort Myers Brewing Company","In March of 2013 Fort Myers Brewing Company opened its doors as the first microbrewery in Fort Myers, Florida.  From a modest beginning, our owner & brewmaster repurposed dairy tanks into a brew system.  Since then we have grown into SWFL's largest brewery, utilizing 90, 60 and 20 barrel fermentation tanks.  
Today our award-winning beer can be found in over 250 bars & restaurants in the South Florida area.  If you're in the Fort Myers area stop by our tasting room, known to the locals as their own hidden gem.","https://assets.untappd.com/site/brewery_logos_hd/brewery-56307_eef2f_hd.jpeg","3.742","5","100761","12811 Commerce Lakes Dr., Suite 28","Fort Myers","FL","",""
"Kettlehead Brewing","","https://assets.untappd.com/site/brewery_logos_hd/brewery-347669_8a64b_hd.jpeg","4.016","5","153713","407 W Main St","Tilton","NH","",""
"Lamplighter Brewing Co.","We are a brewery and taproom located in downtown Cambridge. Our focus is on aroma-packed and flavor-driven beers, with an emphasis on New England IPAs, barrel-aged sours, and special seasonals. We brew a variety of one-off batches that allow us to pursue our various whims, and we don’t shy away from funk, twists on tradition, and unique ingredients.

Love sour and barrel-aged beers? Join the Luminary Society: lamplighterbrewing.com/luminary","https://assets.untappd.com/site/brewery_logos_hd/brewery-229710_dc7ab_hd.jpeg","3.829","5","225134","284 Broadway","Cambridge","MA","",""
"Maine Beer Company","Doing good through great beer. 1% for the Planet business member since 2009.","https://assets.untappd.com/site/brewery_logos_hd/brewery-2874_27e4e_hd.jpeg","4.039","5","1262199","525 US Route 1","Freeport","ME","",""
"Grupo Modelo","We elevate the beer category with quality, high-end beers that meet our consumers’ evolving preferences.  That’s why our portfolio includes imported beer brands each with their own unique and authentic attributes that make them stand above the rest. A wholly American-owned company, we produce and import quality, iconic brands such as Corona Extra, Modelo Especial, Victoria and Pacifico.","https://assets.untappd.com/site/brewery_logos/brewery-GrupoModeloSAdeCV_618.jpeg","3.139","5","2380284","Lago Alberto 156, Granada, CDMX","Ciudad de México Mexico","Ciudad de México","",""
"Cigar City Brewing®","At Cigar City Brewing we make beer we like to drink and toast those who choose to drink with us. Behind all our beer is the philosophy that quality is achieved by giving first rate ingredients to first rate people in a space where they are free to pursue their passion. We acknowledge that what we do at Cigar City Brewing isn’t for everyone, but we welcome all.

CCB encourages everyone to drink responsibly.","https://assets.untappd.com/site/brewery_logos_hd/brewery-379_fbc75_hd.jpeg","3.869","5","2711544","3924 West Spruce St","Tampa","FL","",""
"Samuel Adams","Jim Koch founded Samuel Adams back in 1984 after brewing the first batch of Samuel Adams Boston Lager in his kitchen. It was his mission to reshape the way American beer drinkers thought of American beer. 

Just six weeks after introducing Samuel Adams Boston Lager to the public, it brought home the ""Best Beer in America"" honors at the Great American Beer Festival in Denver. An honor it went on to win 3 more times before that particular award was discontinued.

Today, Samuel Adams makes more than 21 styles of award winning beer and is recognized around the globe as a hot house of new beer ideas.

If you share our passion, join us here as a fan! 

Cheers!

The Boston Beer Company, Boston MA","https://assets.untappd.com/site/brewery_logos_hd/brewery-157_ffe6e_hd.jpeg","3.475","5","6294501","30 Germania St","Boston","MA","",""
"Hoptimystic Brewing","Visit us at one of our locations.  We have two locations that are open year round, Enfield and Sunapee New Hampshire.  A Third location in Bow, NH (Seasonal) is NOW OPEN!","https://assets.untappd.com/site/brewery_logos_hd/brewery-464668_f8439_hd.jpeg","3.815","5","3158","31 River Rd","Sunapee","NH","",""
"Frost Beer Works","Crafters of tropical, balanced, delicious hazy IPAs. Proudly brewed in Vermont.","https://assets.untappd.com/site/brewery_logos_hd/brewery-192673_85e08_hd.jpeg","4.05","5","217966","171 Commerce St.","Hinesburg","VT","",""
"Perennial Artisan Ales","Established in 2011, Perennial Artisan Ales is a small-batch microbrewery located at 8125 Michigan Avenue in St. Louis City. The 9,200-square-foot brewery includes a dedicated, temperature-controlled fermentation and barrel-aging cellar. Perennial also has a 3,200-square-foot tasting room, as well as a patio, onsite. We bottle about 25 different beers a year, focusing on Belgian-style ales, Imperial stouts, Berliner Weisses, and barrel-aged beers, utilizing local ingredients as much as possible.","https://assets.untappd.com/site/brewery_logos/brewery-PerennialArtisanAles_3533.jpeg","4.1","5","1031920","8125 Michigan Ave, Ste 114","St Louis","MO","",""
"de Garde Brewing","Spontaneous beer. Drawing great inspiration from European traditions, but tailored for our specific place and time.","https://assets.untappd.com/site/brewery_logos/brewery-64039_65d26.jpeg","4.254","5","429378","114 Ivy Avenue","Tillamook","OR","",""
"Aslin Beer Company","Aslin Beer Company is a northern Virginia (DC suburb) brewery suited to provide a wide variety of great beverages. Visit our spacious 24-tap tasting room in Alexandria or any of our other locations in Herndon, Washington D.C. and Pittsburgh.","https://assets.untappd.com/site/brewery_logos_hd/brewery-170844_327db_hd.jpeg","4.043","5","1354561","847 S Pickett St","Alexandria","VA","",""
"Paulaner Brauerei","Brewed in Munich, enjoyed all over the world!

The Paulaner brewery has stood for the finest Munich art of brewing since 1634 for many years. But Paulaner beer specialties are also well-known and highly-valued outside the beergardens of Munich and the state borders of Germany. Nowadays our beers are enjoyed in more than 70 countries worldwide. 

It is important to know that each and every Paulaner beer, which is drunk anywhere in the world, was brewed in Munich in full accordance with the strictly applied Bavarian Purity Law. In this way, the Paulaner brewmasters, with their attention to detail and passion, guarantee that our high quality standards are maintained. Paulaner personifies Munich lifestyle and brings together beer fans and connoisseurs all over the world.","https://assets.untappd.com/site/brewery_logos_hd/brewery-972_6f0e8_hd.jpeg","3.551","5","1609623","Mälzereistraße 31","Munich Germany","Bayern","",""
"New Trail Brewing Co.","We love the outdoors and we love beer. At New Trail Brewing we encourage our friends and neighbors to spend more quality time outdoors experiencing the natural environment around us.

We are woodsy types – hikers and bikers, paddlers and kayakers, birdwatchers and stargazers. We are beer enthusiasts. We love beer, and we believe great beer makes life’s experiences taste even better. That’s why we started New Trail Brewing Company, to make great beer for everyone to enjoy when you dare to explore new places, do new things, take new trails, and have truly memorable adventures.
We preserve the great outdoors and enhance the experience of getting out there. New Trail brewing company is committed to preserving the wild wonders of Pennsylvania. We connect with a wide range of people and organizations in our area dedicated to elevating the quality of, and access to, our region’s outdoor resources including local trails, PA Trail Dogs and more. Our brewery culture seeks to facilitate meaningful relationships between our neighbors and our natural heritage.

We feel there is a creative connection between nature and beer. That’s why we brew fresh, great tasting, locally made beer for people active in outdoor recreation, and why we strive to manage our beer making process to have the least impact on our resources.

We want to help people get out in the natural universe. It’s good for them, for our community and for the outdoors.

We hope you’ll join us.","https://assets.untappd.com/site/brewery_logos_hd/brewery-382444_3c090_hd.jpeg","3.946","5","887181","240 Arch St","Williamsport","PA","",""
"Vault Brewing Company","Vault Brewing Company is a craft brewery and brewpub located in Yardley, PA that focuses on brewing high quality ales, lagers, and everything in between. The brewpub, which is housed in the former Yardley National Bank building that dates to the 1890’s, offers a fresh and seasonal menu consisting of wood fired pizzas, salads, sandwiches, tacos, and appetizers using ingredients sourced from local farms.","https://assets.untappd.com/site/brewery_logos/brewery-30324_54960.jpeg","3.804","5","157548","10 South Main St.","Yardley","PA","",""
"Holy Mountain Brewing","Holy Mountain is a brewery and taproom located in the Interbay neighborhood of Seattle. Founders Colin Lenfesty & Mike Murphy met while working together at a local Seattle brewery and found common ground in their shared interest in oak-inspired beers. 

After 3 years of planning and recipe development, the guys signed a lease on a 10,000SF building in early 2014 and began production in September 2014.

The influence of oak has been a central thread of Holy Mountain since day one and a sizable building near the Seattle waterfront has allowed the team to build a vast stock of oak barrels, puncheons and foudres used for both primary fermentation as well as long-term aging. The proximity of the brewery to the Yakima Valley also allows Holy Mountain to utilize hops from the best producers in the world, exploring the relationship between hop, oak and mixed fermentation.

Holy Mountain doesn't offer any year-round beers, which creates an ever changing lineup in the brewery taproom. In addition to oak-influenced beers, Holy Mountain also offers a wise range of rotating hop-forward, stainless fermented ales and lagers.","https://assets.untappd.com/site/brewery_logos/brewery-161632_c21c8.jpeg","4.114","5","308280","1421 Elliott Ave W","Seattle","WA","",""
"Cloudburst Brewing","2021 GABF Brewery and Brewer of the Year (1,001-2,000 Barrels).

The forecast is partly sunny with a chance of showers. Are you ready for the downpour?","https://assets.untappd.com/site/brewery_logos_hd/brewery-237980_eace7_hd.jpeg","4.001","5","189136","2116 Western Ave","Seattle","WA","",""
"Kings & Daughters Brewery","Kings & Daughters Brewery is owned by husband and wife team, Kyle and Kacie. It is inspired by their time living abroad with a focus on making unique, high quality beers that will enrich and enhance the craft beer experiences of it’s consumers.","https://assets.untappd.com/site/brewery_logos_hd/brewery-441106_53060_hd.jpeg","4.012","5","27905","2917 Montello Place","Hood River","OR","",""
"Groove Brewing ","Groove Brewing started in 2020 with the simple goal of bringing a hometown microbrewery to Scranton. With over 25 years of brewing experience, Brewmaster Ed Generose is the brains of the operation. As a certified BJCP Judge, brewery world traveler, and comprehensive beer nerd, Ed was made for this.

Co-owners Joe and Shannon Bonacci's mission for the brewery is to promote the redevelopment and prosperity of Scranton, its people, and businesses. 

With engineering backgrounds, we built this brewery with the few dollars we had, some help from great friends, and a lot of repurposed materials. 

​We hope you like our work.","https://assets.untappd.com/site/brewery_logos/brewery-463477_b5a31.jpeg","3.804","5","12880","1401 Sanderson Avenue, PA, USA","Scranton","PA","",""
"Tired Hands Brewing Company","","https://assets.untappd.com/site/brewery_logos/brewery-6226_cf488.jpeg","4.094","5","1826930","35 Cricket Terrace","Ardmore","PA","",""
"River Roost Brewery ","Established in 2016 in the heart of downtown White River Junction, Vermont. We offer a rotating and ever-evolving list of beers. Stop in and see what we've been brewing...","https://assets.untappd.com/site/brewery_logos/brewery-250774_fd180.jpeg","4.173","5","74604","230 S Main St","White River Junction","VT","",""
"Rekˈ·lis Brewing Company","We're Rek'-lis. We are adventurous. We backcountry ski all over the beautiful White Mountains; mountain bike throughout our perfect forests; hike on the trails and bushwack where there are none.  And we drink beer - great beer, beer that we make with passion, care, and a bit of reklisness.  We are your bottom of the mountain beer and we're extremely proud of that. Come celebrate your adventure with us.","https://assets.untappd.com/site/brewery_logos_hd/brewery-301157_02566_hd.jpeg","3.798","5","28876","2085 Main Street","Bethlehem","NH","",""
"Founders Brewing Co.","We don’t brew beer for the masses. Instead, our beers are crafted for a chosen few, a small cadre of renegades and rebels who enjoy a beer that pushes the limits of what is commonly accepted as taste. In short, we make beer for people like us. Founders. Brewed for us.","https://assets.untappd.com/site/brewery_logos_hd/brewery-549_7db30_hd.jpeg","3.952","5","7718511","235 Grandville Ave SW","Grand Rapids","MI","",""
"Spoetzl Brewery","The Spoetzl Brewery was founded in Shiner, Texas (population 2,069), in 1909, brewing beer with old-world traditions and recipes for the many German and Czech settlers in Central Texas. Since then, the brewery has grown to be one of the largest independent craft brewers in the country, with our beer available in all 50 states and Mexico. But every drop of our award-winning beer is still brewed right here in Shiner, TX, where it all started over 100 years ago.","https://assets.untappd.com/site/brewery_logos_hd/brewery-1179_be7d0_hd.jpeg","3.448","5","1483510","603 East Brewery Street","Shiner","TX","",""
"Blue Moon Brewing Company","We craft our beers with flavorful ingredients and wheat for an inviting taste and a smooth finish that are perfect for enjoying the moment with friends.

Blue Moon® Belgian White Belgian-style wheat ale was the first beer we ever made at The SandLot Brewery® in Denver, Colorado, and it continues to be our most popular beer. It’s an unfiltered wheat ale, brewed with orange peel and coriander and garnished with an orange slice for an enticing taste and a creamy, smooth finish.

For our Seasonal Collection, we draw inspiration from the uniqueness of the seasons to create delicious beers with flavorful twists—orange and lemon peel, clover honey, flavors of vine-ripened pumpkin, and Belgian sugar. Each brew is an Artfully Crafted® celebration of the season, perfectly captured in a bottle.","https://assets.untappd.com/site/brewery_logos/brewery-127804_1a670.jpeg","3.397","5","1692204","3750 Chestnut Pl","Denver","CO","",""
"Spaten-Franziskaner-Löwenbräu-Gruppe","Die Spaten-Löwenbräu GmbH ist ein gemeinsames Unternehmen der Traditions-Brauereien Spaten-Franziskaner-Bräu GmbH und der Löwenbräu AG mit Sitz in München.","https://assets.untappd.com/site/brewery_logos/brewery-SpatenFranziskanerBrau_1176.jpeg","3.509","5","1580796","46-48 Marsstraße","München Germany","Bayern","",""
"Freak Folk Bier","A small brewery/fermentation project focused on barrel fermented, bottle conditioned beer. Located in Waterbury, Vermont.","https://assets.untappd.com/site/brewery_logos/brewery-440710_28bc7.jpeg","4.377","5","79901","28 Stowe St","Waterbury Village Historic District","VT","",""
"Miller Brewing Company","Miller Brewing Company, originating over 160 years ago, brought uncompromising quality and taste to the brewing industry. Our Milwaukee Brewery is the longest standing, large-scale brewery in the United States.  Feel our pride when you arrive in Miller Valley.","https://assets.untappd.com/site/brewery_logos_hd/brewery-863_65646_hd.jpeg","2.59","5","1107670","4251 W State St","Milwaukee","WI","",""
"Right Proper Brewing Company","Right Proper is a responsible, community focused brewing company creating soulful, intentional, balanced beers, presented with brilliant hospitality and a touch of whimsy.

Right Proper has two brewing locations:

1) Right Proper Shaw Brewpub & Kitchen is located at 7th & T Street, NW in the historic Shaw neighborhood of D.C.  The smaller brewhouse & adjacent barrel room means the beer menu rotates frequently with many options available exclusively at the brewpub. The kitchen cooks up casual American fare with a nod to Southern comfort.

2) Right Proper Brookland Production House & Tasting Room is located at 10th and Girard Street, NE in the historic Brookland neighborhood of Washington, DC. This is our packaging brewery.  Here we focus on the production and distribution of our core beers. The tasting room offers a view of the brewery while sampling our latest offerings. Tours of the brewery are offered regularly on the weekends.","https://assets.untappd.com/site/brewery_logos/brewery-95332_42378.jpeg","3.666","5","149450","624 T Street NW","Washington","DC","",""
"Belleflower Brewing","Belleflower is co-owned by the Page and Bonadies families.

Our collaboration started ten years ago when Zach and Nick met as homebrewers who volunteered to help launch Trillium Brewing Company. After moving to Portland with his family, Zach worked at Lone Pine Brewing Company where he facilitated their expansion and brewed some great beers. Nick coordinated Trillium's expansion projects before combining creative energies with Zach, Melissa, and Katie to bring you Belleflower Brewing Company.

Zach and Nick bring a combined fifteen + years of brewing and operations experience in the craft beer industry to Belleflower and co-lead both. Melissa is a Registered Dietitian Nutritionist with a Master’s in Clinical Nutrition and manages Belleflower's food programs. Katie is a writer working for nearby artist studios and provides the creative direction behind Belleflower's voice.

Belleflower is named after Nick’s family farm, which has been a gathering place for generations of family and friends for the past two centuries. Named for a beloved apple tree that fell many years ago, the trunk of the ""belleflower tree"" has since been repurposed as a decorative beam in the barn. Today it is a reminder of the enduring grit and ingenuity of New Englanders.


Like the generations that came before us and the breweries that have raised us, Belleflower Brewing Company hopes to continue this legacy by creating a gathering place for many more generations to love.","https://assets.untappd.com/site/brewery_logos_hd/brewery-492848_7c594_hd.jpeg","4.075","5","111360","66 Cove Street","Portland","ME","",""
"Deciduous Brewing Company","","https://assets.untappd.com/site/brewery_logos/brewery-211982_1dece.jpeg","4.051","5","187161","12 Weaver St","Newmarket","NH","",""
"Three Notch’d Brewing Company","Three Notch’d has been brewing up award winning beer since 2013. As we have opened locations throughout Virginia, and South Caorlina as well as expanded our distribution to every corner of the state, we are committed to offering only the freshest and highest quality beer!","https://assets.untappd.com/site/brewery_logos_hd/brewery-79438_59e85_hd.jpeg","3.738","5","408734","520 2nd St SE","Charlottesville","VA","",""
"Brewery Saint X","","https://assets.untappd.com/site/brewery_logos_hd/brewery-538855_72af8_hd.jpeg","3.779","5","8636","1100 Girod Street, LA 70113, USA","New Orleans","LA","",""
"Cycle Brewing Company","Crafting exceptional beer and creating unforgettable experiences.","https://assets.untappd.com/site/brewery_logos/brewery-CycleBrewingCompany_44115.jpeg","4.211","5","497479","534 Central Ave","St. Petersburg","FL","",""
"Anchor Brewing Company","Brewing hand-crafted beer in the heart of San Francisco since 1896.","https://assets.untappd.com/site/brewery_logos_hd/brewery-3891_dbd73_hd.jpeg","3.524","5","1388872","24 Willie Mays Plaza, CA, USA","San Francisco","CA","",""
"Cellarmaker Brewing Company","We are an Bay Area based brewery producing our beers in small batches one beer at a time.  It is our goal to keep your taste buds intrigued by constantly producing different flavors.  To us, making the same 3-4 beers all the time would be boring.  We hope you feel the same way.  Our limited output and choice to abandon the common concept of a set production schedule will allow us to constantly experiment with different hops, barrels, and yeasts.","https://assets.untappd.com/site/brewery_logos/brewery-82753_b6ced.jpeg","4.057","5","496350","300 Webster St","Oakland","CA","",""
"Ghost Town Brewing","Ghost Town Brewing is a craft brewery founded in West Oakland, CA. Our beers are served in our West Oakland taproom and at the finest craft beer-focused joints throughout Northern California.","https://assets.untappd.com/site/brewery_logos_hd/brewery-36950_cf6ad_hd.jpeg","3.95","5","164839","1960 Adeline St","Oakland","CA","",""
"Otherwise Brewing","Naturally gluten-free beer made from ancient grains out of San Francisco, CA.

Founded in the spirit of discovery, since 2019.

Woman/Latina/Immigrant owned. Sustainably-brewed. Independent. ","https://assets.untappd.com/site/brewery_logos_hd/brewery-489581_a9d82_hd.jpeg","3.524","5","3769","1402 Grant Ave","San Francisco","CA","",""
"Pabst Brewing Company","With over 30 beers in our portfolio, Pabst Brewing Company is the largest American-owned brewery. Since 1844, we’ve taken pride in brewing beers that have become iconic, cherished American brands. Brands that promote regional pride, and brands that express common bonds amongst people all over the world.

Trust your good times to Pabst.","https://assets.untappd.com/site/brewery_logos_hd/brewery-963_6e1d9_hd.jpeg","2.961","5","977796","110 E Houston St, San Antonio, TX 78205","San Antonio","TX","",""
"Half Acre Beer Company","We brew American micro beers that push for raw intensity through the selection of brewing materials and the promotion of natural process.","https://assets.untappd.com/site/brewery_logos_hd/brewery-1862_12d95_hd.jpeg","3.947","5","1373070","2050 W. Balmoral Ave","Chicago","IL","",""
"Original Pattern Brewing Company","10 Best New Breweries 2019 by USA Today! GABF and World Beer Cup Award Winning! Employee-owned. Oakland, California. Hazy IPAs, Lagers, Sours, and more.","https://assets.untappd.com/site/brewery_logos_hd/brewery-333511_69650_hd.jpeg","3.93","5","142578","292 4th St","Oakland","CA","",""
"CRAK Brewery","Independent Farm & Craft Brewery","https://assets.untappd.com/site/brewery_logos/brewery-183551_66341.jpeg","3.866","5","245381","Via Pontarola 7","Campodarsego Italy","Veneto","",""
"Heineken Italia","","https://assets.untappd.com/site/brewery_logos/brewery-2754_abfc9.jpeg","3.131","5","119003","Viale Thomas Alva Edison, 110","Sesto San Giovanni Italy","Lombardia","",""
"Ichnusa","","https://assets.untappd.com/site/brewery_logos/brewery-Ichnusa_8356.jpeg","3.164","5","252732","Str. Consortile Macchiareddu","Località Macchiareddu-Grogastu I Italy","Sardegna","",""
"Birra Moretti","Birra Moretti Brewing Company was born in the midst of political unrest in the city of Udine in Italy around the 1800s. Udine and the whole Friuli region were plagued with Austro-Hungarian Empire and patriotic uprisings. Luigi Moretti came from a family of wealthy merchants in the region. Learning from his family business, Luigi had become quite familiar with the commercial trades of cereals, wine, food and beer. This became the inspiration to the foundation of Birra Moretti in 1859. Its first bottle came out in 1860 that later on expanded to six types of beers. In 1996, Birra Moretti was recently acquired by Heineken International and is now part of the Heineken brand.","https://assets.untappd.com/site/brewery_logos_hd/brewery-127_699a5_hd.jpeg","3.214","5","843693","Via Antonio Marangoni","Udine Italy","Friuli-Venezia Giulia","",""
"Ritual Lab ","","https://assets.untappd.com/site/brewery_logos/brewery-184265_54829.jpeg","3.922","5","81484","Via del Praticello Alto, 5/7","Formello Italy","Lazio","",""
"Birrificio Artigianale Lariano","Il 19 maggio 2008 nasce il Birrificio Lariano, caratterizzato dalla produzione di birra artigianale non filtrata, non pastorizzata e senza conservanti.

La prima birra è La Grigna, in stile Pils.
Oggi, il Birrificio Lariano produce diversi tipi di birra, di cui non vanno dimenticate le “birre in botte”, una nuova linea al gusto di frutto di bosco!","https://assets.untappd.com/site/brewery_logos_hd/brewery-18682_4ff62_hd.jpeg","3.636","5","29386","Via Aldo Moro 10","Dolzago Italy","Lombardia","",""
"TEKTONIK ","Ko v pivovarni Tektonik govorimo o pivu, postanemo resni.

Skoraj smrtno resni...

Kakovostna piva, ki jih želimo ponuditi kupcem, dojemamo
kot vrhunski kulinarično-uživaški dogodek. Vsak požirek, ki
oblije jezik in spolzi po grlu, se pretopi v užitek, za katerega si želiš, da bi trajal večno. V pivo smo preprosto zaljubljeni!

Širok izbor najkakovostnejših surovin priznanih svetovnih
pridelovalcev nam omogoča, da ustvarjamo tako rekoč
neomejen nabor okusov in arom, s katerimi lahko razveselimo
še tako zahtevne pivce. Drugače kot veliki industrijski
proizvajalci, ki stavijo na povprečen okus širokih množic, se v naši craft pivovarni Tektonik osredotočamo na ustvarjanje izvirnih receptur, podprtih s poznavanjem bogate tradicije angleških, belgijskih in nemških pivovarskih praks.

S sodobnim in doslednim pristopom ter vrhunsko tehnologijo,
ki nam kot češnja na torti, pomaga uresničiti naše zamisli o drugačnem pivu. Pivu kot golem užitku.","https://assets.untappd.com/site/brewery_logos_hd/brewery-228967_17d5e_hd.jpeg","3.428","5","40144","Likozarjeva ulica 1","Ljubljana Slovenia","Osrednjeslovenska","",""
"Maister Brewery","","https://assets.untappd.com/site/brewery_logos_hd/brewery-198268_9be84_hd.jpeg","3.475","5","17846","Usnjarska cesta 9","Kamnik Slovenia","Osrednjeslovenska","",""
"Green Gold Brewing","Enga še pa lahka® Brewery from Slovenia","https://assets.untappd.com/site/brewery_logos_hd/brewery-283796_4a060_hd.jpeg","3.562","5","52248","2 Spodnje Grušovlje","Šempeter v Savinjski dolini Slovenia","Žalec","",""
"Four Quarters Brewing","Exploration is at the heart of everything we do. Inspired by the dual nature of the moon as ever-changing yet cyclical, we create consistently imaginative beers that embrace nature’s ever-changing ingredients.

So grab a beer and let's explore together.","https://assets.untappd.com/site/brewery_logos_hd/brewery-115672_bee0b_hd.jpeg","3.963","5","182058","70 Main St","Winooski","VT","",""
"Modestman Brewing","","https://assets.untappd.com/site/brewery_logos_hd/brewery-448177_e1b95_hd.jpeg","4.152","5","86303","100 Main St","Keene","NH","",""
"Foam Brewers","Foam. It's always been an unconscious calling like drifting into a cumulus cloud bank on a sun-drenched day, or collapsing in a frothy curl of a breaking wave. Foam; it's natural beauty that rises up and is here and gone in a moment in time.

I have spent my working life in foam, beer foam that is, brewing beer, conjuring up mixtures of malt and hops to ferment into a crowning moment of beer. Great beer has always sat under foam.

Foam. It's not one ingredient that gives stability; it's many interwoven to create a structure of strength pouring out visual excitement. As I sit for a time, I enjoy that moment. All that remains is the lacing that adorns the empty glass and the making of a great memory. Until next time, see you under the Foam...","https://assets.untappd.com/site/brewery_logos/brewery-266666_c99e9.jpeg","4.115","5","626988","112 Lake Street","Burlington","VT","",""
"Stable Craft Brewing","Stable Craft Brewing & Cidery- 139 taps pouring Farm Fresh Beers, hand-crafted ciders, local wine and CBD sparking water, a full dining menu available. Growler fills, Kegs, and bottled beer available for off-site consumption. Enjoy RaD Beer program (Research & Development) with new beers releasing most Fridays.
Three private banquet, party & conference event rooms seating 40-200 people, Winter Igloos, and festival grounds.
We are located on a true working horse & hop farm.  Soak in panoramic views of the Blue Ridge Mountains, walk the farm and visit the chickens and experience our horses. Professional sand volleyball court, life-sized beer pong, corn hole, Jenga & get your picture at our giant chuckwagon.
","https://assets.untappd.com/site/brewery_logos_hd/brewery-263522_e0f03_hd.jpeg","3.693","5","23665","21 Livery Lane","Waynesboro","VA","",""
"Olympic Brewery","Olympic Brewery S.A. is a purely Greek and fast evolving company that was set up in January 2010. 

It owns the lager FIX Hellas brand, the first and most historical Greek beer; the premium lager FIX Dark brand, which created a new category in the domestic market of dark beer and the premium wheat beer FIX Royale, which constitutes a high quality Hellenic proposal in the Weiss beer category. 

The ultra-modern privately owned brew house of Olympic Brewery, where all the products are produced, is located in Ritsona area, in Evia.
Since its establishment, Olympic Brewery has demonstrated that, alongside its investment program, it focuses on the development of the beer market in Greece, its great contribution to the national economy, the responsible investment on raw material and the support of the Greek farmers and producers. 

At the same time, Olympic Brewery is an example of a healthy Greek business overseas as it exports its high quality and tasty Greek beer to several dynamic international markets.","https://assets.untappd.com/site/brewery_logos/brewery-3539_8c87b.jpeg","3.046","5","511702","Elaion 59","Kifissia Greece","Αττική","",""
"Brasserie Almaza","","https://assets.untappd.com/site/brewery_logos/brewery-Almaza_2300.jpeg","2.975","5","58370","Mirna Chalouhi St.","Matn Lebanon","Jabal Lubnan","",""
"Solace Brewing Company","Production brewery with tasting room in Loudoun County, VA. 42615 Trade West Drive, Suite 100, Sterling, VA 20166 as well as Solace Outpost locations in Falls Church, Va and Washington D.C. Navy Yard. #FindYourSolace","https://assets.untappd.com/site/brewery_logos_hd/brewery-340371_c9f48_hd.jpeg","3.779","5","158624","42615 Trade West Drive","Dulles","VA","",""
"The Hopfheiser Brewing Company","","https://assets.untappd.com/site/brewery_logos_hd/brewery-519300_2432e_hd.jpeg","3.377","5","3693","","Washington","DC","",""
"Fiddlehead Brewing Company","Fiddlehead Brewing Company is located just outside of Burlington, VT in the scenic town of Shelburne. Our owner and Brewmaster Matt “Matty O” Cohen opened the doors on New Year’s Eve of 2011 and since then, with a focus n quality and freshness, we have grown to the 17th largest craft brewery in the country (as of April, 2026). 
  
Our draft, can and bottle offerings are listed on our website.","https://assets.untappd.com/site/brewery_logos_hd/brewery-18518_79661_hd.jpeg","4.009","5","344696","6305 Shelburne Road","Shelburne","VT","",""
"T.F. Brewing - Templin Family","Family owned and operated brewery in the Granary District of Salt Lake City, Utah. Specializing in quality lagers, and classic German styles. We like to get creative too. ","https://assets.untappd.com/site/brewery_logos_hd/brewery-410388_f1471_hd.jpeg","3.967","5","52220","936 S 300 W","Salt Lake City","UT","",""
"Epic Brewing Company","Epic Brewery is Utah’s first brewery ever since the restriction to operate local microbrewery with high alcohol content took place in the state. The brewery is founded by David Cole and Peter Erickson. Their love and passion for beers were influenced by their frequent travels to microbreweries in California, where they originated. Fine ales and lagers have become their main focus with the dedication to brew beers ‘all out.’ They reached immediate success.","https://assets.untappd.com/site/brewery_logos/brewery-EpicBrewingCo_7216.jpeg","3.888","5","1484434","825 South State St","Salt Lake City","UT","",""
"Abbaye de Leffe","Leffe, a brewing tradition since 1240

Founded in 1152, Notre-Dame de Leffe was an abbey of Premonstratensian canons, i.e. monks living in a community characterised by its hospitality.

The Leffe abbey in 1740, in its heyday: in the foreground we can see the mill with its half-timbered gable, using the water of the Leffe river. In the background, facing each other, are two enemy fortresses: the Montorgueil tower and the castle of Crevecoeur. A lay master brewer worked for the abbey and made a Leffe beer that was so delicious that the parishioners preferred to drink a Leffe on Sundays rather than go to church. The abbot had to take forceful action.

The abbey and the brewery were closed during the French Revolution and seemed to be nothing but a distant memory, until the abbey was re-established in 1929. In 1952 abbot Nys and Albert Lootvoet decided to once again take up the brewing tradition of Leffe with its well-guarded recipe and offer a range of delicious Leffe beers. In the meantime, AB-InBev has taken up the torch and has made a commitment to honour the tradition of the Leffe beer, which has been brewed according to the same recipe since 1240.","https://assets.untappd.com/site/brewery_logos_hd/brewery-5_be355_hd.jpeg","3.506","5","1756578","20 Aarschotsesteenweg","Leuven Belgium","Vlaams Gewest","",""
"Tripping Animals Brewing Co.","Tripping Animals Brewing Co. is an independent, family-owned craft brewery with locations in the Doral Arts District and Oakland Park, Florida. Known for bold creativity, community-driven energy, and an unwavering commitment to quality, we brew beers that are as expressive as they are drinkable. Always innovative, always authentic — and always trippy.","https://assets.untappd.com/site/brewery_logos_hd/brewery-309155_df8e9_hd.jpeg","4.009","5","499093","2685 NW 105th Ave","Doral","FL","",""
"Cervecería Nacional Dominicana","","https://assets.untappd.com/site/brewery_logos_hd/brewery-1782_984c3_hd.jpeg","2.997","5","129876","C. San Juan Bautista","Santo Domingo Dominican Republic","Distrito Nacional","",""
"Ology Brewing Co","Ology’s journey began with the passion for craft beer. Growing up surrounded by science and experimentation, Nick Walker, Head Brewer, developed a keen interest in the world of sensory research, particularly in taste and smell. This fascination, combined with his love for creating food in the kitchen, sparked his venture into homebrewing, where he discovered his true passion for crafting exceptional beverages. In collaboration with his longtime friends, Paul Woodward and Brian Clark, Ology took its first steps in June 2017. Their shared enthusiasm for crafting fine liquors, coffee, and a diverse range of beers, from Hazy IPAs to BA stouts, lagers, fruited sours, and unique rums, laid the foundation for what Ology is today.","https://assets.untappd.com/site/brewery_logos/brewery-328707_f5d70.jpeg","4.003","5","167734","118 E 6th Ave","Tallahassee","FL","",""
"Ritterguts Gose","The old Rittergut Gose brewery was founded in 1824 when master brewer Johann Philipp Ledermann brought the original recipe from Goslar to Döllnitz. It soon became the most famous Gose producer for Leipzig and Halle. After the expropriation of the brewery in 1945, Gose as a beer style almost died out. The new start was made in 1999 - since then, Ritterguts Gose has successfully established itself not only in its old home region, but also in other parts of Germany and internationally. Since 2016, we have also started to develop new sour ale creations or revive old styles. We brew our beers exclusively at the Bergt brewery in Reichenbrand. In 2024, Ritterguts Gose celebrated its 200th anniversary as the oldest existing Gose brand in the world.","https://assets.untappd.com/site/brewery_logos_hd/brewery-300168_4d0a3_hd.jpeg","3.591","5","48196","Frohburg"," Germany","","",""
"Unibroue","Inspirée par les histoires et les légendes québécoises, Unibroue brasse avec passion, joie de vivre et audace depuis 1992.
Grâce à l’ambition d’une équipe dévouée, le premier brassin de Blanche de Chambly est devenu aujourd’hui une entreprise d’une centaine d’artisans qui brassent des bières haut de gamme distinctives. Pionniers de la bière artisanale au Québec, nous nous sommes développés au même rythme que nous avons fait naître une toute nouvelle génération de consommateurs et de brasseurs.

Inspired by the stories and legends of Quebec. Since 1992, Unibroue brews with passion, joie de vivre and daring. Thanks to the ambition of a dedicated team, the first brew of Blanche de Chambly has now become a company of a hundred artisans who brew distinctive premium beers. We’re pioneers of craft beer in Quebec, growing just as fast as the new generation of consumers and brewers we’ve inspired.","https://assets.untappd.com/site/brewery_logos_hd/brewery-1307_fa680_hd.jpeg","3.779","5","870725","80 rue des Carrières","Chambly Canada","QC","",""
"Remnant Brewing","Microbrewery in the heart of Union Square, Somerville, as part of the Bow Market community. Unique beers and craft coffee served daily. 

","https://assets.untappd.com/site/brewery_logos_hd/brewery-309679_de146_hd.jpeg","3.887","5","38750","2 Bow Market Way","Somerville","MA","",""
"Boréale","Pionniers du renouveau brassicole, Laura Urtnowski, Bernard Morin et Jean Morin étaient dans la vingtaine lorsqu’ils ont fondé Les Brasseurs du Nord. Encore étudiants, ils créaient déjà leurs propres recettes de bières maison. Le succès de leurs produits les décida à fonder une brasserie.

Désireux de partager leur passion pour des bières différentes et originales, ils ont été les premiers, en 1988, à offrir une rousse au Québec.

Amoureux de leur métier et soucieux de toujours offrir des bières haut de gamme, ils privilégient une approche artisanale, préférant la qualité à la quantité. Leur talent et leur dynamisme ont fait des Brasseurs du Nord une des plus importantes microbrasseries au Québec.","https://assets.untappd.com/site/brewery_logos_hd/brewery-4245_adebb_hd.jpeg","3.792","5","275789","875 Boulevard Michèle-Bohec","Blainville Canada","QC","",""
"BreWskey","BreWskey, established in 2015 as a Brew Pub, began onsite brewing in 2019. It consists of the Pub, Taproom, and Annexe – three unique spaces under one roof where you can savor our onsite-brewed beers, each offering its own atmosphere and culinary experience.","https://assets.untappd.com/site/brewery_logos_hd/brewery-249696_c7097_hd.jpeg","4.152","5","289696","380 Rue Saint-Paul Est","Montreal Canada","QC","",""
"Short Throw Brewing Co.","Hand crafted beers made with hand crafted hands.","https://assets.untappd.com/site/brewery_logos_hd/brewery-449168_0383a_hd.jpeg","4.161","5","113261","341 State St","North Haven","CT","",""
"Stella Artois","","https://assets.untappd.com/site/brewery_logos/brewery-265_7be0f.jpeg","3.282","5","902479","Brouwerijplein 1","Leuven Belgium","Vlaams Gewest","",""
"Badische Staatsbrauerei Rothaus","","https://assets.untappd.com/site/brewery_logos/brewery-BadischeStaatsbrauereiRothaus_1077.jpeg","3.451","5","274749","Rothaus 1","Grafenhausen Germany","Baden-Württemberg","",""
"Southern Tier Brewing Company","About Southern Tier Brewing Company
Southern Tier was founded in 2002 by Phin and Sara DeMink in Lakewood, New York. It is known for its diverse portfolio of innovative beers that embodies the spirit of American craft brewing.","https://assets.untappd.com/site/brewery_logos/brewery-4586_47eba.jpeg","3.784","5","3590966","2072 Stoneman Circle","Lakewood","NY","",""
"Ayinger Privatbrauerei","Beer in Bavaria has had an exceptionally high value since time immemorial. It is not just the proverbial “liquid bread” alone, but rather also the social “cement” of our culture, in which values such as conviviality, community, honesty, reliability and solidarity with the homeland play a major role. The deep roots in our region, continuously deepened over generations, form the nutrient base of the Ayinger Brewery. The quality of our beer, consistently awarded numerous prizes for its excellence, is consequently not just based on the select ingredients of our region and the capacities of our brewing art. Equally important is the spirit, the mindset, the very values with which we have performed our craft for over 130 years.

Strong financial, social and cultural commitment for the well-being of all concerned is therefore firmly incorporated into the production of our Ayinger beers – in the company, in the community and in the entire region. Beyond the realm of the world-famous Ayinger beer specialties, these crucial components have also contributed to creating a unique brand name philosophy: “Aying, a Complete Work of Art” as the brand was once described with perfect accuracy by a specialist journal. Maintaining this within the boundaries of genuine beer culture and preserving it for generations to come is our daily assignment.

Sincerely,

The Inselkammer Family","https://assets.untappd.com/site/brewery_logos/brewery-10915_40d60.jpeg","3.696","5","863536","Münchener Straße 21","Aying Germany","Bayern","",""
"Wico Street Beer Co.","Sour focused brewery in the Pigtown neighborhood of Baltimore City, MD. Mixed culture and clean styles produced in small batches for barrel and foeder aging. ","https://assets.untappd.com/site/brewery_logos_hd/brewery-515591_d53cf_hd.jpeg","3.83","5","8142","1100 Wicomico St Ste 1A","Baltimore","MD","",""
"Mortalis Brewing Company","We believe that beer is about human connection.

A connection that we are all mortals in this realm with stories to tell, dreams to live, and beers to share.

We are all Mortalis","https://assets.untappd.com/site/brewery_logos_hd/brewery-332604_f9012_hd.jpeg","4.295","5","663471","5660 Tec Dr","Avon","NY","",""
"Nighthawk Brewery & Pizza","Arlington's newest brewery conveniently located in Pentagon Row, Nighthawk is an independent craft brewery and pizzeria inspired by 90's nostalgia.  A collaborative effort between Michelin star Chef Johnny Spero, the owners of Aslin Beer Co. Andrew Kelley and Kai Leszkowicz, and Arlington entrepreneur Scott Parker, Nighthawk is a fun, casual experience for craft beer lovers, corporate events, and family outings alike.","https://assets.untappd.com/site/brewery_logos_hd/brewery-518603_90f2e_hd.jpeg","3.698","5","9329","1201 S Joyce St Suite C10","Arlington","VA","",""
"Privatbrauerei Gaffel Becker","","https://assets.untappd.com/site/brewery_logos_hd/brewery-1021_bee0c_hd.jpeg","3.327","5","224291","Welserstraße 16, Porz","Köln Germany","Nordrhein-Westfalen","",""
"Tucher Bräu","Tucher is a brewery where classic, time tested methods and ultra sophisticated modern techniques go hand in hand. Historical chronicles from as far back as 1672 mention the Städtischen Weizenbrauhaus brewery of Nuremberg. “Made from the finest ingredients and for every palate” is and has always been Tucher’s watchword across its entire portfolio of beers ranging from classic Pilsener to sprightly Hefe Weizen to specialty beers such as Tucher Christkindlesmarkt Bier:","https://assets.untappd.com/site/brewery_logos/brewery-TucherBrau_8309.jpeg","3.389","5","355689","Tucherstraße 10","Fürth Germany","Bayern","",""
"Staatliches Hofbräuhaus München","Hofbräuhaus München Brewery is a state government owned brewery in Munich, Germany. It was founded in 1589 by Wilhelm V, the duke of Bavaria. It was deemed to be a public royal brewery in the city given it was established as a brewery for the Royal Residence. The demand for Hofbräuhaus München Brewery dramatically increased after World War II. The brewery has expanded to owning three breweries, the Hofbräuhaus am Platzl, the Hofbräukeller and the Oktoberfest (Hofbräu-Festzelt). The brewery is known for its wide variety of beers with unique aromas, distinctive malt flavors and fine quality. Today, Hofbräuhaus München is one of Munich’s primary tourist attractions. 
","https://assets.untappd.com/site/brewery_logos_hd/brewery-5566_a54cf_hd.jpeg","3.613","5","936019","Hofbräuallee 1","Munich Germany","Bayern","",""
"Brooklyn Brewery","","https://assets.untappd.com/site/brewery_logos_hd/brewery-259_0f253_hd.jpeg","3.529","5","3039804","79 North 11th Street","Brooklyn","NY","",""
"Allagash Brewing Company","We’re an independent craft brewery in Portland, Maine. In addition to our signature Allagash White—a Belgian-style wheat beer—you’ll find wild, sour, barrel-aged, and spontaneously fermented beers to try as well. We’re a Certified B Corp; our founder, Rob, won the James Beard Award for Outstanding Wine, Spirits, or Beer Professional in 2019; and we’ve been recognized as one of Maine’s best places to work for seven years running. We hope you’ll feel the shared passion of our staff when you stop by. Beyond beer, we’re always working on becoming more sustainable in our brewing and supporting our Portland community.

If you’re in the area, stop by and check out our tasting room!","https://assets.untappd.com/site/brewery_logos_hd/brewery-24_42fc9_hd.jpeg","3.864","5","1579730","50 Industrial Way","Portland","ME","",""
"Equilibrium Brewery","Our Vision: To make the best beer in the world based on MIT-trained-scientific principles, a love for craft beer, and a love of community. We brew what we want to drink and share this with you. We believe the right craft beer turns ordinary moments into extraordinary experiences. Experience Equilibrium – Beer Balanced by Science.","https://assets.untappd.com/site/brewery_logos_hd/brewery-198789_b4401_hd.jpeg","4.164","5","2001107","2-8 South Street","Middletown","NY","",""
"Hudson Valley Brewery","","https://assets.untappd.com/site/brewery_logos_hd/brewery-169038_2ae24_hd.jpeg","4.193","5","538663","7 E Main St","Beacon","NY","",""
"Grimm Artisanal Ales","Grimm Artisanal Ales is a Brooklyn-based brewery founded in 2013 by Joe and Lauren Grimm after nearly a decade of tinkering with fermentation. Grimm specializes in concise, elegant ales epitomizing the creative, experimental spirit of the American artisanal beer revolution. With each limited edition release, we seek to push the boundaries of style and flavor in order to create beers with the utmost depth and complexity.

For five years, Grimm operated as a nomadic brewery. Joe and Lauren would develop each recipe in the kitchen of their Gowanus apartment and travel to existing breweries near and far to craft their commercial beers.

In June 2018, they opened their permanent location in the East Williamsburg neighborhood of Brooklyn, NY.","https://assets.untappd.com/site/brewery_logos/brewery-72844_083a7.jpeg","4.047","5","1099389","990 Metropolitan Avenue","Brooklyn","NY","",""
"Finback Brewery","ENJOY WITH GOOD COMPANY - Brewed with care in Queens, NYC","https://assets.untappd.com/site/brewery_logos/brewery-52099_0c849.jpeg","4.087","5","1033856","78-01 77th Ave","Queens","NY","",""
"Erdinger Weissbräu","Seit über 130 Jahren ist unsere Leidenschaft für bayerische Braukunst der Ursprung für die höchste Qualität unseres Weißbiers. Als Privatbrauerei stehen wir für:

Heimat: In Bayern sind wir verwurzelt. Seit 1886 brauen wir ausschließlich in Erding – jede einzelne Flasche. Und wir haben nie etwas anderes gebraut als die bayerische Spezialität Weißbier.

Qualität & Geschmack: Unser höchstes Gut. Beim Reinheitsgebot, erstklassigen Rohstoffen und unserer Leidenschaft für das bayerische Kulturgut Weißbier machen wir als Traditionsbrauerei keine Kompromisse.

Lebensfreude & Genuss: Mit unseren Weißbierspezialitäten schenken wir bayerische Lebensfreude und Genuss. In über 90 Ländern!","https://assets.untappd.com/site/brewery_logos_hd/brewery-1019_47e30_hd.jpeg","3.519","5","1028840","Franz-Brombach-Straße 1","Erding Germany","Bayern","",""
"Night Shift Brewing","Night Shift Brewing was founded in 2012 by a trio of friends with a shared passion for nocturnal homebrewing. Through culinary inspiration and determined innovation, we aim to create memorable craft beers that offer a wide array of unique, complex flavors.","https://assets.untappd.com/site/brewery_logos_hd/brewery-20827_9c3db_hd.jpeg","3.857","5","976799","87 Santilli Hwy","Everett","MA","",""
"Bingo Beer Co.","Welcome to Bingo Beer Co, Richmond’s lager focused brewery!  We are a production brewery, taproom, arcade, and beer garden all wound up in a Scott’s Addition hangout right on Broad Street. We focus our attention mainly on clean, crushable lager but also enjoy modern IPA, culinary influenced sour beers, and clean and funky farmhouse. Stouts, barleywines, and other traditional beers often make their way to our taproom, too. We honor the timeless of beer in bringing people together. Cheers!!

Our space has a huge wrap-around bar with a number of TVs in a large open room with multiple areas available for events. In addition to our beers, our bar offers draft cocktails, wine, cider, and spirits. The Bingo Team is here for you with genuine hospitality, and we look forward to serving you soon. Cheers!","https://assets.untappd.com/site/brewery_logos_hd/brewery-409745_cd8ea_hd.jpeg","3.759","5","44242","2900 W Broad St","Richmond","VA","",""
"Baxter Brewing Co.","Baxter Brewing Co. is a Maine craft brewery which is the first of its kind in New England to can all of its beer. Located in Bates Mill in the community of Lewiston/Auburn, Baxter Brewing Co. currently distributes its renowned craft beers in ME, MA, & NH.. The Pub at Baxter is an onsite, full service restaurant offering stylized pub fare along with 24 tap lines of Baxter beer and a merchandise outlet where guests can purchase unique Baxter gear.","https://assets.untappd.com/site/brewery_logos_hd/brewery-1393_0a842_hd.jpeg","3.604","5","209448","130 Mill St.","Lewiston","ME","",""
"Trapezium Brewing Co","Trapezium Brewing Co. takes its name from the iconic Trapezium House, just a few blocks to the west of our tap room and 30 barrel production facility. The historic building is a quirky three-story structure built with no right angles, and through the years all sort of stories and superstitions have been assigned to it. We see it as a metaphor — it’s a quirky building in a quirky town, where doing things differently usually gets the best results. ","https://assets.untappd.com/site/brewery_logos/brewery-277271_19433.jpeg","3.689","5","38266","423 3rd St.","Petersburg","VA","",""
"Old Nation Brewing Co.","Located in the heart of Williamston, MI, our goal is simple; To brew the best beer possible.","https://assets.untappd.com/site/brewery_logos_hd/brewery-208038_42e4b_hd.jpeg","4.048","5","516918","1500 W Grand River Ave","Williamston","MI","",""
"The Virginia Beer Co. (VBC)","BEER · PEOPLE · PURPOSE 

— — —

Our beers are only as good as the people with whom we share them. That starts with a talented team and extends to our guests, Full-Time Friends Social Club, and the people in our community. Together we’ve worked to create a dynamic environment and recipe lineup that encourages beers for all + cheers with all, and reflects the positive spirit of our brewery.

— — —

Cheers from Williamsburg, VA!","https://assets.untappd.com/site/brewery_logos_hd/brewery-218948_be3d9_hd.jpeg","3.767","5","204151","401 Second St","Williamsburg","VA","",""
"Wicked Weed Brewing","We are focused on drinkability and boundary pushing recipes tempered only by quality of craft. Wicked Weed Brewing will always evolve, always grow, and always aspire to be better.","https://assets.untappd.com/site/brewery_logos_hd/brewery-37851_e0803_hd.jpeg","3.908","5","1996933","91 Biltmore Ave.","Asheville","NC","",""
"LIC Beer Project","LIC Beer Project is a collaborative journey of insight, experience, travel, education, and the goal to achieve a beer we have yet to discover. Here at LIC Beer Project we will assert integrity of purpose and imaginative vision against the slaves of the ordinary. Join the odyssey……","https://assets.untappd.com/site/brewery_logos_hd/brewery-201804_2bc49_hd.jpeg","3.976","5","232340","39-28 23rd Street","Long Island City","NY","",""
"Fifth Hammer Brewing Co.","","https://assets.untappd.com/site/brewery_logos_hd/brewery-362426_b86df_hd.jpeg","3.889","5","100184","10-28 46th Avenue","Long Island City","NY","",""
"Elder Pine Brewing & Blending","Farm brewery in Gaithersburg, Maryland focusing on classic & contemporary ales, lagers, and barrel-aged beers.","https://assets.untappd.com/site/brewery_logos_hd/brewery-381688_287be_hd.jpeg","3.966","5","139347","4200 Sundown Road","Gaithersburg","MD","",""
"Harpoon Brewery","From the quality of our beers to our welcoming breweries, from our large seasonal festivals to our steadfast commitment to the community, we – the employee-owners at Harpoon – live and breathe our motto “Love Beer. Love Life.”. We believe that making great beer goes hand in hand with having fun, and that good times become great times with better beer.

COME VISIT US! We invite all of you to visit our Boston brewery, where it all began, and our beautiful brewery in Windsor, Vermont.","https://assets.untappd.com/site/brewery_logos_hd/brewery-634_dbd7b_hd.jpeg","3.547","5","1434571","306 Northern Avenue","Boston","MA","",""
"Basic City Beer Co","Basic City Beer Co draws a brand from the smolderings and lore of a 'Lost Town'- Basic City, Virginia: Circa 1899- to reclaim the enduring American Spirit from this pre-prohibition, Industrial era & to Repurpose the Intoxicating Lure of the American Dream. 
 Oh! and we make damn good Craft Beer too!","https://assets.untappd.com/site/brewery_logos/brewery-237767_1a4d2.jpeg","3.832","5","80875","1010 E Main St","Waynesboro","VA","",""
"Delirium - Huyghe Brewery","Huyghe Brewery is one of Belgium’s renowned brewers that focuses on speciality Beers and Premium Brands. Huyghe Brewery is the proud owner of the Delirium brand, Averbode abbey beer, La guillotine Gold Blond multigrain, Mongozo gluten free beer and many more. 

We focus on quality products and we strongly believe in renewable energy and corporate social responsibility. Which led us to be the Most Sustainable Belgium Family Brewer. 

Today, Delirium is served and enjoyed all over the world. And we believe that the Pink Elephant will keep on growing!","https://assets.untappd.com/site/brewery_logos_hd/brewery-285_39b80_hd.jpeg","3.674","5","1780122","4 Geraardsbergsesteenweg","Melle Belgium","Vlaams Gewest","",""
"North Country Brewing Company","Homegrown food and fun for the whole family.  North Country Brewing is famous not only for our hearty delicious fare and unique handcrafted brews, but also for intimate atmosphere and exceptional environment.","https://assets.untappd.com/site/brewery_logos/brewery-920_ccf68.jpeg","3.612","5","172807","141 S Main St","Slippery Rock","PA","",""
"Western Collective ","The Best Beer, Service, and Experience in Idaho, Period. ","https://assets.untappd.com/site/brewery_logos_hd/brewery-400621_8c888_hd.jpeg","3.794","5","17217","111 W. 33rd Street","Garden City","ID","",""
"Occidental Brewing Co.","Occidental Brewing Co. Handcrafting delicious beers in the continental tradition.","https://assets.untappd.com/site/brewery_logos_hd/brewery-12795_de57b_hd.jpeg","3.713","5","42275","6635 N. Baltimore Ave.","Portland","OR","",""
"Woodland Empire Ale Craft","Woodland Empire Ale Craft works to craft good beer with Idaho-grown ingredients, shaped by local stories and a sense of place. #ProgressThroughBeer","https://assets.untappd.com/site/brewery_logos_hd/brewery-85614_49cb7_hd.jpeg","3.72","5","63349","1114 W Front St","Boise","ID","",""
"Grand Teton Brewing","Grand Teton Brewing is committed to crafting only the highest quality ales and lagers. We take measures at every point in our brewing, packaging and shipping process to ensure that we deliver only the best beers to you. Our Quality Manager performs multiple tests of every batch at every stage and conducts daily tastings of our finished brews to guarantee that only the best possible beers make the journey from our brewery to your glass.

We believe that Teton Valley, Idaho is the best place on earth to craft beer. Our water is glacial run-off, filtered over 300-500 years by Teton Mountain granite and limestone before it surfaces at a spring a half mile from the brewery. Teton Valley grows the world’s best malting barley, and Southern Idaho includes some of the finest hop farms in the world.","https://assets.untappd.com/site/brewery_logos/brewery-3284_bc051.jpeg","3.643","5","209538","430 Old Jackson Hwy","Victor","ID","",""
"Hubbard’s Cave","Chicago brewery focused on Stouts & IPA's","https://assets.untappd.com/site/brewery_logos/brewery-217054_5a1f0.jpeg","4.08","5","346006","6343 W Gross Point Rd","Niles","IL","",""
"Coastal Fermentory","At Coastal Fermentory, we strive to bring the best craft beer experience you can find! Our team is dedicated to quality, community and the never ending adventure to perfect our craft!","https://assets.untappd.com/site/brewery_logos_hd/brewery-392624_703da_hd.jpeg","4.007","5","30638","206 23rd Street","Newport News","VA","",""
"MoMac Brewing Company","What does passion mean to you? For us, it’s an obsession.

Ever since we brewed our very first batch, our mission has been pretty simple: create the perfect beer. We’ve spent years tweaking and refining our recipes – a little less malt, a few more hops, experiment with different yeast strains. In the early days, our commitment was so intense that our wives and neighbors thought we might be doing something illegal.

We’re less suspicious about it now, but no less driven to make the best beer possible. MoMac brews a high quality beer that is as well-balanced as it is approachable. Our first taste testers were our friends and family, and they run the gamut from beer lovers like us to curious folks who are interested in something new. We won over all of them, and we know we’ll win you over too.

MoMac is by the community, for the community. We started brewing in a Chesapeake garage, and are proud to give Western Hampton Roads a brewery of its own. It’s more than beer for us; we want to be a place where the whole neighborhood can have fun. That’s why we’ve got a huge bar, comfortable indoor and outdoor seating, a private party area, weekend shows featuring killer musicians, visits from the best food trucks in town, and – yes – even a place for the kids to play.

Come visit us at MoMac for a cold beer and a great time. We can’t wait to share our passion with you.
","https://assets.untappd.com/site/brewery_logos_hd/brewery-349476_44b9b_hd.jpeg","3.696","5","24832","3228 Academy Ave","Portsmouth","VA","",""
"New Realm Brewing Co.","Here, we believe in a New Realm of thinking, doing and most importantly brewing. We ask questions. Rethink tradition. Bend the rules. Reconfigure boundaries. What we do next all comes down to one simple pursuit: to never become stale in any sense or style.","https://assets.untappd.com/site/brewery_logos_hd/brewery-373093_9cff3_hd.jpeg","3.735","5","284471","550 Somerset Terrace","Atlanta","GA","",""
"Smartmouth Brewing Co.","Since 2012, Smartmouth has helped shape the Hampton Roads craft beer scene with unique styles, quality ingredients and an emphasis on flavor over flash. We produce year-round beers, seasonal styles and an assortment of limited-edition brews, available in draft, 12 oz. and 16 oz. cans and 500 ml bottles. We are located in Virginia Beach near the oceanfront.  Our Norfolk location closed in Dec 2025.","https://assets.untappd.com/site/brewery_logos_hd/brewery-41844_9c4fe_hd.jpeg","3.679","5","151961","313 32nd St","Virginia Beach","VA","",""
"Foundation Brewing Company","Brewing a full spectrum of beers since 2014 in Portland, Maine. Visit our tasting room on Industrial Way where all of our beers are made on-site, and experience our authentic Detroit-style square pizzas. Owners, John & Tina, grew up in Detroit, and love to share their love of Square Pizza. Join us for Michigan Football all season.","https://assets.untappd.com/site/brewery_logos/brewery-103429_1c9c1.jpeg","3.922","5","274312","1 Industrial Way","Portland","ME","",""
"Switchback Brewing Company","Switchback Brewing Company, founded in 2002 by Master Brewer Bill Cherry and his longtime friend Jeff Neiblum, is a 100% employee-owned brewery in Burlington’s South End. Focused from the start on brewing the highest quality beer, every Switchback is left unfiltered and naturally conditioned for maximum complexity and flavor. Today, our beers are distributed throughout New England as well as parts of New York and Virginia. Visitors can experience it all at the Switchback Beer Garden & Smokehouse, where house-smoked meats and Southern-inspired dishes pair perfectly with our full lineup of award-winning beers, spirits, and non-alcoholic options.","https://assets.untappd.com/site/brewery_logos/brewery-1227_2e7aa.jpeg","3.634","5","153299","160 Flynn Ave.","Burlington","VT","",""
"Great Valley Farm Brewery","Great Valley Farm Brewery was born out of a passion for quality beer. Our goal is to produce world-class beer and to provide a relaxed, family friendly atmosphere to enjoy our creations. Our 27-acre farm also includes 4 acres of grapes to be used in the future for wine production. ","https://assets.untappd.com/site/brewery_logos_hd/brewery-302542_2a582_hd.jpeg","3.697","5","7406","60 Great Valley Lane","Natural Bridge","VA","",""
"Fat Orange Cat Brew Co.","","https://assets.untappd.com/site/brewery_logos_hd/brewery-290803_9e74a_hd.jpeg","3.941","5","463360","341 State St","North Haven","CT","",""
"Yuengling Brewery","Based in Pottsville, PA, D.G. Yuengling & Son, Inc., America’s Oldest Brewery, is family owned and operated since 1829. Principal beer brands include Traditional Lager, Light Lager, Premium, Light, Black and Tan, Dark Brewed Porter, and Lord Chesterfield Ale. For more information, visit www.yuengling.com.","https://assets.untappd.com/site/brewery_logos_hd/brewery-1976_0241e_hd.jpeg","3.431","5","1132866","501 Mahantongo Street","Pottsville","PA","",""
"3 Floyds Brewing","Nick Floyd founded 3 Floyds in a Hammond, Indiana, garage in 1996. The then-small brewery with the ""It's Not Normal"" motto set out to stand out with bold, aggressive, highly hopped beers. In 2000, 3 Floyds moved to nearby Munster, Indiana, and added a brewpub a few years later. Led by brands like Alpha King, Dark Lord, Dreadnaught, Gumballhead and Zombie Dust, 3 Floyds has grown into a world-class brewery, earning many accolades, awards and top rankings from world-recognized organizations and beer geeks alike. 3 Floyds has built an elite team of brewers, packagers, engineers and hospitality pros to continue cranking out the best beer possible.","https://assets.untappd.com/site/brewery_logos_hd/brewery-2470_61045_hd.jpeg","3.992","5","2904398","9750 Indiana Pkwy","Munster","IN","",""
"Cushwa Brewing Co.","Based in Williamsport, MD just minutes away from the historic and scenic C&O Canal used by many for cycling, running, walking and other recreational activities.  Our large modern taproom offers plenty of seating and fun while you sip on beer offerings with friends. Hungry?  We have partnered with Rad Pies who offer brick-oven Neapolitan style pizza and much more!

Our mission is simple: Exceptional Beer. Positive Impact. Respect.","https://assets.untappd.com/site/brewery_logos_hd/brewery-269767_fade1_hd.jpeg","4.049","5","276364","10210 Governor Lane Boulevard #2010","Williamsport","MD","",""
"Greater Good Imperial Brewing Company","Welcome to GREATER GOOD, America’s First All-Imperial Brewing Company™. We’re obsessed: all that we think about, all that we dream about, all that we build are high-end ales which strictly range within the Imperial classification of alcohol from 8% to 14%. We’re committed to the production of Greater tasting beers, hand-crafted with Greater ingredients. We are defining the next level of Imperial brews.","https://assets.untappd.com/site/brewery_logos_hd/brewery-277363_bb7cc_hd.jpeg","3.981","5","174752","55 Millbrook Street","Worcester","MA","",""
"Queen City Brewing","Founded in 2003, Queen City Brewing holds the honor of being the first brewery since Prohibition in Staunton, Virginia. With our roots in Brew On Premise beer-making, we have always had an eye towards giving the customer a unique experience with a delicious product. Just like our beers and wines, we’ve aged and fermented into a complex product to serve the various needs and desires of our patrons.  ","https://assets.untappd.com/site/brewery_logos/brewery-QueenCityBrewing_6210.jpeg","3.474","5","6277","834 Springhill Rd","Staunton","VA","",""
"Skipping Rock Beer Co.","Worry less. Live more. That’s the Skipping Rock state of mind behind our exceptional craft beer and taprooms that celebrate family, fun, and freedom.  

Please note taproom is temporarily closed at this location. Beer is still available through distribution at local retailers.
","https://assets.untappd.com/site/brewery_logos_hd/brewery-406078_5cfac_hd.jpeg","3.822","5","11588","414 Parkersburg Turnpike","Staunton","VA","",""
"Shenandoah Valley Brewing Company","**Closed 10/30/2022**

Shenandoah Valley Brewing Company is all about you and your beer experience.  We are committed to the growing craft beer culture in the Shenandoah Valley. As a brewer and a supplier of home brew supplies, Shenandoah Valley Brewing Company is committed to your success and enjoyment.

In early 2012 we began our journey by opening our home brew supply store in Historic Downtown Staunton VA, right across from the depot.  In 2014 we opened our 1st taproom at #17 Middlebrook, but it soon outgrew its space and in January of 2017 we moved to a larger space at  – 103 W Beverley St next to clock tower and farmhouse kitchen and wares.","https://assets.untappd.com/site/brewery_logos/brewery-112719_f35b7.jpeg","3.376","5","5300","103 W Beverley St","Staunton","VA","",""
"Redbeard Brewing","Small Batch Brewery and Taproom located in the Wharf District of historic downtown Staunton, VA. Enjoy of choice of 10-15 beers on tap while sitting inside our cozy Taproom or outside in our Beer Garden.  Order food from Yummy Hibachi food truck located in our Gravel Lot during your visit, or feel free to have anything delivered or picked up from one of the many local restaurants around town! Please no outside alcohol.","https://assets.untappd.com/site/brewery_logos_hd/brewery-20103_35407_hd.jpeg","3.871","5","27831","120 S Lewis St","Staunton","VA","",""
"SingleCut Beersmiths","Cranking out music obsessed award winning Lagers and IPAs since 2012.

To all demanding a steadfast meticulousness towards everything that can fit into a pint glass - Welcome. 

Always Drink Loud.","https://assets.untappd.com/site/brewery_logos/brewery-16555_d51d2.jpeg","4.006","5","1083267","19-33 37th Street","Astoria","NY","",""
"Reason Beer","**Closed December 2022**
Creatively balanced craft beer","https://assets.untappd.com/site/brewery_logos_hd/brewery-336254_935b3_hd.jpeg","3.718","5","23097","116 W A St","Newton","NC","",""