{
  "type": "FeatureCollection",
  "features": [
    {
      "type": "Feature",
      "properties": {
        "Brewery Name": "3 Floyds Brewing",
        "Beers Rated": 2,
        "My Rating": 4.0,
        "Global Rating": 4.080325,
        "Avg Diff": -0.0803250000000002,
        "description": "Nick Floyd founded 3 Floyds in a Hammond, Indiana, garage in 1996. The then-small brewery with the \"It's Not Normal\" motto set out to stand out with bold, aggressive, highly hopped beers. In 2000, 3 Floyds moved to nearby Munster, Indiana, and added a brewpub a few years later. Led by brands like Alpha King, Dark Lord, Dreadnaught, Gumballhead and Zombie Dust, 3 Floyds has grown into a world-class brewery, earning many accolades, awards and top rankings from world-recognized organizations and beer geeks alike. 3 Floyds has built an elite team of brewers, packagers, engineers and hospitality pros to continue cranking out the best beer possible.",
        "image_url": "https://assets.untappd.com/site/brewery_logos_hd/brewery-2470_61045_hd.jpeg",
        "ratingValue": 3.992,
        "bestRating": 5,
        "reviewCount": 2904398,
        "streetAddress": "9750 Indiana Pkwy",
        "addressLocality": "Munster",
        "addressRegion": "IN",
        "telephone": "",
        "warningservesCuisine": "",
        "full_address": "9750 Indiana Pkwy, Munster, IN",
        "Latitude": 41.535551,
        "Longitude": -87.516824,
        "City": "Munster",
        "State": "IN",
        "Country": "United States",
        "VORB": null
      },
      "geometry": {
        "type": "Point",
        "coordinates": [
          -87.516824,
          41.535551
        ]
      }
    },
    {
      "type": "Feature",
      "properties": {
        "Brewery Name": "Abbaye de Leffe",
        "Beers Rated": 1,
        "My Rating": 4.0,
        "Global Rating": 3.58359,
        "Avg Diff": 0.41640999999999995,
        "description": "Leffe, a brewing tradition since 1240\r\n\r\nFounded in 1152, Notre-Dame de Leffe was an abbey of Premonstratensian canons, i.e. monks living in a community characterised by its hospitality.\r\n\r\nThe Leffe abbey in 1740, in its heyday: in the foreground we can see the mill with its half-timbered gable, using the water of the Leffe river. In the background, facing each other, are two enemy fortresses: the Montorgueil tower and the castle of Crevecoeur. A lay master brewer worked for the abbey and made a Leffe beer that was so delicious that the parishioners preferred to drink a Leffe on Sundays rather than go to church. The abbot had to take forceful action.\r\n\r\nThe abbey and the brewery were closed during the French Revolution and seemed to be nothing but a distant memory, until the abbey was re-established in 1929. In 1952 abbot Nys and Albert Lootvoet decided to once again take up the brewing tradition of Leffe with its well-guarded recipe and offer a range of delicious Leffe beers. In the meantime, AB-InBev has taken up the torch and has made a commitment to honour the tradition of the Leffe beer, which has been brewed according to the same recipe since 1240.",
        "image_url": "https://assets.untappd.com/site/brewery_logos_hd/brewery-5_be355_hd.jpeg",
        "ratingValue": 3.506,
        "bestRating": 5,
        "reviewCount": 1756578,
        "streetAddress": "20 Aarschotsesteenweg",
        "addressLocality": "Leuven Belgium",
        "addressRegion": "Vlaams Gewest",
        "telephone": "",
        "warningservesCuisine": "",
        "full_address": "20 Aarschotsesteenweg, Leuven Belgium, Vlaams Gewest",
        "Latitude": 50.9388097,
        "Longitude": 4.7358156,
        "City": "Leuven Belgium",
        "State": "Vlaams Gewest",
        "Country": "Belgique",
        "VORB": null
      },
      "geometry": {
        "type": "Point",
        "coordinates": [
          4.7358156,
          50.9388097
        ]
      }
    },
    {
      "type": "Feature",
      "properties": {
        "Brewery Name": "Alewerks Brewing Company",
        "Beers Rated": 2,
        "My Rating": 3.625,
        "Global Rating": 3.90414,
        "Avg Diff": -0.27913999999999994,
        "description": "We’re beer people. Some say it, we live it. We drink it, think about it, and talk about it… For us, it’s been all about making great craft beer going on 16 years now. Whatever your favorite style of beer is, you’ll get the best version of it at Alewerks.",
        "image_url": "https://assets.untappd.com/site/brewery_logos_hd/brewery-2178_944d7_hd.jpeg",
        "ratingValue": 3.778,
        "bestRating": 5,
        "reviewCount": 316841,
        "streetAddress": "189 Ewell Road",
        "addressLocality": "Williamsburg",
        "addressRegion": "VA",
        "telephone": "",
        "warningservesCuisine": "",
        "full_address": "189 Ewell Road, Williamsburg, VA",
        "Latitude": 37.321067,
        "Longitude": -76.733353,
        "City": "Williamsburg",
        "State": "VA",
        "Country": "United States",
        "VORB": null
      },
      "geometry": {
        "type": "Point",
        "coordinates": [
          -76.733353,
          37.321067
        ]
      }
    },
    {
      "type": "Feature",
      "properties": {
        "Brewery Name": "Allagash Brewing Company",
        "Beers Rated": 1,
        "My Rating": 4.0,
        "Global Rating": 3.74565,
        "Avg Diff": 0.2543500000000001,
        "description": "We’re an independent craft brewery in Portland, Maine. In addition to our signature Allagash White—a Belgian-style wheat beer—you’ll find wild, sour, barrel-aged, and spontaneously fermented beers to try as well. We’re a Certified B Corp; our founder, Rob, won the James Beard Award for Outstanding Wine, Spirits, or Beer Professional in 2019; and we’ve been recognized as one of Maine’s best places to work for seven years running. We hope you’ll feel the shared passion of our staff when you stop by. Beyond beer, we’re always working on becoming more sustainable in our brewing and supporting our Portland community.\r\n\r\nIf you’re in the area, stop by and check out our tasting room!",
        "image_url": "https://assets.untappd.com/site/brewery_logos_hd/brewery-24_42fc9_hd.jpeg",
        "ratingValue": 3.864,
        "bestRating": 5,
        "reviewCount": 1579730,
        "streetAddress": "50 Industrial Way",
        "addressLocality": "Portland",
        "addressRegion": "ME",
        "telephone": "",
        "warningservesCuisine": "",
        "full_address": "50 Industrial Way, Portland, ME",
        "Latitude": 43.703135,
        "Longitude": -70.317604,
        "City": "Portland",
        "State": "ME",
        "Country": "United States",
        "VORB": null
      },
      "geometry": {
        "type": "Point",
        "coordinates": [
          -70.317604,
          43.703135
        ]
      }
    },
    {
      "type": "Feature",
      "properties": {
        "Brewery Name": "Anchor Brewing Company",
        "Beers Rated": 1,
        "My Rating": 3.25,
        "Global Rating": 3.49147,
        "Avg Diff": -0.24147000000000007,
        "description": "Brewing hand-crafted beer in the heart of San Francisco since 1896.",
        "image_url": "https://assets.untappd.com/site/brewery_logos_hd/brewery-3891_dbd73_hd.jpeg",
        "ratingValue": 3.524,
        "bestRating": 5,
        "reviewCount": 1388872,
        "streetAddress": "24 Willie Mays Plaza, CA, USA",
        "addressLocality": "San Francisco",
        "addressRegion": "CA",
        "telephone": "",
        "warningservesCuisine": "",
        "full_address": "24 Willie Mays Plaza, CA, USA, San Francisco, CA",
        "Latitude": 37.778627,
        "Longitude": -122.389895,
        "City": "San Francisco",
        "State": "CA",
        "Country": "United States",
        "VORB": null
      },
      "geometry": {
        "type": "Point",
        "coordinates": [
          -122.389895,
          37.778627
        ]
      }
    },
    {
      "type": "Feature",
      "properties": {
        "Brewery Name": "Anchorage Brewing Company",
        "Geocoding Status": "pending",
        "description": "Anchorage Brewing Company is founded by Gabe Fletcher.  Known for its specialized skill and style in barrel fermentation through the use of Brettanomyces and souring cultures, Anchorage Brewery became one of the newest breweries in Alaska. The Anchorage Brewing Company makes it a goal to provide the best beers out there using the old tradition and new styles of beer.\r\n\r\nSome of Anchorage Brewing’s famous beers are the Galaxy White IPA, Love Buzz Saison with Brettanomyces and Bitter Monk Belgian-style Double IPA with Brettanomyces. Anchorage Brewing Company is dedicated to providing fine flavors of beers through special barrel aging and use of Brettanomyces.",
        "image_url": "https://assets.untappd.com/site/brewery_logos/brewery-13756_9b85a.jpeg",
        "ratingValue": 4.155,
        "bestRating": 5,
        "reviewCount": 632187,
        "streetAddress": "148 W 91st Ave",
        "addressLocality": "Anchorage",
        "addressRegion": "AK",
        "telephone": "",
        "warningservesCuisine": "",
        "full_address": "148 W 91st Ave, Anchorage, AK",
        "City": "Anchorage",
        "State": "AK",
        "Brewery URL": "https://untappd.com/anchoragebrewingcompany",
        "Beers Rated": 1,
        "My Rating": 3.75,
        "Global Rating": 3.90565,
        "Avg Diff": -0.15565000000000007,
        "VORB": null
      },
      "geometry": null
    },
    {
      "type": "Feature",
      "properties": {
        "Brewery Name": "Anheuser-Busch",
        "Beers Rated": 2,
        "My Rating": 3.75,
        "Global Rating": 2.461855,
        "Avg Diff": 1.288145,
        "description": "The leading American brewer, bringing people together for more than 160 years.",
        "image_url": "https://assets.untappd.com/site/brewery_logos/brewery-44_b0ef2.jpeg",
        "ratingValue": 2.666,
        "bestRating": 5,
        "reviewCount": 3023109,
        "streetAddress": "1 Busch Pl",
        "addressLocality": "St. Louis",
        "addressRegion": "MO",
        "telephone": "",
        "warningservesCuisine": "",
        "full_address": "1 Busch Pl, St. Louis, MO",
        "Latitude": 38.598525,
        "Longitude": -90.209833,
        "City": "St. Louis",
        "State": "MO",
        "Country": "United States",
        "VORB": null
      },
      "geometry": {
        "type": "Point",
        "coordinates": [
          -90.209833,
          38.598525
        ]
      }
    },
    {
      "type": "Feature",
      "properties": {
        "Brewery Name": "Aslin Beer Company",
        "Beers Rated": 16,
        "My Rating": 3.515625,
        "Global Rating": 3.9100225,
        "Avg Diff": -0.3943975000000002,
        "description": "Aslin Beer Company is a northern Virginia (DC suburb) brewery suited to provide a wide variety of great beverages. Visit our spacious 24-tap tasting room in Alexandria or any of our other locations in Herndon, Washington D.C. and Pittsburgh.",
        "image_url": "https://assets.untappd.com/site/brewery_logos_hd/brewery-170844_327db_hd.jpeg",
        "ratingValue": 4.043,
        "bestRating": 5,
        "reviewCount": 1354561,
        "streetAddress": "847 S Pickett St",
        "addressLocality": "Alexandria",
        "addressRegion": "VA",
        "telephone": "",
        "warningservesCuisine": "",
        "full_address": "847 S Pickett St, Alexandria, VA",
        "Latitude": 38.804265,
        "Longitude": -77.138325,
        "City": "Alexandria",
        "State": "VA",
        "Country": "United States",
        "VORB": -2.268041237113394
      },
      "geometry": {
        "type": "Point",
        "coordinates": [
          -77.138325,
          38.804265
        ]
      }
    },
    {
      "type": "Feature",
      "properties": {
        "Brewery Name": "Ayinger Privatbrauerei",
        "Beers Rated": 1,
        "My Rating": 3.75,
        "Global Rating": 3.76255,
        "Avg Diff": -0.012550000000000061,
        "description": "Beer in Bavaria has had an exceptionally high value since time immemorial. It is not just the proverbial “liquid bread” alone, but rather also the social “cement” of our culture, in which values such as conviviality, community, honesty, reliability and solidarity with the homeland play a major role. The deep roots in our region, continuously deepened over generations, form the nutrient base of the Ayinger Brewery. The quality of our beer, consistently awarded numerous prizes for its excellence, is consequently not just based on the select ingredients of our region and the capacities of our brewing art. Equally important is the spirit, the mindset, the very values with which we have performed our craft for over 130 years.\r\n\r\nStrong financial, social and cultural commitment for the well-being of all concerned is therefore firmly incorporated into the production of our Ayinger beers – in the company, in the community and in the entire region. Beyond the realm of the world-famous Ayinger beer specialties, these crucial components have also contributed to creating a unique brand name philosophy: “Aying, a Complete Work of Art” as the brand was once described with perfect accuracy by a specialist journal. Maintaining this within the boundaries of genuine beer culture and preserving it for generations to come is our daily assignment.\r\n\r\nSincerely,\r\n\r\nThe Inselkammer Family",
        "image_url": "https://assets.untappd.com/site/brewery_logos/brewery-10915_40d60.jpeg",
        "ratingValue": 3.696,
        "bestRating": 5,
        "reviewCount": 863536,
        "streetAddress": "Münchener Straße 21",
        "addressLocality": "Aying Germany",
        "addressRegion": "Bayern",
        "telephone": "",
        "warningservesCuisine": "",
        "full_address": "Münchener Straße 21, Aying Germany, Bayern",
        "Latitude": 47.971791,
        "Longitude": 11.774369,
        "City": "Aying Germany",
        "State": "Bayern",
        "Country": "Germany",
        "VORB": null
      },
      "geometry": {
        "type": "Point",
        "coordinates": [
          11.774369,
          47.971791
        ]
      }
    },
    {
      "type": "Feature",
      "properties": {
        "Brewery Name": "BabyCat Brewery",
        "Geocoding Status": "pending",
        "description": "Born from a love of nature, pets, family and beer, BabyCat brewery will forever be dedicated to crafting excellent craft beverages and ensuring you, your family and your friends feel right at home every time you visit us.",
        "image_url": "https://assets.untappd.com/site/brewery_logos/brewery-498935_f3818.jpeg",
        "ratingValue": 3.767,
        "bestRating": 5,
        "reviewCount": 9005,
        "streetAddress": "10241 Kensington Pkwy",
        "addressLocality": "Kensington",
        "addressRegion": "MD",
        "telephone": "",
        "warningservesCuisine": "",
        "full_address": "10241 Kensington Pkwy, Kensington, MD",
        "City": "Kensington",
        "State": "MD",
        "Brewery URL": "https://untappd.com/Babycat_Brewery",
        "Beers Rated": 1,
        "My Rating": 3.25,
        "Global Rating": 3.76581,
        "Avg Diff": -0.5158100000000001,
        "VORB": null
      },
      "geometry": null
    },
    {
      "type": "Feature",
      "properties": {
        "Brewery Name": "Badische Staatsbrauerei Rothaus",
        "Beers Rated": 1,
        "My Rating": 3.25,
        "Global Rating": 3.47094,
        "Avg Diff": -0.22094000000000014,
        "description": "",
        "image_url": "https://assets.untappd.com/site/brewery_logos/brewery-BadischeStaatsbrauereiRothaus_1077.jpeg",
        "ratingValue": 3.451,
        "bestRating": 5,
        "reviewCount": 274749,
        "streetAddress": "Rothaus 1",
        "addressLocality": "Grafenhausen Germany",
        "addressRegion": "Baden-Württemberg",
        "telephone": "",
        "warningservesCuisine": "",
        "full_address": "Rothaus 1, Grafenhausen Germany, Baden-Württemberg",
        "Latitude": 47.795428,
        "Longitude": 8.24498,
        "City": "Grafenhausen Germany",
        "State": "Baden-Württemberg",
        "Country": "Germany",
        "VORB": null
      },
      "geometry": {
        "type": "Point",
        "coordinates": [
          8.24498,
          47.795428
        ]
      }
    },
    {
      "type": "Feature",
      "properties": {
        "Brewery Name": "Barrique Brewing and Blending",
        "Beers Rated": 2,
        "My Rating": 3.875,
        "Global Rating": 4.0788,
        "Avg Diff": -0.2038000000000002,
        "description": "Barrique Brewing & Blending is an all barrel aged brewery located in the heart of Nashville, TN. We craft unique open fermented, blended, and fruited sour beers using local ingredients. \r\nOur clean beer program focuses on continental lagers, authentic English cask ales, smoked beers, and the occasional West Coast IPA.",
        "image_url": "https://assets.untappd.com/site/brewery_logos_hd/brewery-380949_c08ff_hd.jpeg",
        "ratingValue": 4.108,
        "bestRating": 5,
        "reviewCount": 64758,
        "streetAddress": "30 Oldham St",
        "addressLocality": "Nashville",
        "addressRegion": "TN",
        "telephone": "",
        "warningservesCuisine": "",
        "full_address": "30 Oldham St, Nashville, TN",
        "Latitude": 36.174161,
        "Longitude": -86.776298,
        "City": "Nashville",
        "State": "TN",
        "Country": "United States",
        "VORB": null
      },
      "geometry": {
        "type": "Point",
        "coordinates": [
          -86.776298,
          36.174161
        ]
      }
    },
    {
      "type": "Feature",
      "properties": {
        "Brewery Name": "Basic City Beer Co",
        "Beers Rated": 1,
        "My Rating": 3.75,
        "Global Rating": 3.73457,
        "Avg Diff": 0.015429999999999833,
        "description": "Basic City Beer Co draws a brand from the smolderings and lore of a 'Lost Town'- Basic City, Virginia: Circa 1899- to reclaim the enduring American Spirit from this pre-prohibition, Industrial era & to Repurpose the Intoxicating Lure of the American Dream. \r\n Oh! and we make damn good Craft Beer too!",
        "image_url": "https://assets.untappd.com/site/brewery_logos/brewery-237767_1a4d2.jpeg",
        "ratingValue": 3.832,
        "bestRating": 5,
        "reviewCount": 80875,
        "streetAddress": "1010 E Main St",
        "addressLocality": "Waynesboro",
        "addressRegion": "VA",
        "telephone": "",
        "warningservesCuisine": "",
        "full_address": "1010 E Main St, Waynesboro, VA",
        "Latitude": 38.063931,
        "Longitude": -78.874184,
        "City": "Waynesboro",
        "State": "VA",
        "Country": "United States",
        "VORB": null
      },
      "geometry": {
        "type": "Point",
        "coordinates": [
          -78.874184,
          38.063931
        ]
      }
    },
    {
      "type": "Feature",
      "properties": {
        "Brewery Name": "Baxter Brewing Co.",
        "Beers Rated": 1,
        "My Rating": 3.5,
        "Global Rating": 3.57098,
        "Avg Diff": -0.07098000000000004,
        "description": "Baxter Brewing Co. is a Maine craft brewery which is the first of its kind in New England to can all of its beer. Located in Bates Mill in the community of Lewiston/Auburn, Baxter Brewing Co. currently distributes its renowned craft beers in ME, MA, & NH.. The Pub at Baxter is an onsite, full service restaurant offering stylized pub fare along with 24 tap lines of Baxter beer and a merchandise outlet where guests can purchase unique Baxter gear.",
        "image_url": "https://assets.untappd.com/site/brewery_logos_hd/brewery-1393_0a842_hd.jpeg",
        "ratingValue": 3.604,
        "bestRating": 5,
        "reviewCount": 209448,
        "streetAddress": "130 Mill St.",
        "addressLocality": "Lewiston",
        "addressRegion": "ME",
        "telephone": "",
        "warningservesCuisine": "",
        "full_address": "130 Mill St., Lewiston, ME",
        "Latitude": 44.095221,
        "Longitude": -70.219115,
        "City": "Lewiston",
        "State": "ME",
        "Country": "United States",
        "VORB": null
      },
      "geometry": {
        "type": "Point",
        "coordinates": [
          -70.219115,
          44.095221
        ]
      }
    },
    {
      "type": "Feature",
      "properties": {
        "Brewery Name": "Bayerische Staatsbrauerei Weihenstephan",
        "Beers Rated": 7,
        "My Rating": 3.892857142857143,
        "Global Rating": 3.715674285714286,
        "Avg Diff": 0.17718285714285686,
        "description": "The Bavarian State Brewery Weihenstephan, founded in 1040, is the oldest continuously operating brewery in the world. Being owned by the Free State of Bavaria, it is run as a modern company brewing beers of the highest quality successfully selling them in more than 50 countries worldwide.",
        "image_url": "https://assets.untappd.com/site/brewery_logos_hd/brewery-88_7815c_hd.jpeg",
        "ratingValue": 3.702,
        "bestRating": 5,
        "reviewCount": 1367107,
        "streetAddress": "2 Alte Akademie",
        "addressLocality": "Freising Germany",
        "addressRegion": "Bayern",
        "telephone": "",
        "warningservesCuisine": "",
        "full_address": "2 Alte Akademie, Freising Germany, Bayern",
        "Latitude": 48.395241,
        "Longitude": 11.728956,
        "City": "Freising Germany",
        "State": "Bayern",
        "Country": "Germany",
        "VORB": 16.065292096219963
      },
      "geometry": {
        "type": "Point",
        "coordinates": [
          11.728956,
          48.395241
        ]
      }
    },
    {
      "type": "Feature",
      "properties": {
        "Brewery Name": "Belleflower Brewing",
        "Beers Rated": 3,
        "My Rating": 3.75,
        "Global Rating": 4.098233333333333,
        "Avg Diff": -0.34823333333333295,
        "description": "Belleflower is co-owned by the Page and Bonadies families.\r\n\r\nOur collaboration started ten years ago when Zach and Nick met as homebrewers who volunteered to help launch Trillium Brewing Company. After moving to Portland with his family, Zach worked at Lone Pine Brewing Company where he facilitated their expansion and brewed some great beers. Nick coordinated Trillium's expansion projects before combining creative energies with Zach, Melissa, and Katie to bring you Belleflower Brewing Company.\r\n\r\nZach and Nick bring a combined fifteen + years of brewing and operations experience in the craft beer industry to Belleflower and co-lead both. Melissa is a Registered Dietitian Nutritionist with a Master’s in Clinical Nutrition and manages Belleflower's food programs. Katie is a writer working for nearby artist studios and provides the creative direction behind Belleflower's voice.\r\n\r\nBelleflower is named after Nick’s family farm, which has been a gathering place for generations of family and friends for the past two centuries. Named for a beloved apple tree that fell many years ago, the trunk of the \"belleflower tree\" has since been repurposed as a decorative beam in the barn. Today it is a reminder of the enduring grit and ingenuity of New Englanders.\r\n\r\n\r\nLike the generations that came before us and the breweries that have raised us, Belleflower Brewing Company hopes to continue this legacy by creating a gathering place for many more generations to love.",
        "image_url": "https://assets.untappd.com/site/brewery_logos_hd/brewery-492848_7c594_hd.jpeg",
        "ratingValue": 4.075,
        "bestRating": 5,
        "reviewCount": 111360,
        "streetAddress": "66 Cove Street",
        "addressLocality": "Portland",
        "addressRegion": "ME",
        "telephone": "",
        "warningservesCuisine": "",
        "full_address": "66 Cove Street, Portland, ME",
        "Latitude": 43.668223,
        "Longitude": -70.256667,
        "City": "Portland",
        "State": "ME",
        "Country": "United States",
        "VORB": -0.6013745704467333
      },
      "geometry": {
        "type": "Point",
        "coordinates": [
          -70.256667,
          43.668223
        ]
      }
    },
    {
      "type": "Feature",
      "properties": {
        "Brewery Name": "Bingo Beer Co.",
        "Beers Rated": 2,
        "My Rating": 3.5,
        "Global Rating": 3.92105,
        "Avg Diff": -0.42105000000000015,
        "description": "Welcome to Bingo Beer Co, Richmond’s lager focused brewery!  We are a production brewery, taproom, arcade, and beer garden all wound up in a Scott’s Addition hangout right on Broad Street. We focus our attention mainly on clean, crushable lager but also enjoy modern IPA, culinary influenced sour beers, and clean and funky farmhouse. Stouts, barleywines, and other traditional beers often make their way to our taproom, too. We honor the timeless of beer in bringing people together. Cheers!!\r\n\r\nOur space has a huge wrap-around bar with a number of TVs in a large open room with multiple areas available for events. In addition to our beers, our bar offers draft cocktails, wine, cider, and spirits. The Bingo Team is here for you with genuine hospitality, and we look forward to serving you soon. Cheers!",
        "image_url": "https://assets.untappd.com/site/brewery_logos_hd/brewery-409745_cd8ea_hd.jpeg",
        "ratingValue": 3.759,
        "bestRating": 5,
        "reviewCount": 44242,
        "streetAddress": "2900 W Broad St",
        "addressLocality": "Richmond",
        "addressRegion": "VA",
        "telephone": "",
        "warningservesCuisine": "",
        "full_address": "2900 W Broad St, Richmond, VA",
        "Latitude": 37.56363,
        "Longitude": -77.471664,
        "City": "Richmond",
        "State": "VA",
        "Country": "United States",
        "VORB": null
      },
      "geometry": {
        "type": "Point",
        "coordinates": [
          -77.471664,
          37.56363
        ]
      }
    },
    {
      "type": "Feature",
      "properties": {
        "Brewery Name": "Birra Forst",
        "Geocoding Status": "pending",
        "description": "",
        "image_url": "https://assets.untappd.com/site/brewery_logos/brewery-BirraForstSpA_8671.jpeg",
        "ratingValue": 3.191,
        "bestRating": 5,
        "reviewCount": 136430,
        "streetAddress": "8 Via Venosta",
        "addressLocality": "Lagundo Italy",
        "addressRegion": "Trentino-Alto Adige",
        "telephone": "",
        "warningservesCuisine": "",
        "full_address": "8 Via Venosta, Lagundo Italy, Trentino-Alto Adige",
        "City": "Lagundo Italy",
        "State": "Trentino-Alto Adige",
        "Brewery URL": "https://untappd.com/forst",
        "Beers Rated": 1,
        "My Rating": 3.75,
        "Global Rating": 3.1008,
        "Avg Diff": 0.6492,
        "VORB": null
      },
      "geometry": null
    },
    {
      "type": "Feature",
      "properties": {
        "Brewery Name": "Birra Moretti",
        "Beers Rated": 1,
        "My Rating": 4.0,
        "Global Rating": 3.20038,
        "Avg Diff": 0.79962,
        "description": "Birra Moretti Brewing Company was born in the midst of political unrest in the city of Udine in Italy around the 1800s. Udine and the whole Friuli region were plagued with Austro-Hungarian Empire and patriotic uprisings. Luigi Moretti came from a family of wealthy merchants in the region. Learning from his family business, Luigi had become quite familiar with the commercial trades of cereals, wine, food and beer. This became the inspiration to the foundation of Birra Moretti in 1859. Its first bottle came out in 1860 that later on expanded to six types of beers. In 1996, Birra Moretti was recently acquired by Heineken International and is now part of the Heineken brand.",
        "image_url": "https://assets.untappd.com/site/brewery_logos_hd/brewery-127_699a5_hd.jpeg",
        "ratingValue": 3.214,
        "bestRating": 5,
        "reviewCount": 843693,
        "streetAddress": "Via Antonio Marangoni",
        "addressLocality": "Udine Italy",
        "addressRegion": "Friuli-Venezia Giulia",
        "telephone": "",
        "warningservesCuisine": "",
        "full_address": "Via Antonio Marangoni, Udine Italy, Friuli-Venezia Giulia",
        "Latitude": 46.0582297,
        "Longitude": 13.2234846,
        "City": "Udine Italy",
        "State": "Friuli-Venezia Giulia",
        "Country": "Italia",
        "VORB": null
      },
      "geometry": {
        "type": "Point",
        "coordinates": [
          13.2234846,
          46.0582297
        ]
      }
    },
    {
      "type": "Feature",
      "properties": {
        "Brewery Name": "Birrificio Artigianale Lariano",
        "Beers Rated": 1,
        "My Rating": 2.0,
        "Global Rating": 3.38828,
        "Avg Diff": -1.38828,
        "description": "Il 19 maggio 2008 nasce il Birrificio Lariano, caratterizzato dalla produzione di birra artigianale non filtrata, non pastorizzata e senza conservanti.\r\n\r\nLa prima birra è La Grigna, in stile Pils.\r\nOggi, il Birrificio Lariano produce diversi tipi di birra, di cui non vanno dimenticate le “birre in botte”, una nuova linea al gusto di frutto di bosco!",
        "image_url": "https://assets.untappd.com/site/brewery_logos_hd/brewery-18682_4ff62_hd.jpeg",
        "ratingValue": 3.636,
        "bestRating": 5,
        "reviewCount": 29386,
        "streetAddress": "Via Aldo Moro 10",
        "addressLocality": "Dolzago Italy",
        "addressRegion": "Lombardia",
        "telephone": "",
        "warningservesCuisine": "",
        "full_address": "Via Aldo Moro 10, Dolzago Italy, Lombardia",
        "Latitude": 45.5843709,
        "Longitude": 10.1717433,
        "City": "Dolzago Italy",
        "State": "Lombardia",
        "Country": "Italia",
        "VORB": null
      },
      "geometry": {
        "type": "Point",
        "coordinates": [
          10.1717433,
          45.5843709
        ]
      }
    },
    {
      "type": "Feature",
      "properties": {
        "Brewery Name": "Bissell Brothers Brewing Company",
        "Beers Rated": 8,
        "My Rating": 4.1875,
        "Global Rating": 4.1604075,
        "Avg Diff": 0.027092500000000186,
        "description": "Bissell Brothers was born out of a desire to make something from our deepest interests and passions that would become a separate entity; greater than the individual sums of its creators.\r\n\r\nWe believe that great beer comes from a commitment to be constantly challenging the perceptions of what different styles of beers can actually become. The second we settle, the second we say that a beer has been taken as far as it can go, we start losing. The proverbial mountaintop exists only in our minds. Always be climbing, always be pushing forward.\r\n\r\nThe next, and equally important commitment, is to the process. There is serenity to be found in even the most menial, repetitive task. There are always ways to improve yourself and your methods, hiding just below the surface.\r\n\r\nThe parties, jokes, and fun we seem to be having? We have created our own world in which to reside, and we love sharing it with all those that want to partake. I promise you, there is no greater joy, professionally.\r\n\r\nThe painfully fleeting span of the human life is much too short and precious to spend it being anything less than the best you can possibly be in your chosen vocation. We love the work we do, for its own sake. We spend every day trying to get better, and we treat the opportunity to give this beer to the people of Maine every week as the gift that it is.\r\n\r\nThank you for drinking.",
        "image_url": "https://assets.untappd.com/site/brewery_logos_hd/brewery-32943_160e8_hd.jpeg",
        "ratingValue": 4.15,
        "bestRating": 5,
        "reviewCount": 624072,
        "streetAddress": "38 Resurgam Pl",
        "addressLocality": "Portland",
        "addressRegion": "ME",
        "telephone": "",
        "warningservesCuisine": "",
        "full_address": "38 Resurgam Pl, Portland, ME",
        "Latitude": 43.651566,
        "Longitude": -70.290417,
        "City": "Portland",
        "State": "ME",
        "Country": "United States",
        "VORB": 44.04148257241039
      },
      "geometry": {
        "type": "Point",
        "coordinates": [
          -70.290417,
          43.651566
        ]
      }
    },
    {
      "type": "Feature",
      "properties": {
        "Brewery Name": "Bières de Chimay",
        "Geocoding Status": "pending",
        "description": "Chimay is the Belgian beer that inspired Belgian-inspired beers. Brewed by Cistercian monks since 1862 at Scourmont Abbey, Chimay belongs to a community of only 11 Trappist breweries in the world. Chimay’s signature beers include the Grande Réserve (Blue), the Première (Red), the Cinq Cents (White), and the Dorée (Gold).",
        "image_url": "https://assets.untappd.com/site/brewery_logos_hd/brewery-378_cfb6c_hd.jpeg",
        "ratingValue": 3.804,
        "bestRating": 5,
        "reviewCount": 1404592,
        "streetAddress": "8 Rte Charlemagne",
        "addressLocality": "Chimay Belgium",
        "addressRegion": "Région Wallonne",
        "telephone": "",
        "warningservesCuisine": "",
        "full_address": "8 Rte Charlemagne, Chimay Belgium, Région Wallonne",
        "City": "Chimay Belgium",
        "State": "Région Wallonne",
        "Brewery URL": "https://untappd.com/BieresdeChimay",
        "Beers Rated": 1,
        "My Rating": 4.25,
        "Global Rating": 3.88705,
        "Avg Diff": 0.3629500000000001,
        "VORB": null
      },
      "geometry": null
    },
    {
      "type": "Feature",
      "properties": {
        "Brewery Name": "Blue Moon Brewing Company",
        "Beers Rated": 1,
        "My Rating": 3.25,
        "Global Rating": 3.499,
        "Avg Diff": -0.2490000000000001,
        "description": "We craft our beers with flavorful ingredients and wheat for an inviting taste and a smooth finish that are perfect for enjoying the moment with friends.\r\n\r\nBlue Moon® Belgian White Belgian-style wheat ale was the first beer we ever made at The SandLot Brewery® in Denver, Colorado, and it continues to be our most popular beer. It’s an unfiltered wheat ale, brewed with orange peel and coriander and garnished with an orange slice for an enticing taste and a creamy, smooth finish.\r\n\r\nFor our Seasonal Collection, we draw inspiration from the uniqueness of the seasons to create delicious beers with flavorful twists—orange and lemon peel, clover honey, flavors of vine-ripened pumpkin, and Belgian sugar. Each brew is an Artfully Crafted® celebration of the season, perfectly captured in a bottle.",
        "image_url": "https://assets.untappd.com/site/brewery_logos/brewery-127804_1a670.jpeg",
        "ratingValue": 3.397,
        "bestRating": 5,
        "reviewCount": 1692204,
        "streetAddress": "3750 Chestnut Pl",
        "addressLocality": "Denver",
        "addressRegion": "CO",
        "telephone": "",
        "warningservesCuisine": "",
        "full_address": "3750 Chestnut Pl, Denver, CO",
        "Latitude": 39.773654,
        "Longitude": -104.976894,
        "City": "Denver",
        "State": "CO",
        "Country": "United States",
        "VORB": null
      },
      "geometry": {
        "type": "Point",
        "coordinates": [
          -104.976894,
          39.773654
        ]
      }
    },
    {
      "type": "Feature",
      "properties": {
        "Brewery Name": "Bluejacket",
        "Beers Rated": 28,
        "My Rating": 3.8482142857142856,
        "Global Rating": 3.8961639285714287,
        "Avg Diff": -0.04794964285714309,
        "description": "Bluejacket was built to be a brewery without boundaries, allowing Beer Director Greg Engert and Director of Brewery Operations Ro Guenzel to create beers across the broadest range of styles and flavors possible.  At Bluejacket, understanding of and respect for the traditions and techniques of classic brewing coexist with a spirit of constant experimentation, innovation, and collaboration, leading to delicious beers that showcase seasonality, culinary inspiration, and historic interpretation.  Expect beers that range from intensely flavored to subtly nuanced; that offer something distinctive and satisfying for every palate and every plate; and that reflect equally the past, present, and future of genuine craft brewing.  Soon, the brewery will begin shipping to carefully selected restaurants, bars, and retail outlets throughout the region.",
        "image_url": "https://assets.untappd.com/site/brewery_logos_hd/brewery-35837_99aed_hd.jpeg",
        "ratingValue": 3.787,
        "bestRating": 5,
        "reviewCount": 279254,
        "streetAddress": "300 Tingey St SE",
        "addressLocality": "Washington",
        "addressRegion": "DC",
        "telephone": "",
        "warningservesCuisine": "",
        "full_address": "300 Tingey St SE, Washington, DC",
        "Latitude": 38.87522,
        "Longitude": -77.001259,
        "City": "Washington",
        "State": "DC",
        "Country": "United States",
        "VORB": 16.065292096219963
      },
      "geometry": {
        "type": "Point",
        "coordinates": [
          -77.001259,
          38.87522
        ]
      }
    },
    {
      "type": "Feature",
      "properties": {
        "Brewery Name": "Boon Rawd Brewery",
        "Geocoding Status": "pending",
        "description": "Boon Rawd Brewery Co., Ltd., the first and largest Brewery of Thailand. The company was incorporated to oversee the beverage business of Boon Rawd Brewery Co., Ltd. and is responsible for the operation and marketing of beer, soda water, drinking water, ready to drink green tea, and various energy drinks under \"Singha\", \"Leo\", \"Thai Beer\" and \"B-Ing\" brand names. \r\n\r\nAt present, Singha Corporation Co., Ltd. operates 3 Breweries and 6 soda water and drinking water factories located in strategic regions across Thailand. \r\n\r\nMoreover, the company's vast distribution network further enhances its ability to serve the customers throughout the kingdom as well as in nearly 50 countries worldwide under full compliance with FDA regulations and approval of each country, including European and North American Countries.",
        "image_url": "https://assets.untappd.com/site/brewery_logos/brewery-BoonRawdBrewery_152.jpeg",
        "ratingValue": 3.024,
        "bestRating": 5,
        "reviewCount": 434415,
        "streetAddress": "999 Thanon Samsen",
        "addressLocality": "Krung Thep Maha Nakhon Thailand",
        "addressRegion": "Krung Thep Maha Nakhon",
        "telephone": "",
        "warningservesCuisine": "",
        "full_address": "999 Thanon Samsen, Krung Thep Maha Nakhon Thailand, Krung Thep Maha Nakhon",
        "City": "Krung Thep Maha Nakhon Thailand",
        "State": "Krung Thep Maha Nakhon",
        "Brewery URL": "https://untappd.com/BoonRawdBrewery",
        "Beers Rated": 1,
        "My Rating": 3.5,
        "Global Rating": 3.07456,
        "Avg Diff": 0.42544000000000004,
        "VORB": null
      },
      "geometry": null
    },
    {
      "type": "Feature",
      "properties": {
        "Brewery Name": "Boréale",
        "Beers Rated": 1,
        "My Rating": 3.0,
        "Global Rating": 3.21567,
        "Avg Diff": -0.2156699999999998,
        "description": "Pionniers du renouveau brassicole, Laura Urtnowski, Bernard Morin et Jean Morin étaient dans la vingtaine lorsqu’ils ont fondé Les Brasseurs du Nord. Encore étudiants, ils créaient déjà leurs propres recettes de bières maison. Le succès de leurs produits les décida à fonder une brasserie.\r\n\r\nDésireux de partager leur passion pour des bières différentes et originales, ils ont été les premiers, en 1988, à offrir une rousse au Québec.\r\n\r\nAmoureux de leur métier et soucieux de toujours offrir des bières haut de gamme, ils privilégient une approche artisanale, préférant la qualité à la quantité. Leur talent et leur dynamisme ont fait des Brasseurs du Nord une des plus importantes microbrasseries au Québec.",
        "image_url": "https://assets.untappd.com/site/brewery_logos_hd/brewery-4245_adebb_hd.jpeg",
        "ratingValue": 3.792,
        "bestRating": 5,
        "reviewCount": 275789,
        "streetAddress": "875 Boulevard Michèle-Bohec",
        "addressLocality": "Blainville Canada",
        "addressRegion": "QC",
        "telephone": "",
        "warningservesCuisine": "",
        "full_address": "875 Boulevard Michèle-Bohec, Blainville Canada, QC",
        "Latitude": 45.663004,
        "Longitude": -73.886857,
        "City": "Blainville Canada",
        "State": "QC",
        "Country": "Canada",
        "VORB": null
      },
      "geometry": {
        "type": "Point",
        "coordinates": [
          -73.886857,
          45.663004
        ]
      }
    },
    {
      "type": "Feature",
      "properties": {
        "Brewery Name": "Brasserie Almaza",
        "Beers Rated": 1,
        "My Rating": 3.5,
        "Global Rating": 2.99207,
        "Avg Diff": 0.50793,
        "description": "",
        "image_url": "https://assets.untappd.com/site/brewery_logos/brewery-Almaza_2300.jpeg",
        "ratingValue": 2.975,
        "bestRating": 5,
        "reviewCount": 58370,
        "streetAddress": "Mirna Chalouhi St.",
        "addressLocality": "Matn Lebanon",
        "addressRegion": "Jabal Lubnan",
        "telephone": "",
        "warningservesCuisine": "",
        "full_address": "Mirna Chalouhi St., Matn Lebanon, Jabal Lubnan",
        "Latitude": 33.89216614,
        "Longitude": 35.57038116,
        "City": "Matn Lebanon",
        "State": "Jabal Lubnan",
        "Country": "Lebanon",
        "VORB": null
      },
      "geometry": {
        "type": "Point",
        "coordinates": [
          35.57038116,
          33.89216614
        ]
      }
    },
    {
      "type": "Feature",
      "properties": {
        "Brewery Name": "Brasserie Dieu du Ciel!",
        "Geocoding Status": "pending",
        "description": "Établie sur l’avenue Laurier à Montréal depuis 1998, Dieu du Ciel! vise à brasser les meilleures bières, sans compromis, afin de vous offrir une expérience gustative unique et intense. Notre deuxième brasserie de Saint-Jérôme qui a ouvert ses portes en 2007 produit, embouteille et met en canette quelques-unes de nos meilleures bières.",
        "image_url": "https://assets.untappd.com/site/brewery_logos_hd/brewery-1674_ce8e3_hd.jpeg",
        "ratingValue": 3.884,
        "bestRating": 5,
        "reviewCount": 657720,
        "streetAddress": "21 Av. Laurier O",
        "addressLocality": "Montréal Canada",
        "addressRegion": "QC",
        "telephone": "",
        "warningservesCuisine": "",
        "full_address": "21 Av. Laurier O, Montréal Canada, QC",
        "City": "Montréal Canada",
        "State": "QC",
        "Brewery URL": "https://untappd.com/BrasserieDieuduCiel",
        "Beers Rated": 1,
        "My Rating": 4.25,
        "Global Rating": 4.09751,
        "Avg Diff": 0.15249000000000024,
        "VORB": null
      },
      "geometry": null
    },
    {
      "type": "Feature",
      "properties": {
        "Brewery Name": "Brasserie d'Achouffe",
        "Geocoding Status": "pending",
        "description": "Towards the end of the 1970s, Pierre Gobron and Christian Bauweraerts (two brother-in-laws) decided to create their own beer in their own brewery.\r\nWith initially only a small amount of money available to them (200.000Bfr, less than 5.000€), they started out on what the fans of the brewery call the ‘Chouffe story’.\r\n\r\nAt the beginning its founders thought of it as a hobby, but the brewery developed at such a rate that, one by one, they decided to devote themselves to the adventure full-time. The first ‘brassin’ (brewing mix) of LA CHOUFFE (49 litres) was finished on 27th August 1982.\r\n\r\nThe elves of Achouffe were impatient to discover new countries, and their Dutch cousins were the first to give them a warm welcome. Even today, the Netherlands is the major destination of Achouffe Beers outside Belgium. Nowadays, more than 20 countries worldwide are supplied with our ‘nectar’ from the Ardennes forests. Coveted international awards have also been received year after year to reward their unique taste.\r\n\r\nAt the end of the summer of 2006 the founders of the Brewery chose to entrust the future of their dear elves to the Duvel Moortgat Brewery. The group’s wish is to invest in Achouffe and to develop the full potential of the Brewery.",
        "image_url": "https://assets.untappd.com/site/brewery_logos_hd/brewery-11866_61236_hd.jpeg",
        "ratingValue": 3.655,
        "bestRating": 5,
        "reviewCount": 1516016,
        "streetAddress": "32 Achouffe",
        "addressLocality": "Houffalize Belgium",
        "addressRegion": "Région Wallonne",
        "telephone": "",
        "warningservesCuisine": "",
        "full_address": "32 Achouffe, Houffalize Belgium, Région Wallonne",
        "City": "Houffalize Belgium",
        "State": "Région Wallonne",
        "Brewery URL": "https://untappd.com/brasseriedachouffe",
        "Beers Rated": 1,
        "My Rating": 4.0,
        "Global Rating": 3.81084,
        "Avg Diff": 0.18916000000000022,
        "VORB": null
      },
      "geometry": null
    },
    {
      "type": "Feature",
      "properties": {
        "Brewery Name": "Brasserie des Franches-Montagnes (BFM)",
        "Geocoding Status": "pending",
        "description": "Nous concocter la meilleure bière!\r\n\r\nFounded in 1997 by Jérôme Rebetez, who had formerly been trained as an oenologist, this tiny brewery has rapidly become known for making beers that stretch traditional beer style guidelines and use unorthodox ingredients. BFM's products are made in small batches and hand-packaged at the brewery.",
        "image_url": "https://assets.untappd.com/site/brewery_logos_hd/brewery-4719_e5957_hd.jpeg",
        "ratingValue": 3.954,
        "bestRating": 5,
        "reviewCount": 191268,
        "streetAddress": "Ch. des Buissons 8",
        "addressLocality": "Saignelégier Switzerland",
        "addressRegion": "Jura",
        "telephone": "",
        "warningservesCuisine": "",
        "full_address": "Ch. des Buissons 8, Saignelégier Switzerland, Jura",
        "City": "Saignelégier Switzerland",
        "State": "Jura",
        "Brewery URL": "https://untappd.com/BrasserieBFM",
        "Beers Rated": 3,
        "My Rating": 4.166666666666667,
        "Global Rating": 3.800736666666667,
        "Avg Diff": 0.3659300000000001,
        "VORB": 36.89862542955326
      },
      "geometry": null
    },
    {
      "type": "Feature",
      "properties": {
        "Brewery Name": "Brasserie du Virage",
        "Geocoding Status": "pending",
        "description": "",
        "image_url": "https://assets.untappd.com/site/brewery_logos/brewery-239557_13e04.jpeg",
        "ratingValue": 3.563,
        "bestRating": 5,
        "reviewCount": 5894,
        "streetAddress": "Chemin de Maronsy 50",
        "addressLocality": "Saconnex-d'Arve-Dessus Switzerland",
        "addressRegion": "Genève",
        "telephone": "",
        "warningservesCuisine": "",
        "full_address": "Chemin de Maronsy 50, Saconnex-d'Arve-Dessus Switzerland, Genève",
        "City": "Saconnex-d'Arve-Dessus Switzerland",
        "State": "Genève",
        "Brewery URL": "https://untappd.com/BrasserieVirage",
        "Beers Rated": 1,
        "My Rating": 4.0,
        "Global Rating": 3.36992,
        "Avg Diff": 0.63008,
        "VORB": null
      },
      "geometry": null
    },
    {
      "type": "Feature",
      "properties": {
        "Brewery Name": "Brasserie l'Apaisée",
        "Geocoding Status": "pending",
        "description": "",
        "image_url": "https://assets.untappd.com/site/brewery_logos_hd/brewery-232466_452e8_hd.jpeg",
        "ratingValue": 3.946,
        "bestRating": 5,
        "reviewCount": 18728,
        "streetAddress": "19 route des Jeunes, 1227",
        "addressLocality": "Carouge Switzerland",
        "addressRegion": "Genève",
        "telephone": "",
        "warningservesCuisine": "",
        "full_address": "19 route des Jeunes, 1227, Carouge Switzerland, Genève",
        "City": "Carouge Switzerland",
        "State": "Genève",
        "Brewery URL": "https://untappd.com/lapaisee",
        "Beers Rated": 2,
        "My Rating": 4.5,
        "Global Rating": 3.9820800000000003,
        "Avg Diff": 0.5179199999999997,
        "VORB": null
      },
      "geometry": null
    },
    {
      "type": "Feature",
      "properties": {
        "Brewery Name": "Brauerei Locher",
        "Geocoding Status": "pending",
        "description": "In the village of Appenzell, directly at the foot of the Alpstein, the family Locher brews a special beer. With fame and fortune, like all the others also. What everyone else but missing is the fresh water from the fabled Alpstein, directly from the source. This makes the Appenzeller beer so special. So unmistakable tasty and popular, that now already the fifth generation of the family brewery's creative beers.",
        "image_url": "https://assets.untappd.com/site/brewery_logos_hd/brewery-217_2a04c_hd.jpeg",
        "ratingValue": 3.275,
        "bestRating": 5,
        "reviewCount": 165217,
        "streetAddress": "Industriestrasse 12",
        "addressLocality": "Appenzell Switzerland",
        "addressRegion": "Appenzell Innerrhoden",
        "telephone": "",
        "warningservesCuisine": "",
        "full_address": "Industriestrasse 12, Appenzell Switzerland, Appenzell Innerrhoden",
        "City": "Appenzell Switzerland",
        "State": "Appenzell Innerrhoden",
        "Brewery URL": "https://untappd.com/BrauereiLocher",
        "Beers Rated": 4,
        "My Rating": 3.1875,
        "Global Rating": 3.337495,
        "Avg Diff": -0.1499950000000001,
        "VORB": -58.93470790378004
      },
      "geometry": null
    },
    {
      "type": "Feature",
      "properties": {
        "Brewery Name": "Brauerei Spezial",
        "Geocoding Status": "pending",
        "description": "",
        "image_url": "https://assets.untappd.com/site/brewery_logos/brewery-BrauereiSpezial_222.jpeg",
        "ratingValue": 3.62,
        "bestRating": 5,
        "reviewCount": 33574,
        "streetAddress": "Obere Königstraße 10",
        "addressLocality": "Bamberg Germany",
        "addressRegion": "Bayern",
        "telephone": "",
        "warningservesCuisine": "",
        "full_address": "Obere Königstraße 10, Bamberg Germany, Bayern",
        "City": "Bamberg Germany",
        "State": "Bayern",
        "Brewery URL": "https://untappd.com/w/brauerei-spezial/222",
        "Beers Rated": 1,
        "My Rating": 3.75,
        "Global Rating": 3.71405,
        "Avg Diff": 0.03595000000000015,
        "VORB": null
      },
      "geometry": null
    },
    {
      "type": "Feature",
      "properties": {
        "Brewery Name": "BreWskey",
        "Beers Rated": 3,
        "My Rating": 4.083333333333333,
        "Global Rating": 4.2715,
        "Avg Diff": -0.1881666666666666,
        "description": "BreWskey, established in 2015 as a Brew Pub, began onsite brewing in 2019. It consists of the Pub, Taproom, and Annexe – three unique spaces under one roof where you can savor our onsite-brewed beers, each offering its own atmosphere and culinary experience.",
        "image_url": "https://assets.untappd.com/site/brewery_logos_hd/brewery-249696_c7097_hd.jpeg",
        "ratingValue": 4.152,
        "bestRating": 5,
        "reviewCount": 289696,
        "streetAddress": "380 Rue Saint-Paul Est",
        "addressLocality": "Montreal Canada",
        "addressRegion": "QC",
        "telephone": "",
        "warningservesCuisine": "",
        "full_address": "380 Rue Saint-Paul Est, Montreal Canada, QC",
        "Latitude": 45.509368,
        "Longitude": -73.551346,
        "City": "Montreal Canada",
        "State": "QC",
        "Country": "Canada",
        "VORB": 30.648625429553267
      },
      "geometry": {
        "type": "Point",
        "coordinates": [
          -73.551346,
          45.509368
        ]
      }
    },
    {
      "type": "Feature",
      "properties": {
        "Brewery Name": "Brewery Saint X",
        "Beers Rated": 1,
        "My Rating": 3.75,
        "Global Rating": 3.76652,
        "Avg Diff": -0.016519999999999868,
        "description": "",
        "image_url": "https://assets.untappd.com/site/brewery_logos_hd/brewery-538855_72af8_hd.jpeg",
        "ratingValue": 3.779,
        "bestRating": 5,
        "reviewCount": 8636,
        "streetAddress": "1100 Girod Street, LA 70113, USA",
        "addressLocality": "New Orleans",
        "addressRegion": "LA",
        "telephone": "",
        "warningservesCuisine": "",
        "full_address": "1100 Girod Street, LA 70113, USA, New Orleans, LA",
        "Latitude": 29.948143,
        "Longitude": -90.075467,
        "City": "New Orleans",
        "State": "LA",
        "Country": "United States",
        "VORB": null
      },
      "geometry": {
        "type": "Point",
        "coordinates": [
          -90.075467,
          29.948143
        ]
      }
    },
    {
      "type": "Feature",
      "properties": {
        "Brewery Name": "Brooklyn Brewery",
        "Beers Rated": 1,
        "My Rating": 3.5,
        "Global Rating": 3.8721,
        "Avg Diff": -0.3721000000000001,
        "description": "",
        "image_url": "https://assets.untappd.com/site/brewery_logos_hd/brewery-259_0f253_hd.jpeg",
        "ratingValue": 3.529,
        "bestRating": 5,
        "reviewCount": 3039804,
        "streetAddress": "79 North 11th Street",
        "addressLocality": "Brooklyn",
        "addressRegion": "NY",
        "telephone": "",
        "warningservesCuisine": "",
        "full_address": "79 North 11th Street, Brooklyn, NY",
        "Latitude": 40.7216,
        "Longitude": -73.957627,
        "City": "Brooklyn",
        "State": "NY",
        "Country": "United States",
        "VORB": null
      },
      "geometry": {
        "type": "Point",
        "coordinates": [
          -73.957627,
          40.7216
        ]
      }
    },
    {
      "type": "Feature",
      "properties": {
        "Brewery Name": "Brouwerij Van Steenberge",
        "Beers Rated": 1,
        "My Rating": 4.0,
        "Global Rating": 3.83912,
        "Avg Diff": 0.16088000000000013,
        "description": "The Van Steenberge brewery stands for independence, progress and growth. It emphasises the traditional art of brewing adapted to the current technological developments and guarantees a reliable quality and service. Respect for our employees and care for the environment are central to our policy.\r\n\r\nOur beers excel because of the craft that created them. They are made according to the traditional rules of the art of brewing with the technology of today. Authentic top beers for the beer lovers of today.\r\n\r\nGulden Draak : A unique, Belgian craft beer that is without equal: a strong, dark tripel with secondary fermentation in the bottle. The wine yeast used for the secondary fermentation contributes to the beer’s unparalleled flavour.\r\n\r\nAugustijn : The historic yeast strains give Augustijn monastery beer its mild, smooth, but very rich flavour. A beer for any occasion that excels when savoured in a relaxed atmosphere.\r\n\r\nPiraat : The power of Piraat takes you on a journey through some unique flavours based on the brewery's rich traditions. A living beer with a rich past. Set sail!\r\n\r\nBaptist is brewed on the occasion of the opening of Bar Baptist at the Van Steenberge brewery and as a tribute to Jan Baptist de Bruyne, who founded the brewery in 1784.\r\n\r\nAnd many more to discover!\r\n\r\nwww.vansteenberge.com",
        "image_url": "https://assets.untappd.com/site/brewery_logos_hd/brewery-7778_0cfed_hd.jpeg",
        "ratingValue": 3.636,
        "bestRating": 5,
        "reviewCount": 2151549,
        "streetAddress": "Lindenlaan 25",
        "addressLocality": "Evergem Belgium",
        "addressRegion": "Vlaams Gewest",
        "telephone": "",
        "warningservesCuisine": "",
        "full_address": "Lindenlaan 25, Evergem Belgium, Vlaams Gewest",
        "Latitude": 51.17651435,
        "Longitude": 3.7459229,
        "City": "Evergem Belgium",
        "State": "Vlaams Gewest",
        "Country": "Belgique",
        "VORB": null
      },
      "geometry": {
        "type": "Point",
        "coordinates": [
          3.7459229,
          51.17651435
        ]
      }
    },
    {
      "type": "Feature",
      "properties": {
        "Brewery Name": "Burial Beer Co.",
        "Beers Rated": 3,
        "My Rating": 4.0,
        "Global Rating": 4.305626666666667,
        "Avg Diff": -0.30562666666666694,
        "description": "Burial Beer Co. crafts bold American creations with a dedication to drinkability, tradition, modernization, and preservation. Our four realms eclipse fresh hoppy ales, quaffable lagers, rustic farmhouse and sour beers and big decadant stouts. At our taproom, you can take home cans and bottles, and taste from over 28 taps when both bars are open. \r\nCelebrate life. Revive death. \r\n\r\nOur taproom also features a full-service kitchen and a selection of natural wines. Cider and soft drinks are also available. Our menu changes with the season, taking advantage of our taproom gardens, local farms and brewery by-products and fermentables.",
        "image_url": "https://assets.untappd.com/site/brewery_logos/brewery-burial_62675.jpeg",
        "ratingValue": 4.12,
        "bestRating": 5,
        "reviewCount": 1533358,
        "streetAddress": "40 Collier Ave",
        "addressLocality": "Asheville",
        "addressRegion": "NC",
        "telephone": "",
        "warningservesCuisine": "",
        "full_address": "40 Collier Ave, Asheville, NC",
        "Latitude": 35.588056,
        "Longitude": -82.553786,
        "City": "Asheville",
        "State": "NC",
        "Country": "United States",
        "VORB": 18.148625429553267
      },
      "geometry": {
        "type": "Point",
        "coordinates": [
          -82.553786,
          35.588056
        ]
      }
    },
    {
      "type": "Feature",
      "properties": {
        "Brewery Name": "Burlington Beer Co.",
        "Beers Rated": 3,
        "My Rating": 3.8333333333333335,
        "Global Rating": 3.9427566666666665,
        "Avg Diff": -0.10942333333333298,
        "description": "Burlington Beer Company is an independent craft brewery rooted in Vermont, driven by creativity, and guided by the seasons. Since 2014, we’ve been brewing Mystically Delicious!™ beers that balance imagination with drinkability, from hop-forward IPAs and crisp lagers to expressive seasonals, fruited ales, and limited-release collaborations.\r\n\r\nOur beers live in thoughtfully built families - like the Wizard Family and our fruited Whale Cakes - designed to evolve throughout the year while staying unmistakably our style. We believe great beer should be fun, flavorful, and made with intention.\r\n\r\nGreat beer deserves great food, too. Our Restaurant & Taproom curates a locally inspired menu crafted to pair seamlessly with our ever-changing draft list, creating a space where food, beer, and community come together.\r\n\r\nMore than a brewery, we’re a gathering place for beer lovers, artists, families, and creators. From supporting local organizations to hosting events, collaborations, and celebrations, we’re proud to be part of the fabric of our community.\r\n\r\nEst. 2014\r\n\r\nBurlington, Vermont\r\n\r\n✨ Where Fermentation Meets Imagination ✨",
        "image_url": "https://assets.untappd.com/site/brewery_logos_hd/brewery-39375_9e0e2_hd.jpeg",
        "ratingValue": 3.988,
        "bestRating": 5,
        "reviewCount": 673887,
        "streetAddress": "180 Flynn Avenue, VT, USA",
        "addressLocality": "Burlington",
        "addressRegion": "VT",
        "telephone": "",
        "warningservesCuisine": "",
        "full_address": "180 Flynn Avenue, VT, USA, Burlington, VT",
        "Latitude": 44.456973,
        "Longitude": -73.220739,
        "City": "Burlington",
        "State": "VT",
        "Country": "United States",
        "VORB": -0.6013745704467333,
        "Brewery URL": "https://untappd.com/BurlingtonBeer"
      },
      "geometry": {
        "type": "Point",
        "coordinates": [
          -73.220739,
          44.456973
        ]
      }
    },
    {
      "type": "Feature",
      "properties": {
        "Brewery Name": "CLAG Brewing Company",
        "Geocoding Status": "pending",
        "description": "",
        "image_url": "https://assets.untappd.com/site/brewery_logos_hd/brewery-366410_6915d_hd.jpeg",
        "ratingValue": 4.289,
        "bestRating": 5,
        "reviewCount": 129279,
        "streetAddress": "216 Columbus Ave",
        "addressLocality": "Sandusky",
        "addressRegion": "OH",
        "telephone": "",
        "warningservesCuisine": "",
        "full_address": "216 Columbus Ave, Sandusky, OH",
        "City": "Sandusky",
        "State": "OH",
        "Brewery URL": "https://untappd.com/CLAGBrewingCompany",
        "Beers Rated": 1,
        "My Rating": 4.25,
        "Global Rating": 4.1681,
        "Avg Diff": 0.08190000000000008,
        "VORB": null
      },
      "geometry": null
    },
    {
      "type": "Feature",
      "properties": {
        "Brewery Name": "CRAK Brewery",
        "Beers Rated": 3,
        "My Rating": 3.8333333333333335,
        "Global Rating": 3.7908766666666662,
        "Avg Diff": 0.04245666666666725,
        "description": "Independent Farm & Craft Brewery",
        "image_url": "https://assets.untappd.com/site/brewery_logos/brewery-183551_66341.jpeg",
        "ratingValue": 3.866,
        "bestRating": 5,
        "reviewCount": 245381,
        "streetAddress": "Via Pontarola 7",
        "addressLocality": "Campodarsego Italy",
        "addressRegion": "Veneto",
        "telephone": "",
        "warningservesCuisine": "",
        "full_address": "Via Pontarola 7, Campodarsego Italy, Veneto",
        "Latitude": 45.5319356,
        "Longitude": 10.9129721,
        "City": "Campodarsego Italy",
        "State": "Veneto",
        "Country": "Italia",
        "VORB": -0.6013745704467333
      },
      "geometry": {
        "type": "Point",
        "coordinates": [
          10.9129721,
          45.5319356
        ]
      }
    },
    {
      "type": "Feature",
      "properties": {
        "Brewery Name": "Carib Brewery Limited",
        "Beers Rated": 1,
        "My Rating": 3.0,
        "Global Rating": 3.20081,
        "Avg Diff": -0.20081000000000016,
        "description": "",
        "image_url": "https://assets.untappd.com/site/brewery_logos_hd/brewery-4956_537b3_hd.jpeg",
        "ratingValue": 2.972,
        "bestRating": 5,
        "reviewCount": 87103,
        "streetAddress": "Eastern Main Road",
        "addressLocality": "San Juan Trinidad and Tobago",
        "addressRegion": "San Juan-Laventille Regional Corporation",
        "telephone": "",
        "warningservesCuisine": "",
        "full_address": "Eastern Main Road, San Juan Trinidad and Tobago, San Juan-Laventille Regional Corporation",
        "Latitude": 10.6474688,
        "Longitude": -61.4852011,
        "City": "San Juan Trinidad and Tobago",
        "State": "San Juan-Laventille Regional Corporation",
        "Country": "Trinidad and Tobago",
        "VORB": null
      },
      "geometry": {
        "type": "Point",
        "coordinates": [
          -61.4852011,
          10.6474688
        ]
      }
    },
    {
      "type": "Feature",
      "properties": {
        "Brewery Name": "Carton Brewing Company",
        "Geocoding Status": "pending",
        "description": "Having decided they had something to contribute to the very exciting conversation going on in craft brewing, cousins Chris and Augie Carton teamed up and started Carton Brewing. In the seashore community where they were born and raised, the Carton boys found a turn-of-the-century red brick warehouse and adapted it to accommodate a state-of-the-art Newlands Systems 15 barrel brew house. 6 E. Washington Avenue was turned into an independent craft brewery and their hats were in the ring. Applying a passion for stimulating flavor to inspiration found all around them, they set about their goal: to make tasty beer in the place their tastes were formed.",
        "image_url": "https://assets.untappd.com/site/brewery_logos_hd/brewery-9558_7ba84_hd.jpeg",
        "ratingValue": 3.903,
        "bestRating": 5,
        "reviewCount": 484745,
        "streetAddress": "6 E Washington Ave",
        "addressLocality": "Atlantic Highlands",
        "addressRegion": "NJ",
        "telephone": "",
        "warningservesCuisine": "",
        "full_address": "6 E Washington Ave, Atlantic Highlands, NJ",
        "City": "Atlantic Highlands",
        "State": "NJ",
        "Brewery URL": "https://untappd.com/cartonbrewing",
        "Beers Rated": 1,
        "My Rating": 3.75,
        "Global Rating": 3.83368,
        "Avg Diff": -0.0836800000000002,
        "VORB": null
      },
      "geometry": null
    },
    {
      "type": "Feature",
      "properties": {
        "Brewery Name": "Cellarmaker Brewing Company",
        "Beers Rated": 3,
        "My Rating": 4.083333333333333,
        "Global Rating": 4.204956666666667,
        "Avg Diff": -0.12162333333333386,
        "description": "We are an Bay Area based brewery producing our beers in small batches one beer at a time.  It is our goal to keep your taste buds intrigued by constantly producing different flavors.  To us, making the same 3-4 beers all the time would be boring.  We hope you feel the same way.  Our limited output and choice to abandon the common concept of a set production schedule will allow us to constantly experiment with different hops, barrels, and yeasts.",
        "image_url": "https://assets.untappd.com/site/brewery_logos/brewery-82753_b6ced.jpeg",
        "ratingValue": 4.057,
        "bestRating": 5,
        "reviewCount": 496350,
        "streetAddress": "300 Webster St",
        "addressLocality": "Oakland",
        "addressRegion": "CA",
        "telephone": "",
        "warningservesCuisine": "",
        "full_address": "300 Webster St, Oakland, CA",
        "Latitude": 37.795938,
        "Longitude": -122.273125,
        "City": "Oakland",
        "State": "CA",
        "Country": "United States",
        "VORB": 30.648625429553267
      },
      "geometry": {
        "type": "Point",
        "coordinates": [
          -122.273125,
          37.795938
        ]
      }
    },
    {
      "type": "Feature",
      "properties": {
        "Brewery Name": "Cervecería Nacional Dominicana",
        "Beers Rated": 1,
        "My Rating": 3.75,
        "Global Rating": 3.03553,
        "Avg Diff": 0.7144699999999999,
        "description": "",
        "image_url": "https://assets.untappd.com/site/brewery_logos_hd/brewery-1782_984c3_hd.jpeg",
        "ratingValue": 2.997,
        "bestRating": 5,
        "reviewCount": 129876,
        "streetAddress": "C. San Juan Bautista",
        "addressLocality": "Santo Domingo Dominican Republic",
        "addressRegion": "Distrito Nacional",
        "telephone": "",
        "warningservesCuisine": "",
        "full_address": "C. San Juan Bautista, Santo Domingo Dominican Republic, Distrito Nacional",
        "Latitude": 18.44756995,
        "Longitude": -69.96422945,
        "City": "Santo Domingo Dominican Republic",
        "State": "Distrito Nacional",
        "Country": "Dominican Republic",
        "VORB": null
      },
      "geometry": {
        "type": "Point",
        "coordinates": [
          -69.96422945,
          18.44756995
        ]
      }
    },
    {
      "type": "Feature",
      "properties": {
        "Brewery Name": "Chroust",
        "Geocoding Status": "pending",
        "description": "Family brewery estimated in 2016 in Prague. We brew bitter lagers and characterful ales.",
        "image_url": "https://assets.untappd.com/site/brewery_logos_hd/brewery-314023_1a9c8_hd.jpeg",
        "ratingValue": 3.776,
        "bestRating": 5,
        "reviewCount": 82586,
        "streetAddress": "",
        "addressLocality": "Czech Republic",
        "addressRegion": "",
        "telephone": "",
        "warningservesCuisine": "",
        "full_address": "Czech Republic",
        "City": "Czech Republic",
        "State": "",
        "Brewery URL": "https://untappd.com/Chroust",
        "Beers Rated": 1,
        "My Rating": 3.75,
        "Global Rating": 3.63518,
        "Avg Diff": 0.11481999999999992,
        "VORB": null
      },
      "geometry": null
    },
    {
      "type": "Feature",
      "properties": {
        "Brewery Name": "Cigar City Brewing®",
        "Beers Rated": 1,
        "My Rating": 3.5,
        "Global Rating": 3.551,
        "Avg Diff": -0.051000000000000156,
        "description": "At Cigar City Brewing we make beer we like to drink and toast those who choose to drink with us. Behind all our beer is the philosophy that quality is achieved by giving first rate ingredients to first rate people in a space where they are free to pursue their passion. We acknowledge that what we do at Cigar City Brewing isn’t for everyone, but we welcome all.\r\n\r\nCCB encourages everyone to drink responsibly.",
        "image_url": "https://assets.untappd.com/site/brewery_logos_hd/brewery-379_fbc75_hd.jpeg",
        "ratingValue": 3.869,
        "bestRating": 5,
        "reviewCount": 2711544,
        "streetAddress": "3924 West Spruce St",
        "addressLocality": "Tampa",
        "addressRegion": "FL",
        "telephone": "",
        "warningservesCuisine": "",
        "full_address": "3924 West Spruce St, Tampa, FL",
        "Latitude": 27.959007,
        "Longitude": -82.509207,
        "City": "Tampa",
        "State": "FL",
        "Country": "United States",
        "VORB": null
      },
      "geometry": {
        "type": "Point",
        "coordinates": [
          -82.509207,
          27.959007
        ]
      }
    },
    {
      "type": "Feature",
      "properties": {
        "Brewery Name": "City-State Brewing",
        "Geocoding Status": "pending",
        "description": "Established in 2020, City-State makes beer inspired by the history and culture of DC",
        "image_url": "https://assets.untappd.com/site/brewery_logos_hd/brewery-236158_4068f_hd.jpeg",
        "ratingValue": 3.6,
        "bestRating": 5,
        "reviewCount": 17030,
        "streetAddress": "705 Edgewood St NE",
        "addressLocality": "Washington",
        "addressRegion": "DC",
        "telephone": "",
        "warningservesCuisine": "",
        "full_address": "705 Edgewood St NE, Washington, DC",
        "City": "Washington",
        "State": "DC",
        "Brewery URL": "https://untappd.com/CityStateBrewing",
        "Beers Rated": 1,
        "My Rating": 3.5,
        "Global Rating": 3.65417,
        "Avg Diff": -0.15417000000000014,
        "VORB": null
      },
      "geometry": null
    },
    {
      "type": "Feature",
      "properties": {
        "Brewery Name": "Cloudburst Brewing",
        "Beers Rated": 1,
        "My Rating": 4.0,
        "Global Rating": 4.02481,
        "Avg Diff": -0.024810000000000443,
        "description": "2021 GABF Brewery and Brewer of the Year (1,001-2,000 Barrels).\r\n\r\nThe forecast is partly sunny with a chance of showers. Are you ready for the downpour?",
        "image_url": "https://assets.untappd.com/site/brewery_logos_hd/brewery-237980_eace7_hd.jpeg",
        "ratingValue": 4.001,
        "bestRating": 5,
        "reviewCount": 189136,
        "streetAddress": "2116 Western Ave",
        "addressLocality": "Seattle",
        "addressRegion": "WA",
        "telephone": "",
        "warningservesCuisine": "",
        "full_address": "2116 Western Ave, Seattle, WA",
        "Latitude": 47.61166,
        "Longitude": -122.345085,
        "City": "Seattle",
        "State": "WA",
        "Country": "United States",
        "VORB": null
      },
      "geometry": {
        "type": "Point",
        "coordinates": [
          -122.345085,
          47.61166
        ]
      }
    },
    {
      "type": "Feature",
      "properties": {
        "Brewery Name": "Coastal Fermentory",
        "Beers Rated": 1,
        "My Rating": 3.75,
        "Global Rating": 3.87887,
        "Avg Diff": -0.12887000000000004,
        "description": "At Coastal Fermentory, we strive to bring the best craft beer experience you can find! Our team is dedicated to quality, community and the never ending adventure to perfect our craft!",
        "image_url": "https://assets.untappd.com/site/brewery_logos_hd/brewery-392624_703da_hd.jpeg",
        "ratingValue": 4.007,
        "bestRating": 5,
        "reviewCount": 30638,
        "streetAddress": "206 23rd Street",
        "addressLocality": "Newport News",
        "addressRegion": "VA",
        "telephone": "",
        "warningservesCuisine": "",
        "full_address": "206 23rd Street, Newport News, VA",
        "Latitude": 36.976382,
        "Longitude": -76.429189,
        "City": "Newport News",
        "State": "VA",
        "Country": "United States",
        "VORB": null
      },
      "geometry": {
        "type": "Point",
        "coordinates": [
          -76.429189,
          36.976382
        ]
      }
    },
    {
      "type": "Feature",
      "properties": {
        "Brewery Name": "Commonwealth Brewing Company",
        "Beers Rated": 2,
        "My Rating": 4.0,
        "Global Rating": 4.16088,
        "Avg Diff": -0.1608799999999997,
        "description": "At Commonwealth Brewing Company, we believe that beer should be adventurous, diverse, extremely drinkable, and sometimes even wild. We uphold rustic farmhouse traditions, huge hop American styles, and the complex depths of wild fermentations. Located in the newly renovated, former Chesapeake Beach Fire & Rescue station in Virginia Beach, we’re proud to continue the tradition as a local gathering place. We are so thankful to be able to do what we love in a place we love.",
        "image_url": "https://assets.untappd.com/site/brewery_logos_hd/brewery-13440_7c33b_hd.jpeg",
        "ratingValue": 3.971,
        "bestRating": 5,
        "reviewCount": 438782,
        "streetAddress": "2444 Pleasure House Rd",
        "addressLocality": "Virginia Beach",
        "addressRegion": "VA",
        "telephone": "",
        "warningservesCuisine": "",
        "full_address": "2444 Pleasure House Rd, Virginia Beach, VA",
        "Latitude": 36.913574,
        "Longitude": -76.131841,
        "City": "Virginia Beach",
        "State": "VA",
        "Country": "United States",
        "VORB": null
      },
      "geometry": {
        "type": "Point",
        "coordinates": [
          -76.131841,
          36.913574
        ]
      }
    },
    {
      "type": "Feature",
      "properties": {
        "Brewery Name": "Coppertail Brewing Company",
        "Geocoding Status": "pending",
        "description": "Coppertail Brewing Company is an independently owned production brewery and tasting room in the Ybor neighborhood of Tampa, FL. It was founded on the desire to bring more quality, Florida-brewed beer to the thirsty masses. Florida Inspired. Tampa Brewed.",
        "image_url": "https://assets.untappd.com/site/brewery_logos/brewery-coppertail_88856.jpeg",
        "ratingValue": 3.76,
        "bestRating": 5,
        "reviewCount": 288475,
        "streetAddress": "2601 E. 2nd Ave.",
        "addressLocality": "Tampa",
        "addressRegion": "FL",
        "telephone": "",
        "warningservesCuisine": "",
        "full_address": "2601 E. 2nd Ave., Tampa, FL",
        "City": "Tampa",
        "State": "FL",
        "Brewery URL": "https://untappd.com/CoppertailBrewing",
        "Beers Rated": 1,
        "My Rating": 3.75,
        "Global Rating": 3.72376,
        "Avg Diff": 0.02624000000000004,
        "VORB": null
      },
      "geometry": null
    },
    {
      "type": "Feature",
      "properties": {
        "Brewery Name": "Crooked Crab Brewing Company",
        "Beers Rated": 1,
        "My Rating": 4.0,
        "Global Rating": 3.99255,
        "Avg Diff": 0.007449999999999957,
        "description": "Crooked Crab Brewing Company is the brain child of three Maryland natives and University of Maryland graduates:  Earl Holman, Alex Josephs and Daniel Messeca. Active participants (ahem) in the craft beer scene for years, they have traveled near and far visiting breweries and festivals and have done their fair share of home brewing in the process.\r\n\r\nIt was at a brewery visit in Rockville MD that the idea for Crooked Crab Brewing Company was born. Inspired by the idea of building a brewery that would make Marylanders proud, the three quickly set their sights on Anne Arundel County, home to the state capital but zero local breweries. On February 10, 2018, Crooked Crab became Odenton's hometown brewery, and one of the first in the County.",
        "image_url": "https://assets.untappd.com/site/brewery_logos_hd/brewery-380759_20e29_hd.jpeg",
        "ratingValue": 3.942,
        "bestRating": 5,
        "reviewCount": 219612,
        "streetAddress": "8251 Telegraph Rd",
        "addressLocality": "Odenton",
        "addressRegion": "MD",
        "telephone": "",
        "warningservesCuisine": "",
        "full_address": "8251 Telegraph Rd, Odenton, MD",
        "Latitude": 39.097479,
        "Longitude": -76.693696,
        "City": "Odenton",
        "State": "MD",
        "Country": "United States",
        "VORB": null
      },
      "geometry": {
        "type": "Point",
        "coordinates": [
          -76.693696,
          39.097479
        ]
      }
    },
    {
      "type": "Feature",
      "properties": {
        "Brewery Name": "Cushwa Brewing Co.",
        "Beers Rated": 1,
        "My Rating": 3.0,
        "Global Rating": 4.20641,
        "Avg Diff": -1.20641,
        "description": "Based in Williamsport, MD just minutes away from the historic and scenic C&O Canal used by many for cycling, running, walking and other recreational activities.  Our large modern taproom offers plenty of seating and fun while you sip on beer offerings with friends. Hungry?  We have partnered with Rad Pies who offer brick-oven Neapolitan style pizza and much more!\r\n\r\nOur mission is simple: Exceptional Beer. Positive Impact. Respect.",
        "image_url": "https://assets.untappd.com/site/brewery_logos_hd/brewery-269767_fade1_hd.jpeg",
        "ratingValue": 4.049,
        "bestRating": 5,
        "reviewCount": 276364,
        "streetAddress": "10210 Governor Lane Boulevard #2010",
        "addressLocality": "Williamsport",
        "addressRegion": "MD",
        "telephone": "",
        "warningservesCuisine": "",
        "full_address": "10210 Governor Lane Boulevard #2010, Williamsport, MD",
        "Latitude": 39.595293,
        "Longitude": -77.807419,
        "City": "Williamsport",
        "State": "MD",
        "Country": "United States",
        "VORB": null
      },
      "geometry": {
        "type": "Point",
        "coordinates": [
          -77.807419,
          39.595293
        ]
      }
    },
    {
      "type": "Feature",
      "properties": {
        "Brewery Name": "Cycle Brewing Company",
        "Beers Rated": 1,
        "My Rating": 4.25,
        "Global Rating": 4.21132,
        "Avg Diff": 0.03868000000000027,
        "description": "Crafting exceptional beer and creating unforgettable experiences.",
        "image_url": "https://assets.untappd.com/site/brewery_logos/brewery-CycleBrewingCompany_44115.jpeg",
        "ratingValue": 4.211,
        "bestRating": 5,
        "reviewCount": 497479,
        "streetAddress": "534 Central Ave",
        "addressLocality": "St. Petersburg",
        "addressRegion": "FL",
        "telephone": "",
        "warningservesCuisine": "",
        "full_address": "534 Central Ave, St. Petersburg, FL",
        "Latitude": 27.770905,
        "Longitude": -82.640937,
        "City": "St. Petersburg",
        "State": "FL",
        "Country": "United States",
        "VORB": null
      },
      "geometry": {
        "type": "Point",
        "coordinates": [
          -82.640937,
          27.770905
        ]
      }
    },
    {
      "type": "Feature",
      "properties": {
        "Brewery Name": "DC Brau Brewing Company",
        "Beers Rated": 2,
        "My Rating": 3.25,
        "Global Rating": 3.4181999999999997,
        "Avg Diff": -0.16819999999999968,
        "description": "When co-founders Brandon Skall and Jeff Hancock opened the doors to their brewery in 2011, DC Brau Brewing Company became the first packaging brewery inside the District of Columbia since 1956. DC Brau’s signature brews include: The Public (Pale Ale), The Corruption (IPA), The Citizen (Belgian-style Ale), Brau Pils (German-style Pilsner), and Penn Quarter Porter (Robust Porter), with seasonal and special brews available throughout the year including the award-winning On the Wings of Armageddon (Double IPA). For more information on DC Brau, visit http://www.dcbrau.com, and follow on social media @dcbrau.",
        "image_url": "https://assets.untappd.com/site/brewery_logos_hd/brewery-10489_2c3be_hd.jpeg",
        "ratingValue": 3.65,
        "bestRating": 5,
        "reviewCount": 370291,
        "streetAddress": "3178-B Bladensburg Rd NE",
        "addressLocality": "Washington",
        "addressRegion": "DC",
        "telephone": "",
        "warningservesCuisine": "",
        "full_address": "3178-B Bladensburg Rd NE, Washington, DC",
        "Latitude": 38.929714,
        "Longitude": -76.960181,
        "City": "Washington",
        "State": "DC",
        "Country": "United States",
        "VORB": null
      },
      "geometry": {
        "type": "Point",
        "coordinates": [
          -76.960181,
          38.929714
        ]
      }
    },
    {
      "type": "Feature",
      "properties": {
        "Brewery Name": "Deciduous Brewing Company",
        "Beers Rated": 1,
        "My Rating": 3.75,
        "Global Rating": 4.27415,
        "Avg Diff": -0.5241499999999997,
        "description": "",
        "image_url": "https://assets.untappd.com/site/brewery_logos/brewery-211982_1dece.jpeg",
        "ratingValue": 4.051,
        "bestRating": 5,
        "reviewCount": 187161,
        "streetAddress": "12 Weaver St",
        "addressLocality": "Newmarket",
        "addressRegion": "NH",
        "telephone": "",
        "warningservesCuisine": "",
        "full_address": "12 Weaver St, Newmarket, NH",
        "Latitude": 43.081175,
        "Longitude": -70.936887,
        "City": "Newmarket",
        "State": "NH",
        "Country": "United States",
        "VORB": null
      },
      "geometry": {
        "type": "Point",
        "coordinates": [
          -70.936887,
          43.081175
        ]
      }
    },
    {
      "type": "Feature",
      "properties": {
        "Brewery Name": "Delirium - Huyghe Brewery",
        "Beers Rated": 1,
        "My Rating": 3.25,
        "Global Rating": 3.74517,
        "Avg Diff": -0.4951699999999999,
        "description": "Huyghe Brewery is one of Belgium’s renowned brewers that focuses on speciality Beers and Premium Brands. Huyghe Brewery is the proud owner of the Delirium brand, Averbode abbey beer, La guillotine Gold Blond multigrain, Mongozo gluten free beer and many more. \r\n\r\nWe focus on quality products and we strongly believe in renewable energy and corporate social responsibility. Which led us to be the Most Sustainable Belgium Family Brewer. \r\n\r\nToday, Delirium is served and enjoyed all over the world. And we believe that the Pink Elephant will keep on growing!",
        "image_url": "https://assets.untappd.com/site/brewery_logos_hd/brewery-285_39b80_hd.jpeg",
        "ratingValue": 3.674,
        "bestRating": 5,
        "reviewCount": 1780122,
        "streetAddress": "4 Geraardsbergsesteenweg",
        "addressLocality": "Melle Belgium",
        "addressRegion": "Vlaams Gewest",
        "telephone": "",
        "warningservesCuisine": "",
        "full_address": "4 Geraardsbergsesteenweg, Melle Belgium, Vlaams Gewest",
        "Latitude": 51.0003222,
        "Longitude": 3.8049656,
        "City": "Melle Belgium",
        "State": "Vlaams Gewest",
        "Country": "Belgique",
        "VORB": null
      },
      "geometry": {
        "type": "Point",
        "coordinates": [
          3.8049656,
          51.0003222
        ]
      }
    },
    {
      "type": "Feature",
      "properties": {
        "Brewery Name": "Deschutes Brewery",
        "Geocoding Status": "pending",
        "description": "Deschutes Brewery was founded in 1988 as a brew pub in Bend, Oregon. Family and employee-owned, the brewery is known for brewing a diverse line-up of award winning beers including the popular Black Butte Porter, Mirror Pond Pale Ale, and Fresh Squeezed IPA. From the beginning, the focus has been on crafting the best beer and food using only the finest ingredients.  In 2008, Deschutes opened a second pub in Portland’s Pearl District. Deschutes Brewery now ships beer to 28 states, the District of Columbia, and around the world from its main brewing facility located on the banks of the Deschutes River.",
        "image_url": "https://assets.untappd.com/site/brewery_logos_hd/brewery-441_267e6_hd.jpeg",
        "ratingValue": 3.798,
        "bestRating": 5,
        "reviewCount": 3454777,
        "streetAddress": "901 SW Simpson Ave",
        "addressLocality": "Bend",
        "addressRegion": "OR",
        "telephone": "",
        "warningservesCuisine": "",
        "full_address": "901 SW Simpson Ave, Bend, OR",
        "City": "Bend",
        "State": "OR",
        "Brewery URL": "https://untappd.com/DeschutesBrewery",
        "Beers Rated": 1,
        "My Rating": 3.75,
        "Global Rating": 3.61125,
        "Avg Diff": 0.13874999999999993,
        "VORB": null
      },
      "geometry": null
    },
    {
      "type": "Feature",
      "properties": {
        "Brewery Name": "Devils Backbone Brewing Company",
        "Beers Rated": 5,
        "My Rating": 3.5,
        "Global Rating": 3.65828,
        "Avg Diff": -0.15827999999999998,
        "description": "Brewing award winning craft beers in the Virginia Heartland.",
        "image_url": "https://assets.untappd.com/site/brewery_logos_hd/brewery-4939_86d11_hd.jpeg",
        "ratingValue": 3.59,
        "bestRating": 5,
        "reviewCount": 797051,
        "streetAddress": "200 Mosbys Run",
        "addressLocality": "Roseland",
        "addressRegion": "VA",
        "telephone": "",
        "warningservesCuisine": "",
        "full_address": "200 Mosbys Run, Roseland, VA",
        "Latitude": 37.871267,
        "Longitude": -78.9186,
        "City": "Roseland",
        "State": "VA",
        "Country": "United States",
        "VORB": -28.726374570446733
      },
      "geometry": {
        "type": "Point",
        "coordinates": [
          -78.9186,
          37.871267
        ]
      }
    },
    {
      "type": "Feature",
      "properties": {
        "Brewery Name": "Dogfish Head Craft Brewery",
        "Geocoding Status": "pending",
        "description": "Dogfish Head started in June 1995 when Dogfish Head Brewings & Eats was established in the beach community of Rehoboth Beach, Delaware. Dogfish Head was the first brewpub of the state. The original plan to deliver great music, delicious food and fine beers to the community came to life when the first batch of Shelter Pale Ale beers were started. Soon, Dogfish Head engaged in brewing 12 gallons of beer batches to supply the restaurant’s need. Dogfish Head brewery quickly achieved popularity beyond the state and reaches to nearby areas like Philadelphia and Washington D.C. By 2000, Dogfish Head is selling over 20 types of beers in 30 states.",
        "image_url": "https://assets.untappd.com/site/brewery_logos_hd/brewery-459_21f0f_hd.jpeg",
        "ratingValue": 3.84,
        "bestRating": 5,
        "reviewCount": 5842400,
        "streetAddress": "6 Cannery Village Blvd",
        "addressLocality": "Milton",
        "addressRegion": "DE",
        "telephone": "",
        "warningservesCuisine": "",
        "full_address": "6 Cannery Village Blvd, Milton, DE",
        "City": "Milton",
        "State": "DE",
        "Brewery URL": "https://untappd.com/dogfishbeer",
        "Beers Rated": 1,
        "My Rating": 4.0,
        "Global Rating": 3.83557,
        "Avg Diff": 0.16442999999999985,
        "VORB": null
      },
      "geometry": null
    },
    {
      "type": "Feature",
      "properties": {
        "Brewery Name": "Dovetail Brewery",
        "Geocoding Status": "pending",
        "description": "Traditional methods. Continental European Styles. We brew like monks, minus the vows.",
        "image_url": "https://assets.untappd.com/site/brewery_logos/brewery-272842_a994d.jpeg",
        "ratingValue": 3.817,
        "bestRating": 5,
        "reviewCount": 107229,
        "streetAddress": "1800 W Belle Plaine Ave",
        "addressLocality": "Chicago",
        "addressRegion": "IL",
        "telephone": "",
        "warningservesCuisine": "",
        "full_address": "1800 W Belle Plaine Ave, Chicago, IL",
        "City": "Chicago",
        "State": "IL",
        "Brewery URL": "https://untappd.com/DovetailBrewery",
        "Beers Rated": 4,
        "My Rating": 4.0625,
        "Global Rating": 3.7758,
        "Avg Diff": 0.2867000000000002,
        "VORB": 24.398625429553267
      },
      "geometry": null
    },
    {
      "type": "Feature",
      "properties": {
        "Brewery Name": "Dust Bowl Brewing Company",
        "Beers Rated": 1,
        "My Rating": 3.5,
        "Global Rating": 3.53675,
        "Avg Diff": -0.03675000000000006,
        "description": "Located in California's Central Valley, Dust Bowl Brewing Company opened in 2009 by founder Brett Tate. Brewmaster is Don Oliver, winner of the 2006 Samuel Adams American Homebrew Longshot competition. Partner, Brett Honore, joined in 2010. Dust Bowl Brewing Co. has distribution throughout the Central Valley (from Fresno to Sacramento regions), San Francisco, North Bay & East Bay and Nevada. Dust Bowl has two taproom locations in Turlock, CA.\r\n\r\nThe new Brewery Taproom is dynamic and expansive, featuring edgy vintage décor, indoor and patio dining, two 20 tap towers featuring our most popular as well as specialty brews, sweeping window views into brewing and packaging, dog friendly beer garden with outdoor games, bike racks… and tours coming soon! The Downtown Taproom offers a more intimate vibe nestled in the lively Downtown Turlock corridor, with 12 craft and specialty beers on tap, indoor and outdoor dining, industrial chic décor and hip pub fare featuring familiar and fresh entrées.",
        "image_url": "https://assets.untappd.com/site/brewery_logos_hd/brewery-21892_0eff6_hd.jpeg",
        "ratingValue": 3.771,
        "bestRating": 5,
        "reviewCount": 189966,
        "streetAddress": "3000 Fulkerth Rd",
        "addressLocality": "Turlock",
        "addressRegion": "CA",
        "telephone": "",
        "warningservesCuisine": "",
        "full_address": "3000 Fulkerth Rd, Turlock, CA",
        "Latitude": 37.50647,
        "Longitude": -120.882781,
        "City": "Turlock",
        "State": "CA",
        "Country": "United States",
        "VORB": null
      },
      "geometry": {
        "type": "Point",
        "coordinates": [
          -120.882781,
          37.50647
        ]
      }
    },
    {
      "type": "Feature",
      "properties": {
        "Brewery Name": "Elder Pine Brewing & Blending",
        "Beers Rated": 2,
        "My Rating": 3.625,
        "Global Rating": 3.889465,
        "Avg Diff": -0.26446499999999995,
        "description": "Farm brewery in Gaithersburg, Maryland focusing on classic & contemporary ales, lagers, and barrel-aged beers.",
        "image_url": "https://assets.untappd.com/site/brewery_logos_hd/brewery-381688_287be_hd.jpeg",
        "ratingValue": 3.966,
        "bestRating": 5,
        "reviewCount": 139347,
        "streetAddress": "4200 Sundown Road",
        "addressLocality": "Gaithersburg",
        "addressRegion": "MD",
        "telephone": "",
        "warningservesCuisine": "",
        "full_address": "4200 Sundown Road, Gaithersburg, MD",
        "Latitude": 39.221619,
        "Longitude": -77.085049,
        "City": "Gaithersburg",
        "State": "MD",
        "Country": "United States",
        "VORB": null
      },
      "geometry": {
        "type": "Point",
        "coordinates": [
          -77.085049,
          39.221619
        ]
      }
    },
    {
      "type": "Feature",
      "properties": {
        "Brewery Name": "Epic Brewing Company",
        "Beers Rated": 1,
        "My Rating": 3.25,
        "Global Rating": 3.835,
        "Avg Diff": -0.585,
        "description": "Epic Brewery is Utah’s first brewery ever since the restriction to operate local microbrewery with high alcohol content took place in the state. The brewery is founded by David Cole and Peter Erickson. Their love and passion for beers were influenced by their frequent travels to microbreweries in California, where they originated. Fine ales and lagers have become their main focus with the dedication to brew beers ‘all out.’ They reached immediate success.",
        "image_url": "https://assets.untappd.com/site/brewery_logos/brewery-EpicBrewingCo_7216.jpeg",
        "ratingValue": 3.888,
        "bestRating": 5,
        "reviewCount": 1484434,
        "streetAddress": "825 South State St",
        "addressLocality": "Salt Lake City",
        "addressRegion": "UT",
        "telephone": "",
        "warningservesCuisine": "",
        "full_address": "825 South State St, Salt Lake City, UT",
        "Latitude": 40.751169,
        "Longitude": -111.887845,
        "City": "Salt Lake City",
        "State": "UT",
        "Country": "United States",
        "VORB": null
      },
      "geometry": {
        "type": "Point",
        "coordinates": [
          -111.887845,
          40.751169
        ]
      }
    },
    {
      "type": "Feature",
      "properties": {
        "Brewery Name": "Equilibrium Brewery",
        "Beers Rated": 2,
        "My Rating": 3.75,
        "Global Rating": 4.137415,
        "Avg Diff": -0.38741499999999984,
        "description": "Our Vision: To make the best beer in the world based on MIT-trained-scientific principles, a love for craft beer, and a love of community. We brew what we want to drink and share this with you. We believe the right craft beer turns ordinary moments into extraordinary experiences. Experience Equilibrium – Beer Balanced by Science.",
        "image_url": "https://assets.untappd.com/site/brewery_logos_hd/brewery-198789_b4401_hd.jpeg",
        "ratingValue": 4.164,
        "bestRating": 5,
        "reviewCount": 2001107,
        "streetAddress": "2-8 South Street",
        "addressLocality": "Middletown",
        "addressRegion": "NY",
        "telephone": "",
        "warningservesCuisine": "",
        "full_address": "2-8 South Street, Middletown, NY",
        "Latitude": 41.43326145,
        "Longitude": -74.43057599,
        "City": "Middletown",
        "State": "NY",
        "Country": "United States",
        "VORB": null
      },
      "geometry": {
        "type": "Point",
        "coordinates": [
          -74.43057599,
          41.43326145
        ]
      }
    },
    {
      "type": "Feature",
      "properties": {
        "Brewery Name": "Erdinger Weissbräu",
        "Beers Rated": 1,
        "My Rating": 3.75,
        "Global Rating": 3.6464,
        "Avg Diff": 0.10360000000000014,
        "description": "Seit über 130 Jahren ist unsere Leidenschaft für bayerische Braukunst der Ursprung für die höchste Qualität unseres Weißbiers. Als Privatbrauerei stehen wir für:\r\n\r\nHeimat: In Bayern sind wir verwurzelt. Seit 1886 brauen wir ausschließlich in Erding – jede einzelne Flasche. Und wir haben nie etwas anderes gebraut als die bayerische Spezialität Weißbier.\r\n\r\nQualität & Geschmack: Unser höchstes Gut. Beim Reinheitsgebot, erstklassigen Rohstoffen und unserer Leidenschaft für das bayerische Kulturgut Weißbier machen wir als Traditionsbrauerei keine Kompromisse.\r\n\r\nLebensfreude & Genuss: Mit unseren Weißbierspezialitäten schenken wir bayerische Lebensfreude und Genuss. In über 90 Ländern!",
        "image_url": "https://assets.untappd.com/site/brewery_logos_hd/brewery-1019_47e30_hd.jpeg",
        "ratingValue": 3.519,
        "bestRating": 5,
        "reviewCount": 1028840,
        "streetAddress": "Franz-Brombach-Straße 1",
        "addressLocality": "Erding Germany",
        "addressRegion": "Bayern",
        "telephone": "",
        "warningservesCuisine": "",
        "full_address": "Franz-Brombach-Straße 1, Erding Germany, Bayern",
        "Latitude": 48.314736,
        "Longitude": 11.890116,
        "City": "Erding Germany",
        "State": "Bayern",
        "Country": "Germany",
        "VORB": null
      },
      "geometry": {
        "type": "Point",
        "coordinates": [
          11.890116,
          48.314736
        ]
      }
    },
    {
      "type": "Feature",
      "properties": {
        "Brewery Name": "Escape Brewing Company",
        "Geocoding Status": "pending",
        "description": "Escape Brewing Company was founded on the principles of creating a brewery that is embraced and valued by their community, committed to their customers, all while using the finest and best ingredients possible, and to have the passion and drive of brewing beer they are proud of.",
        "image_url": "https://assets.untappd.com/site/brewery_logos/brewery-159364_bc51c.jpeg",
        "ratingValue": 3.864,
        "bestRating": 5,
        "reviewCount": 43493,
        "streetAddress": "11495 Trinity Blvd",
        "addressLocality": "New Port Richey",
        "addressRegion": "FL",
        "telephone": "",
        "warningservesCuisine": "",
        "full_address": "11495 Trinity Blvd, New Port Richey, FL",
        "City": "New Port Richey",
        "State": "FL",
        "Brewery URL": "https://untappd.com/EscapeBrewfl",
        "Beers Rated": 1,
        "My Rating": 3.75,
        "Global Rating": 3.8827,
        "Avg Diff": -0.13269999999999982,
        "VORB": null
      },
      "geometry": null
    },
    {
      "type": "Feature",
      "properties": {
        "Brewery Name": "Fat Orange Cat Brew Co.",
        "Beers Rated": 2,
        "My Rating": 3.625,
        "Global Rating": 3.866965,
        "Avg Diff": -0.24196499999999999,
        "description": "",
        "image_url": "https://assets.untappd.com/site/brewery_logos_hd/brewery-290803_9e74a_hd.jpeg",
        "ratingValue": 3.941,
        "bestRating": 5,
        "reviewCount": 463360,
        "streetAddress": "341 State St",
        "addressLocality": "North Haven",
        "addressRegion": "CT",
        "telephone": "",
        "warningservesCuisine": "",
        "full_address": "341 State St, North Haven, CT",
        "Latitude": 41.370224,
        "Longitude": -72.883174,
        "City": "North Haven",
        "State": "CT",
        "Country": "United States",
        "VORB": null
      },
      "geometry": {
        "type": "Point",
        "coordinates": [
          -72.883174,
          41.370224
        ]
      }
    },
    {
      "type": "Feature",
      "properties": {
        "Brewery Name": "Feldschlösschen",
        "Geocoding Status": "pending",
        "description": "",
        "image_url": "https://assets.untappd.com/site/brewery_logos/brewery-FeldschlosschenCarlsbergGroup_3058.jpeg",
        "ratingValue": 3.092,
        "bestRating": 5,
        "reviewCount": 181619,
        "streetAddress": "Theophil-Roniger-Strasse",
        "addressLocality": "Rheinfelden Switzerland",
        "addressRegion": "Aargau",
        "telephone": "",
        "warningservesCuisine": "",
        "full_address": "Theophil-Roniger-Strasse, Rheinfelden Switzerland, Aargau",
        "City": "Rheinfelden Switzerland",
        "State": "Aargau",
        "Brewery URL": "https://untappd.com/Feldschloesschen1876",
        "Beers Rated": 1,
        "My Rating": 3.0,
        "Global Rating": 3.0614,
        "Avg Diff": -0.0613999999999999,
        "VORB": null
      },
      "geometry": null
    },
    {
      "type": "Feature",
      "properties": {
        "Brewery Name": "Fiddlehead Brewing Company",
        "Beers Rated": 1,
        "My Rating": 4.5,
        "Global Rating": 3.88728,
        "Avg Diff": 0.6127199999999999,
        "description": "Fiddlehead Brewing Company is located just outside of Burlington, VT in the scenic town of Shelburne. Our owner and Brewmaster Matt “Matty O” Cohen opened the doors on New Year’s Eve of 2011 and since then, with a focus n quality and freshness, we have grown to the 17th largest craft brewery in the country (as of April, 2026). \r\n  \r\nOur draft, can and bottle offerings are listed on our website.",
        "image_url": "https://assets.untappd.com/site/brewery_logos_hd/brewery-18518_79661_hd.jpeg",
        "ratingValue": 4.009,
        "bestRating": 5,
        "reviewCount": 344696,
        "streetAddress": "6305 Shelburne Road",
        "addressLocality": "Shelburne",
        "addressRegion": "VT",
        "telephone": "",
        "warningservesCuisine": "",
        "full_address": "6305 Shelburne Road, Shelburne, VT",
        "Latitude": 44.366163,
        "Longitude": -73.232604,
        "City": "Shelburne",
        "State": "VT",
        "Country": "United States",
        "VORB": null
      },
      "geometry": {
        "type": "Point",
        "coordinates": [
          -73.232604,
          44.366163
        ]
      }
    },
    {
      "type": "Feature",
      "properties": {
        "Brewery Name": "Fidens Brewing Co.",
        "Beers Rated": 16,
        "My Rating": 4.40625,
        "Global Rating": 4.35290125,
        "Avg Diff": 0.05334874999999961,
        "description": "The idea was simple from the start. Let’s open a small brewery and try to do it ourselves in Albany, NY. We kicked around ideas of what we would need to do while on road trips to our favorite breweries near and far. The truth is, we didn't have any experience outside of one of us cleaning kegs and packaging beer in college. It was just a dream to be able to call it our jobs and to make it on our own.",
        "image_url": "https://assets.untappd.com/site/brewery_logos_hd/brewery-426930_f396a_hd.jpeg",
        "ratingValue": 4.386,
        "bestRating": 5,
        "reviewCount": 678948,
        "streetAddress": "897 Broadway",
        "addressLocality": "Albany",
        "addressRegion": "NY",
        "telephone": "",
        "warningservesCuisine": "",
        "full_address": "897 Broadway, Albany, NY",
        "Latitude": 42.660979,
        "Longitude": -73.744395,
        "City": "Albany",
        "State": "NY",
        "Country": "United States",
        "VORB": 68.5652920962199,
        "Brewery URL": "https://untappd.com/FidensBrewingCo"
      },
      "geometry": {
        "type": "Point",
        "coordinates": [
          -73.744395,
          42.660979
        ]
      }
    },
    {
      "type": "Feature",
      "properties": {
        "Brewery Name": "Fifth Hammer Brewing Co.",
        "Beers Rated": 1,
        "My Rating": 4.25,
        "Global Rating": 4.05711,
        "Avg Diff": 0.19289000000000023,
        "description": "",
        "image_url": "https://assets.untappd.com/site/brewery_logos_hd/brewery-362426_b86df_hd.jpeg",
        "ratingValue": 3.889,
        "bestRating": 5,
        "reviewCount": 100184,
        "streetAddress": "10-28 46th Avenue",
        "addressLocality": "Long Island City",
        "addressRegion": "NY",
        "telephone": "",
        "warningservesCuisine": "",
        "full_address": "10-28 46th Avenue, Long Island City, NY",
        "Latitude": 40.746438,
        "Longitude": -73.951564,
        "City": "Long Island City",
        "State": "NY",
        "Country": "United States",
        "VORB": null
      },
      "geometry": {
        "type": "Point",
        "coordinates": [
          -73.951564,
          40.746438
        ]
      }
    },
    {
      "type": "Feature",
      "properties": {
        "Brewery Name": "Finback Brewery",
        "Beers Rated": 1,
        "My Rating": 3.75,
        "Global Rating": 4.17994,
        "Avg Diff": -0.4299400000000002,
        "description": "ENJOY WITH GOOD COMPANY - Brewed with care in Queens, NYC",
        "image_url": "https://assets.untappd.com/site/brewery_logos/brewery-52099_0c849.jpeg",
        "ratingValue": 4.087,
        "bestRating": 5,
        "reviewCount": 1033856,
        "streetAddress": "78-01 77th Ave",
        "addressLocality": "Queens",
        "addressRegion": "NY",
        "telephone": "",
        "warningservesCuisine": "",
        "full_address": "78-01 77th Ave, Queens, NY",
        "Latitude": 40.70655,
        "Longitude": -73.873631,
        "City": "Queens",
        "State": "NY",
        "Country": "United States",
        "VORB": null
      },
      "geometry": {
        "type": "Point",
        "coordinates": [
          -73.873631,
          40.70655
        ]
      }
    },
    {
      "type": "Feature",
      "properties": {
        "Brewery Name": "Foam Brewers",
        "Beers Rated": 5,
        "My Rating": 3.9,
        "Global Rating": 4.104412,
        "Avg Diff": -0.20441200000000004,
        "description": "Foam. It's always been an unconscious calling like drifting into a cumulus cloud bank on a sun-drenched day, or collapsing in a frothy curl of a breaking wave. Foam; it's natural beauty that rises up and is here and gone in a moment in time.\r\n\r\nI have spent my working life in foam, beer foam that is, brewing beer, conjuring up mixtures of malt and hops to ferment into a crowning moment of beer. Great beer has always sat under foam.\r\n\r\nFoam. It's not one ingredient that gives stability; it's many interwoven to create a structure of strength pouring out visual excitement. As I sit for a time, I enjoy that moment. All that remains is the lacing that adorns the empty glass and the making of a great memory. Until next time, see you under the Foam...",
        "image_url": "https://assets.untappd.com/site/brewery_logos/brewery-266666_c99e9.jpeg",
        "ratingValue": 4.115,
        "bestRating": 5,
        "reviewCount": 626988,
        "streetAddress": "112 Lake Street",
        "addressLocality": "Burlington",
        "addressRegion": "VT",
        "telephone": "",
        "warningservesCuisine": "",
        "full_address": "112 Lake Street, Burlington, VT",
        "Latitude": 44.479137,
        "Longitude": -73.219985,
        "City": "Burlington",
        "State": "VT",
        "Country": "United States",
        "VORB": 5.648625429553267
      },
      "geometry": {
        "type": "Point",
        "coordinates": [
          -73.219985,
          44.479137
        ]
      }
    },
    {
      "type": "Feature",
      "properties": {
        "Brewery Name": "Foley Brothers Brewing",
        "Beers Rated": 2,
        "My Rating": 3.375,
        "Global Rating": 4.0872399999999995,
        "Avg Diff": -0.7122399999999995,
        "description": "Small, quality driven and family owned brewery",
        "image_url": "https://assets.untappd.com/site/brewery_logos/brewery-FoleyBrothers_48533_89284.jpeg",
        "ratingValue": 4.016,
        "bestRating": 5,
        "reviewCount": 167710,
        "streetAddress": "79 Stone Mill Dam Road",
        "addressLocality": "Brandon",
        "addressRegion": "VT",
        "telephone": "",
        "warningservesCuisine": "",
        "full_address": "79 Stone Mill Dam Road, Brandon, VT",
        "Latitude": 43.81166,
        "Longitude": -73.076524,
        "City": "Brandon",
        "State": "VT",
        "Country": "United States",
        "VORB": null
      },
      "geometry": {
        "type": "Point",
        "coordinates": [
          -73.076524,
          43.81166
        ]
      }
    },
    {
      "type": "Feature",
      "properties": {
        "Brewery Name": "Fonta Flora Brewery",
        "Geocoding Status": "pending",
        "description": "Fonta Flora Brewery integrates the soul of agriculture with the artisanship of zymurgy to create a menagerie of rustic and savory libations.",
        "image_url": "https://assets.untappd.com/site/brewery_logos_hd/brewery-82899_6b2a8_hd.jpeg",
        "ratingValue": 3.962,
        "bestRating": 5,
        "reviewCount": 348591,
        "streetAddress": "6751 NC-126",
        "addressLocality": "Nebo",
        "addressRegion": "NC",
        "telephone": "",
        "warningservesCuisine": "",
        "full_address": "6751 NC-126, Nebo, NC",
        "City": "Nebo",
        "State": "NC",
        "Brewery URL": "https://untappd.com/FontaFloraBrewery",
        "Beers Rated": 1,
        "My Rating": 3.75,
        "Global Rating": 3.93793,
        "Avg Diff": -0.18793000000000015,
        "VORB": null
      },
      "geometry": null
    },
    {
      "type": "Feature",
      "properties": {
        "Brewery Name": "Forest & Main Brewing Company",
        "Beers Rated": 3,
        "My Rating": 4.0,
        "Global Rating": 3.8996666666666666,
        "Avg Diff": 0.10033333333333339,
        "description": "Neighborhood brewpub specializing in English and Belgian beer styles.",
        "image_url": "https://assets.untappd.com/site/brewery_logos/brewery-11094_742f6.jpeg",
        "ratingValue": 3.952,
        "bestRating": 5,
        "reviewCount": 182006,
        "streetAddress": "33 East Butler Ave",
        "addressLocality": "Ambler",
        "addressRegion": "PA",
        "telephone": "",
        "warningservesCuisine": "",
        "full_address": "33 East Butler Ave, Ambler, PA",
        "Latitude": 40.154255,
        "Longitude": -75.222979,
        "City": "Ambler",
        "State": "PA",
        "Country": "United States",
        "VORB": 18.148625429553267
      },
      "geometry": {
        "type": "Point",
        "coordinates": [
          -75.222979,
          40.154255
        ]
      }
    },
    {
      "type": "Feature",
      "properties": {
        "Brewery Name": "Fort Myers Brewing Company",
        "Beers Rated": 1,
        "My Rating": 3.5,
        "Global Rating": 3.64851,
        "Avg Diff": -0.14850999999999992,
        "description": "In March of 2013 Fort Myers Brewing Company opened its doors as the first microbrewery in Fort Myers, Florida.  From a modest beginning, our owner & brewmaster repurposed dairy tanks into a brew system.  Since then we have grown into SWFL's largest brewery, utilizing 90, 60 and 20 barrel fermentation tanks.  \r\nToday our award-winning beer can be found in over 250 bars & restaurants in the South Florida area.  If you're in the Fort Myers area stop by our tasting room, known to the locals as their own hidden gem.",
        "image_url": "https://assets.untappd.com/site/brewery_logos_hd/brewery-56307_eef2f_hd.jpeg",
        "ratingValue": 3.742,
        "bestRating": 5,
        "reviewCount": 100761,
        "streetAddress": "12811 Commerce Lakes Dr., Suite 28",
        "addressLocality": "Fort Myers",
        "addressRegion": "FL",
        "telephone": "",
        "warningservesCuisine": "",
        "full_address": "12811 Commerce Lakes Dr., Suite 28, Fort Myers, FL",
        "Latitude": 26.56207,
        "Longitude": -81.743296,
        "City": "Fort Myers",
        "State": "FL",
        "Country": "United States",
        "VORB": null
      },
      "geometry": {
        "type": "Point",
        "coordinates": [
          -81.743296,
          26.56207
        ]
      }
    },
    {
      "type": "Feature",
      "properties": {
        "Brewery Name": "Foundation Brewing Company",
        "Beers Rated": 1,
        "My Rating": 4.0,
        "Global Rating": 4.15834,
        "Avg Diff": -0.15833999999999993,
        "description": "Brewing a full spectrum of beers since 2014 in Portland, Maine. Visit our tasting room on Industrial Way where all of our beers are made on-site, and experience our authentic Detroit-style square pizzas. Owners, John & Tina, grew up in Detroit, and love to share their love of Square Pizza. Join us for Michigan Football all season.",
        "image_url": "https://assets.untappd.com/site/brewery_logos/brewery-103429_1c9c1.jpeg",
        "ratingValue": 3.922,
        "bestRating": 5,
        "reviewCount": 274312,
        "streetAddress": "1 Industrial Way",
        "addressLocality": "Portland",
        "addressRegion": "ME",
        "telephone": "",
        "warningservesCuisine": "",
        "full_address": "1 Industrial Way, Portland, ME",
        "Latitude": 43.702828,
        "Longitude": -70.319965,
        "City": "Portland",
        "State": "ME",
        "Country": "United States",
        "VORB": null
      },
      "geometry": {
        "type": "Point",
        "coordinates": [
          -70.319965,
          43.702828
        ]
      }
    },
    {
      "type": "Feature",
      "properties": {
        "Brewery Name": "Founders Brewing Co.",
        "Beers Rated": 3,
        "My Rating": 4.0,
        "Global Rating": 4.080266666666667,
        "Avg Diff": -0.08026666666666671,
        "description": "We don’t brew beer for the masses. Instead, our beers are crafted for a chosen few, a small cadre of renegades and rebels who enjoy a beer that pushes the limits of what is commonly accepted as taste. In short, we make beer for people like us. Founders. Brewed for us.",
        "image_url": "https://assets.untappd.com/site/brewery_logos_hd/brewery-549_7db30_hd.jpeg",
        "ratingValue": 3.952,
        "bestRating": 5,
        "reviewCount": 7718511,
        "streetAddress": "235 Grandville Ave SW",
        "addressLocality": "Grand Rapids",
        "addressRegion": "MI",
        "telephone": "",
        "warningservesCuisine": "",
        "full_address": "235 Grandville Ave SW, Grand Rapids, MI",
        "Latitude": 42.958394,
        "Longitude": -85.673801,
        "City": "Grand Rapids",
        "State": "MI",
        "Country": "United States",
        "VORB": 24.398625429553267
      },
      "geometry": {
        "type": "Point",
        "coordinates": [
          -85.673801,
          42.958394
        ]
      }
    },
    {
      "type": "Feature",
      "properties": {
        "Brewery Name": "Four Quarters Brewing",
        "Beers Rated": 2,
        "My Rating": 4.0,
        "Global Rating": 3.95054,
        "Avg Diff": 0.04945999999999984,
        "description": "Exploration is at the heart of everything we do. Inspired by the dual nature of the moon as ever-changing yet cyclical, we create consistently imaginative beers that embrace nature’s ever-changing ingredients.\r\n\r\nSo grab a beer and let's explore together.",
        "image_url": "https://assets.untappd.com/site/brewery_logos_hd/brewery-115672_bee0b_hd.jpeg",
        "ratingValue": 3.963,
        "bestRating": 5,
        "reviewCount": 182058,
        "streetAddress": "70 Main St",
        "addressLocality": "Winooski",
        "addressRegion": "VT",
        "telephone": "",
        "warningservesCuisine": "",
        "full_address": "70 Main St, Winooski, VT",
        "Latitude": 42.88376344,
        "Longitude": -73.20996971,
        "City": "Winooski",
        "State": "VT",
        "Country": "United States",
        "VORB": null
      },
      "geometry": {
        "type": "Point",
        "coordinates": [
          -73.20996971,
          42.88376344
        ]
      }
    },
    {
      "type": "Feature",
      "properties": {
        "Brewery Name": "Fox Farm Brewery",
        "Beers Rated": 2,
        "My Rating": 4.375,
        "Global Rating": 4.21639,
        "Avg Diff": 0.15861000000000036,
        "description": "",
        "image_url": "https://assets.untappd.com/site/brewery_logos/brewery-255445_64f3c.jpeg",
        "ratingValue": 4.181,
        "bestRating": 5,
        "reviewCount": 258640,
        "streetAddress": "62 Music Vale Road",
        "addressLocality": "Salem",
        "addressRegion": "CT",
        "telephone": "",
        "warningservesCuisine": "",
        "full_address": "62 Music Vale Road, Salem, CT",
        "Latitude": 41.484442,
        "Longitude": -72.267401,
        "City": "Salem",
        "State": "CT",
        "Country": "United States",
        "VORB": null
      },
      "geometry": {
        "type": "Point",
        "coordinates": [
          -72.267401,
          41.484442
        ]
      }
    },
    {
      "type": "Feature",
      "properties": {
        "Brewery Name": "Freak Folk Bier",
        "Beers Rated": 2,
        "My Rating": 4.125,
        "Global Rating": 4.316435,
        "Avg Diff": -0.19143500000000024,
        "description": "A small brewery/fermentation project focused on barrel fermented, bottle conditioned beer. Located in Waterbury, Vermont.",
        "image_url": "https://assets.untappd.com/site/brewery_logos/brewery-440710_28bc7.jpeg",
        "ratingValue": 4.377,
        "bestRating": 5,
        "reviewCount": 79901,
        "streetAddress": "28 Stowe St",
        "addressLocality": "Waterbury Village Historic District",
        "addressRegion": "VT",
        "telephone": "",
        "warningservesCuisine": "",
        "full_address": "28 Stowe St, Waterbury Village Historic District, VT",
        "Latitude": 44.04932363,
        "Longitude": -73.46736563,
        "City": "Waterbury Village Historic District",
        "State": "VT",
        "Country": "United States",
        "VORB": null
      },
      "geometry": {
        "type": "Point",
        "coordinates": [
          -73.46736563,
          44.04932363
        ]
      }
    },
    {
      "type": "Feature",
      "properties": {
        "Brewery Name": "Frost Beer Works",
        "Beers Rated": 1,
        "My Rating": 3.5,
        "Global Rating": 4.17023,
        "Avg Diff": -0.6702300000000001,
        "description": "Crafters of tropical, balanced, delicious hazy IPAs. Proudly brewed in Vermont.",
        "image_url": "https://assets.untappd.com/site/brewery_logos_hd/brewery-192673_85e08_hd.jpeg",
        "ratingValue": 4.05,
        "bestRating": 5,
        "reviewCount": 217966,
        "streetAddress": "171 Commerce St.",
        "addressLocality": "Hinesburg",
        "addressRegion": "VT",
        "telephone": "",
        "warningservesCuisine": "",
        "full_address": "171 Commerce St., Hinesburg, VT",
        "Latitude": 44.451294,
        "Longitude": -73.120956,
        "City": "Hinesburg",
        "State": "VT",
        "Country": "United States",
        "VORB": null
      },
      "geometry": {
        "type": "Point",
        "coordinates": [
          -73.120956,
          44.451294
        ]
      }
    },
    {
      "type": "Feature",
      "properties": {
        "Brewery Name": "Funky Buddha Brewery",
        "Geocoding Status": "pending",
        "description": "Florida radiates good vibes. Funky Buddha was founded in Florida, and to this day, still channels that goodness into a full-flavored beer brewed from high-quality ingredients. So let the good vibes flow and crack one open.",
        "image_url": "https://assets.untappd.com/site/brewery_logos_hd/brewery-3741_1d452_hd.jpeg",
        "ratingValue": 3.882,
        "bestRating": 5,
        "reviewCount": 883463,
        "streetAddress": "1201 NE 38th St",
        "addressLocality": "Oakland Park",
        "addressRegion": "FL",
        "telephone": "",
        "warningservesCuisine": "",
        "full_address": "1201 NE 38th St, Oakland Park, FL",
        "City": "Oakland Park",
        "State": "FL",
        "Brewery URL": "https://untappd.com/FunkyBuddhaMgmt",
        "Beers Rated": 1,
        "My Rating": 3.5,
        "Global Rating": 3.59716,
        "Avg Diff": -0.09716000000000014,
        "VORB": null
      },
      "geometry": null
    },
    {
      "type": "Feature",
      "properties": {
        "Brewery Name": "Ghost Town Brewing",
        "Beers Rated": 1,
        "My Rating": 3.75,
        "Global Rating": 4.01211,
        "Avg Diff": -0.26210999999999984,
        "description": "Ghost Town Brewing is a craft brewery founded in West Oakland, CA. Our beers are served in our West Oakland taproom and at the finest craft beer-focused joints throughout Northern California.",
        "image_url": "https://assets.untappd.com/site/brewery_logos_hd/brewery-36950_cf6ad_hd.jpeg",
        "ratingValue": 3.95,
        "bestRating": 5,
        "reviewCount": 164839,
        "streetAddress": "1960 Adeline St",
        "addressLocality": "Oakland",
        "addressRegion": "CA",
        "telephone": "",
        "warningservesCuisine": "",
        "full_address": "1960 Adeline St, Oakland, CA",
        "Latitude": 37.814184,
        "Longitude": -122.284158,
        "City": "Oakland",
        "State": "CA",
        "Country": "United States",
        "VORB": null
      },
      "geometry": {
        "type": "Point",
        "coordinates": [
          -122.284158,
          37.814184
        ]
      }
    },
    {
      "type": "Feature",
      "properties": {
        "Brewery Name": "Goose Island Beer Co.",
        "Geocoding Status": "pending",
        "description": "Our famous beer began with a trip across Europe, when Goose Island founder (and unabashed beer lover) John Hall took a tour across the continent. Pint by pint, he savored the styles and selections of brews in every region, and thought to himself, “America deserves some damn fine beer like this, too.”\r\n\r\nCraft brewing wasn’t widely known at the time, but upon return from his European sojourn, John set out to change all that. He settled down in his hometown of Chicago—a city perfect for craft beer, with rapidly evolving tastes and the largest system of fresh water on the planet. And then he got to brewing.\r\n\r\nFirst he made some stellar beer. Then he invited his consumers in to watch his process at the brewery, bringing them behind the scenes every step of the way. The result was a new fascination with craft brewing, and beer that not only catered to people’s tastes, but challenged them as well.\r\n\r\nThat was back in 1988, and we haven’t slowed down since. By 1995, John’s beer had become so popular that he decided to open a larger brewery, along with a bottling plant to keep up with demand.  Today, what was once one man’s pint-filled dream has become the Goose Island empire you know and love..",
        "image_url": "https://assets.untappd.com/site/brewery_logos_hd/brewery-2898_29dc8_hd.jpeg",
        "ratingValue": 3.905,
        "bestRating": 5,
        "reviewCount": 6310049,
        "streetAddress": "1800 West Fulton St",
        "addressLocality": "Chicago",
        "addressRegion": "IL",
        "telephone": "",
        "warningservesCuisine": "",
        "full_address": "1800 West Fulton St, Chicago, IL",
        "City": "Chicago",
        "State": "IL",
        "Brewery URL": "https://untappd.com/gooseisland",
        "Beers Rated": 2,
        "My Rating": 4.375,
        "Global Rating": 4.38959,
        "Avg Diff": -0.014590000000000103,
        "VORB": null
      },
      "geometry": null
    },
    {
      "type": "Feature",
      "properties": {
        "Brewery Name": "Grand Teton Brewing",
        "Beers Rated": 1,
        "My Rating": 4.0,
        "Global Rating": 3.72522,
        "Avg Diff": 0.2747799999999998,
        "description": "Grand Teton Brewing is committed to crafting only the highest quality ales and lagers. We take measures at every point in our brewing, packaging and shipping process to ensure that we deliver only the best beers to you. Our Quality Manager performs multiple tests of every batch at every stage and conducts daily tastings of our finished brews to guarantee that only the best possible beers make the journey from our brewery to your glass.\r\n\r\nWe believe that Teton Valley, Idaho is the best place on earth to craft beer. Our water is glacial run-off, filtered over 300-500 years by Teton Mountain granite and limestone before it surfaces at a spring a half mile from the brewery. Teton Valley grows the world’s best malting barley, and Southern Idaho includes some of the finest hop farms in the world.",
        "image_url": "https://assets.untappd.com/site/brewery_logos/brewery-3284_bc051.jpeg",
        "ratingValue": 3.643,
        "bestRating": 5,
        "reviewCount": 209538,
        "streetAddress": "430 Old Jackson Hwy",
        "addressLocality": "Victor",
        "addressRegion": "ID",
        "telephone": "",
        "warningservesCuisine": "",
        "full_address": "430 Old Jackson Hwy, Victor, ID",
        "Latitude": 43.592775,
        "Longitude": -111.102412,
        "City": "Victor",
        "State": "ID",
        "Country": "United States",
        "VORB": null
      },
      "geometry": {
        "type": "Point",
        "coordinates": [
          -111.102412,
          43.592775
        ]
      }
    },
    {
      "type": "Feature",
      "properties": {
        "Brewery Name": "Grassroots Brewing",
        "Beers Rated": 1,
        "My Rating": 4.25,
        "Global Rating": 4.24035,
        "Avg Diff": 0.009649999999999714,
        "description": "Informed by travel and friendship, Grassroots Brewing creates artisan ales inspired by experience and imagination.",
        "image_url": "https://assets.untappd.com/site/brewery_logos/brewery-grassrootsbrewing_8022.jpeg",
        "ratingValue": 4.133,
        "bestRating": 5,
        "reviewCount": 89927,
        "streetAddress": "403 Hill Rd",
        "addressLocality": "Greensboro Bend",
        "addressRegion": "VT",
        "telephone": "",
        "warningservesCuisine": "",
        "full_address": "403 Hill Rd, Greensboro Bend, VT",
        "Latitude": 44.606708,
        "Longitude": -72.263375,
        "City": "Greensboro Bend",
        "State": "VT",
        "Country": "United States",
        "VORB": null
      },
      "geometry": {
        "type": "Point",
        "coordinates": [
          -72.263375,
          44.606708
        ]
      }
    },
    {
      "type": "Feature",
      "properties": {
        "Brewery Name": "Great Valley Farm Brewery",
        "Beers Rated": 1,
        "My Rating": 3.5,
        "Global Rating": 3.6197,
        "Avg Diff": -0.11969999999999992,
        "description": "Great Valley Farm Brewery was born out of a passion for quality beer. Our goal is to produce world-class beer and to provide a relaxed, family friendly atmosphere to enjoy our creations. Our 27-acre farm also includes 4 acres of grapes to be used in the future for wine production.",
        "image_url": "https://assets.untappd.com/site/brewery_logos_hd/brewery-302542_2a582_hd.jpeg",
        "ratingValue": 3.697,
        "bestRating": 5,
        "reviewCount": 7406,
        "streetAddress": "60 Great Valley Lane",
        "addressLocality": "Natural Bridge",
        "addressRegion": "VA",
        "telephone": "",
        "warningservesCuisine": "",
        "full_address": "60 Great Valley Lane, Natural Bridge, VA",
        "Latitude": 37.680182,
        "Longitude": -79.513095,
        "City": "Natural Bridge",
        "State": "VA",
        "Country": "United States",
        "VORB": null
      },
      "geometry": {
        "type": "Point",
        "coordinates": [
          -79.513095,
          37.680182
        ]
      }
    },
    {
      "type": "Feature",
      "properties": {
        "Brewery Name": "Greater Good Imperial Brewing Company",
        "Beers Rated": 1,
        "My Rating": 3.5,
        "Global Rating": 4.05794,
        "Avg Diff": -0.5579400000000003,
        "description": "Welcome to GREATER GOOD, America’s First All-Imperial Brewing Company™. We’re obsessed: all that we think about, all that we dream about, all that we build are high-end ales which strictly range within the Imperial classification of alcohol from 8% to 14%. We’re committed to the production of Greater tasting beers, hand-crafted with Greater ingredients. We are defining the next level of Imperial brews.",
        "image_url": "https://assets.untappd.com/site/brewery_logos_hd/brewery-277363_bb7cc_hd.jpeg",
        "ratingValue": 3.981,
        "bestRating": 5,
        "reviewCount": 174752,
        "streetAddress": "55 Millbrook Street",
        "addressLocality": "Worcester",
        "addressRegion": "MA",
        "telephone": "",
        "warningservesCuisine": "",
        "full_address": "55 Millbrook Street, Worcester, MA",
        "Latitude": 42.288133,
        "Longitude": -71.801147,
        "City": "Worcester",
        "State": "MA",
        "Country": "United States",
        "VORB": null
      },
      "geometry": {
        "type": "Point",
        "coordinates": [
          -71.801147,
          42.288133
        ]
      }
    },
    {
      "type": "Feature",
      "properties": {
        "Brewery Name": "Green Gold Brewing",
        "Beers Rated": 1,
        "My Rating": 3.0,
        "Global Rating": 3.696,
        "Avg Diff": -0.6960000000000002,
        "description": "Enga še pa lahka® Brewery from Slovenia",
        "image_url": "https://assets.untappd.com/site/brewery_logos_hd/brewery-283796_4a060_hd.jpeg",
        "ratingValue": 3.562,
        "bestRating": 5,
        "reviewCount": 52248,
        "streetAddress": "2 Spodnje Grušovlje",
        "addressLocality": "Šempeter v Savinjski dolini Slovenia",
        "addressRegion": "Žalec",
        "telephone": "",
        "warningservesCuisine": "",
        "full_address": "2 Spodnje Grušovlje, Šempeter v Savinjski dolini Slovenia, Žalec",
        "Latitude": 46.2660332,
        "Longitude": 15.1147739,
        "City": "Šempeter v Savinjski dolini Slovenia",
        "State": "Žalec",
        "Country": "Slovenija",
        "VORB": null
      },
      "geometry": {
        "type": "Point",
        "coordinates": [
          15.1147739,
          46.2660332
        ]
      }
    },
    {
      "type": "Feature",
      "properties": {
        "Brewery Name": "Grimm Artisanal Ales",
        "Beers Rated": 2,
        "My Rating": 3.875,
        "Global Rating": 4.162699999999999,
        "Avg Diff": -0.2876999999999992,
        "description": "Grimm Artisanal Ales is a Brooklyn-based brewery founded in 2013 by Joe and Lauren Grimm after nearly a decade of tinkering with fermentation. Grimm specializes in concise, elegant ales epitomizing the creative, experimental spirit of the American artisanal beer revolution. With each limited edition release, we seek to push the boundaries of style and flavor in order to create beers with the utmost depth and complexity.\r\n\r\nFor five years, Grimm operated as a nomadic brewery. Joe and Lauren would develop each recipe in the kitchen of their Gowanus apartment and travel to existing breweries near and far to craft their commercial beers.\r\n\r\nIn June 2018, they opened their permanent location in the East Williamsburg neighborhood of Brooklyn, NY.",
        "image_url": "https://assets.untappd.com/site/brewery_logos/brewery-72844_083a7.jpeg",
        "ratingValue": 4.047,
        "bestRating": 5,
        "reviewCount": 1099389,
        "streetAddress": "990 Metropolitan Avenue",
        "addressLocality": "Brooklyn",
        "addressRegion": "NY",
        "telephone": "",
        "warningservesCuisine": "",
        "full_address": "990 Metropolitan Avenue, Brooklyn, NY",
        "Latitude": 40.714263,
        "Longitude": -73.936549,
        "City": "Brooklyn",
        "State": "NY",
        "Country": "United States",
        "VORB": null
      },
      "geometry": {
        "type": "Point",
        "coordinates": [
          -73.936549,
          40.714263
        ]
      }
    },
    {
      "type": "Feature",
      "properties": {
        "Brewery Name": "Groove Brewing",
        "Beers Rated": 1,
        "My Rating": 3.75,
        "Global Rating": 3.98353,
        "Avg Diff": -0.23353000000000002,
        "description": "Groove Brewing started in 2020 with the simple goal of bringing a hometown microbrewery to Scranton. With over 25 years of brewing experience, Brewmaster Ed Generose is the brains of the operation. As a certified BJCP Judge, brewery world traveler, and comprehensive beer nerd, Ed was made for this.\r\n\r\nCo-owners Joe and Shannon Bonacci's mission for the brewery is to promote the redevelopment and prosperity of Scranton, its people, and businesses. \r\n\r\nWith engineering backgrounds, we built this brewery with the few dollars we had, some help from great friends, and a lot of repurposed materials. \r\n\r\n​We hope you like our work.",
        "image_url": "https://assets.untappd.com/site/brewery_logos/brewery-463477_b5a31.jpeg",
        "ratingValue": 3.804,
        "bestRating": 5,
        "reviewCount": 12880,
        "streetAddress": "1401 Sanderson Avenue, PA, USA",
        "addressLocality": "Scranton",
        "addressRegion": "PA",
        "telephone": "",
        "warningservesCuisine": "",
        "full_address": "1401 Sanderson Avenue, PA, USA, Scranton, PA",
        "Latitude": 41.425767,
        "Longitude": -75.654485,
        "City": "Scranton",
        "State": "PA",
        "Country": "United States",
        "VORB": null
      },
      "geometry": {
        "type": "Point",
        "coordinates": [
          -75.654485,
          41.425767
        ]
      }
    },
    {
      "type": "Feature",
      "properties": {
        "Brewery Name": "Grupo Modelo",
        "Beers Rated": 2,
        "My Rating": 3.75,
        "Global Rating": 3.2513449999999997,
        "Avg Diff": 0.4986550000000003,
        "description": "We elevate the beer category with quality, high-end beers that meet our consumers’ evolving preferences.  That’s why our portfolio includes imported beer brands each with their own unique and authentic attributes that make them stand above the rest. A wholly American-owned company, we produce and import quality, iconic brands such as Corona Extra, Modelo Especial, Victoria and Pacifico.",
        "image_url": "https://assets.untappd.com/site/brewery_logos/brewery-GrupoModeloSAdeCV_618.jpeg",
        "ratingValue": 3.139,
        "bestRating": 5,
        "reviewCount": 2380284,
        "streetAddress": "Lago Alberto 156, Granada, CDMX",
        "addressLocality": "Ciudad de México Mexico",
        "addressRegion": "Ciudad de México",
        "telephone": "",
        "warningservesCuisine": "",
        "full_address": "Lago Alberto 156, Granada, CDMX, Ciudad de México Mexico, Ciudad de México",
        "Latitude": 19.44122128,
        "Longitude": -99.18826846,
        "City": "Ciudad de México Mexico",
        "State": "Ciudad de México",
        "Country": "México",
        "VORB": null
      },
      "geometry": {
        "type": "Point",
        "coordinates": [
          -99.18826846,
          19.44122128
        ]
      }
    },
    {
      "type": "Feature",
      "properties": {
        "Brewery Name": "Guinness",
        "Beers Rated": 3,
        "My Rating": 3.5833333333333335,
        "Global Rating": 3.65854,
        "Avg Diff": -0.07520666666666642,
        "description": "The Guinness® brand enjoys a global reputation as a uniquely authentic beer and the best-selling stout in the world.  Famous for its dark color, creamy head and unique surge and settle, this distinctive beer originated at the St. James’s Gate brewery in Dublin, Ireland. Over 10 million glasses of Guinness beer are enjoyed every single day around the world, and 1.8 billion pints are sold every year.  Guinness beer is available in well over 100 countries worldwide and is brewed in almost 50.\r\n\r\nAbout Diageo Diageo is a global leader in beverage alcohol with an outstanding collection of brands across spirits, beer and wine categories.  These brands include Johnnie Walker, Crown Royal, JεB, Buchanan’s, Windsor and Bushmills whiskies, Smirnoff, Cîroc and Ketel One vodkas, Captain Morgan, Baileys, Don Julio, Tanqueray and Guinness.\r\n\r\nDiageo is a global company, and our products are sold in more than 180 countries around the world.  The company is listed on both the London Stock Exchange (DGE) and the New York Stock Exchange (DEO).  For more information about Diageo, our people, our brands, and performance, visit us at www.diageo.com.  Visit Diageo’s global responsible drinking resource, www.DRINKiQ.com, for information, initiatives, and ways to share best practice.\r\n\r\nCelebrating life, every day, everywhere.",
        "image_url": "https://assets.untappd.com/site/brewery_logos_hd/brewery-49_a79e8_hd.jpeg",
        "ratingValue": 3.525,
        "bestRating": 5,
        "reviewCount": 3334776,
        "streetAddress": "St James's Gate",
        "addressLocality": "Dublin Ireland",
        "addressRegion": "County Dublin",
        "telephone": "",
        "warningservesCuisine": "",
        "full_address": "St James's Gate, Dublin Ireland, County Dublin",
        "Latitude": 53.34312255,
        "Longitude": -6.2908262,
        "City": "Dublin Ireland",
        "State": "County Dublin",
        "Country": "Ireland",
        "VORB": -19.351374570446733
      },
      "geometry": {
        "type": "Point",
        "coordinates": [
          -6.2908262,
          53.34312255
        ]
      }
    },
    {
      "type": "Feature",
      "properties": {
        "Brewery Name": "Half Acre Beer Company",
        "Beers Rated": 1,
        "My Rating": 3.0,
        "Global Rating": 3.90245,
        "Avg Diff": -0.90245,
        "description": "We brew American micro beers that push for raw intensity through the selection of brewing materials and the promotion of natural process.",
        "image_url": "https://assets.untappd.com/site/brewery_logos_hd/brewery-1862_12d95_hd.jpeg",
        "ratingValue": 3.947,
        "bestRating": 5,
        "reviewCount": 1373070,
        "streetAddress": "2050 W. Balmoral Ave",
        "addressLocality": "Chicago",
        "addressRegion": "IL",
        "telephone": "",
        "warningservesCuisine": "",
        "full_address": "2050 W. Balmoral Ave, Chicago, IL",
        "Latitude": 41.979932,
        "Longitude": -87.681471,
        "City": "Chicago",
        "State": "IL",
        "Country": "United States",
        "VORB": null
      },
      "geometry": {
        "type": "Point",
        "coordinates": [
          -87.681471,
          41.979932
        ]
      }
    },
    {
      "type": "Feature",
      "properties": {
        "Brewery Name": "Hardywood Park Craft Brewery",
        "Beers Rated": 2,
        "My Rating": 3.625,
        "Global Rating": 3.4766199999999996,
        "Avg Diff": 0.1483800000000004,
        "description": "Our co-founders, Eric McKay and Patrick Murtaugh, were introduced at a young age through the friendship of their parents. Their families would vacation together so it wasn’t long before the two would forge a strong friendship of their own. Years down the road, a well-timed meet-up at a sheep station in Australia, brought their passion for homebrewing and craft beer culture into sharp focus. It was there, at Hardywood Park, where they shared their first glass of full-flavored home-brewed beer. That day inspired ten years of hard work and planning — Eric on the business side and Patrick on the brewing side — and brought their dream into reality with the launch of Hardywood Park Craft Brewery.",
        "image_url": "https://assets.untappd.com/site/brewery_logos_hd/brewery-16167_f8005_hd.jpeg",
        "ratingValue": 3.903,
        "bestRating": 5,
        "reviewCount": 874342,
        "streetAddress": "820 Sanctuary Trail Dr",
        "addressLocality": "Richmond",
        "addressRegion": "VA",
        "telephone": "",
        "warningservesCuisine": "",
        "full_address": "820 Sanctuary Trail Dr, Richmond, VA",
        "Latitude": 37.615617,
        "Longitude": -77.652142,
        "City": "Richmond",
        "State": "VA",
        "Country": "United States",
        "VORB": null
      },
      "geometry": {
        "type": "Point",
        "coordinates": [
          -77.652142,
          37.615617
        ]
      }
    },
    {
      "type": "Feature",
      "properties": {
        "Brewery Name": "Harpoon Brewery",
        "Beers Rated": 1,
        "My Rating": 3.25,
        "Global Rating": 3.48192,
        "Avg Diff": -0.23192000000000013,
        "description": "From the quality of our beers to our welcoming breweries, from our large seasonal festivals to our steadfast commitment to the community, we – the employee-owners at Harpoon – live and breathe our motto “Love Beer. Love Life.”. We believe that making great beer goes hand in hand with having fun, and that good times become great times with better beer.\r\n\r\nCOME VISIT US! We invite all of you to visit our Boston brewery, where it all began, and our beautiful brewery in Windsor, Vermont.",
        "image_url": "https://assets.untappd.com/site/brewery_logos_hd/brewery-634_dbd7b_hd.jpeg",
        "ratingValue": 3.547,
        "bestRating": 5,
        "reviewCount": 1434571,
        "streetAddress": "306 Northern Avenue",
        "addressLocality": "Boston",
        "addressRegion": "MA",
        "telephone": "",
        "warningservesCuisine": "",
        "full_address": "306 Northern Avenue, Boston, MA",
        "Latitude": 42.347098,
        "Longitude": -71.034147,
        "City": "Boston",
        "State": "MA",
        "Country": "United States",
        "VORB": null
      },
      "geometry": {
        "type": "Point",
        "coordinates": [
          -71.034147,
          42.347098
        ]
      }
    },
    {
      "type": "Feature",
      "properties": {
        "Brewery Name": "Heineken Italia",
        "Beers Rated": 1,
        "My Rating": 4.25,
        "Global Rating": 3.21295,
        "Avg Diff": 1.0370499999999998,
        "description": "",
        "image_url": "https://assets.untappd.com/site/brewery_logos/brewery-2754_abfc9.jpeg",
        "ratingValue": 3.131,
        "bestRating": 5,
        "reviewCount": 119003,
        "streetAddress": "Viale Thomas Alva Edison, 110",
        "addressLocality": "Sesto San Giovanni Italy",
        "addressRegion": "Lombardia",
        "telephone": "",
        "warningservesCuisine": "",
        "full_address": "Viale Thomas Alva Edison, 110, Sesto San Giovanni Italy, Lombardia",
        "Latitude": 45.5264963,
        "Longitude": 9.2355568,
        "City": "Sesto San Giovanni Italy",
        "State": "Lombardia",
        "Country": "Italia",
        "VORB": null,
        "Brewery URL": "https://untappd.com/w/heineken-italia/2754"
      },
      "geometry": {
        "type": "Point",
        "coordinates": [
          9.2355568,
          45.5264963
        ]
      }
    },
    {
      "type": "Feature",
      "properties": {
        "Brewery Name": "Heineken Saint Lucia Ltd.",
        "Beers Rated": 1,
        "My Rating": 3.75,
        "Global Rating": 3.22868,
        "Avg Diff": 0.5213199999999998,
        "description": "Searching for a suitable site to establish their first brewery operation in the Caribbean, Heineken settled for the Industrial Estate at Vieux Fort in Saint Lucia as the location of choice. The facilities provided by the site, the quality of the water in the area and the concessions available under St. Lucia's Incentive Legislation, were some of the factors that led to the decision.\r\n\r\nAs a result, Windward and Leeward Brewery Limited was incorporated under the Commercial Code of St. Lucia on March 11, 1974 and commenced production in November 1975 to manufacture Heineken Beer under franchise from its Dutch parent company Heineken as a major shareholder. The other major shareholders are Desnoes & Geddes Limited and the St. Lucia National Development Corporation. Other shareholders include nationals of CARICOM countries residing in and outside the region.\r\n\r\nToday the workforce has grown to 101 employees and the company serves the not only the domestic market and the OECS countries, but also Barbados, Belize, Guyana, Anguilla, BVI and the Republic of Trinidad and Tobago. The present capacity has grown to 170,000 hectoliters, and by the end of 2006 this will be doubled.\r\n\r\nAs of February 1, 2021. Windward and Leeward Brewery Limited and Du Boulay’s Bottling Co. Limited (WLBL DBC) is now Heineken Saint Lucia Ltd.",
        "image_url": "https://assets.untappd.com/site/brewery_logos_hd/brewery-5820_f685f_hd.jpeg",
        "ratingValue": 3.164,
        "bestRating": 5,
        "reviewCount": 19155,
        "streetAddress": "",
        "addressLocality": "Hewanorra Orchard St. Lucia",
        "addressRegion": "Vieux Fort",
        "telephone": "",
        "warningservesCuisine": "",
        "full_address": "Hewanorra Orchard St. Lucia, Vieux Fort",
        "Latitude": 13.74512386,
        "Longitude": -60.97258759,
        "City": "Hewanorra Orchard St. Lucia",
        "State": "Vieux Fort",
        "Country": "Saint Lucia",
        "VORB": null
      },
      "geometry": {
        "type": "Point",
        "coordinates": [
          -60.97258759,
          13.74512386
        ]
      }
    },
    {
      "type": "Feature",
      "properties": {
        "Brewery Name": "Heliotrope Brewery",
        "Beers Rated": 13,
        "My Rating": 3.8461538461538463,
        "Global Rating": 3.6392084615384617,
        "Avg Diff": 0.2069453846153846,
        "description": "Heliotrope is a farmhouse-style brewery committed to the production of rustic ales and lagers.",
        "image_url": "https://assets.untappd.com/site/brewery_logos_hd/brewery-451361_dac98_hd.jpeg",
        "ratingValue": 3.86,
        "bestRating": 5,
        "reviewCount": 5901,
        "streetAddress": "128 S Main St",
        "addressLocality": "Lexington",
        "addressRegion": "VA",
        "telephone": "",
        "warningservesCuisine": "",
        "full_address": "128 S Main St, Lexington, VA",
        "Latitude": 37.783505,
        "Longitude": -79.443426,
        "City": "Lexington",
        "State": "VA",
        "Country": "United States",
        "VORB": 15.023625429553267
      },
      "geometry": {
        "type": "Point",
        "coordinates": [
          -79.443426,
          37.783505
        ]
      }
    },
    {
      "type": "Feature",
      "properties": {
        "Brewery Name": "Hill Farmstead Brewery",
        "Beers Rated": 22,
        "My Rating": 4.420454545454546,
        "Global Rating": 4.257791818181818,
        "Avg Diff": 0.16266272727272746,
        "description": "Hill Farmstead Brewery is the culmination of many years of travel and insight—of experience and education—of friendships and explorations.\r\n\r\nThe brewery is the revival and continuation of 220 years of Hill heritage and hand crafted history in North Greensboro, Vermont.",
        "image_url": "https://assets.untappd.com/site/brewery_logos/brewery-2562_e7536.jpeg",
        "ratingValue": 4.313,
        "bestRating": 5,
        "reviewCount": 1528408,
        "streetAddress": "403 Hill Rd",
        "addressLocality": "Greensboro",
        "addressRegion": "VT",
        "telephone": "",
        "warningservesCuisine": "",
        "full_address": "403 Hill Rd, Greensboro, VT",
        "Latitude": 44.606708,
        "Longitude": -72.263375,
        "City": "Greensboro",
        "State": "VT",
        "Country": "United States",
        "VORB": 81.54148257241039
      },
      "geometry": {
        "type": "Point",
        "coordinates": [
          -72.263375,
          44.606708
        ]
      }
    },
    {
      "type": "Feature",
      "properties": {
        "Brewery Name": "Holy Mountain Brewing",
        "Beers Rated": 1,
        "My Rating": 4.75,
        "Global Rating": 4.42219,
        "Avg Diff": 0.3278100000000004,
        "description": "Holy Mountain is a brewery and taproom located in the Interbay neighborhood of Seattle. Founders Colin Lenfesty & Mike Murphy met while working together at a local Seattle brewery and found common ground in their shared interest in oak-inspired beers. \r\n\r\nAfter 3 years of planning and recipe development, the guys signed a lease on a 10,000SF building in early 2014 and began production in September 2014.\r\n\r\nThe influence of oak has been a central thread of Holy Mountain since day one and a sizable building near the Seattle waterfront has allowed the team to build a vast stock of oak barrels, puncheons and foudres used for both primary fermentation as well as long-term aging. The proximity of the brewery to the Yakima Valley also allows Holy Mountain to utilize hops from the best producers in the world, exploring the relationship between hop, oak and mixed fermentation.\r\n\r\nHoly Mountain doesn't offer any year-round beers, which creates an ever changing lineup in the brewery taproom. In addition to oak-influenced beers, Holy Mountain also offers a wise range of rotating hop-forward, stainless fermented ales and lagers.",
        "image_url": "https://assets.untappd.com/site/brewery_logos/brewery-161632_c21c8.jpeg",
        "ratingValue": 4.114,
        "bestRating": 5,
        "reviewCount": 308280,
        "streetAddress": "1421 Elliott Ave W",
        "addressLocality": "Seattle",
        "addressRegion": "WA",
        "telephone": "",
        "warningservesCuisine": "",
        "full_address": "1421 Elliott Ave W, Seattle, WA",
        "Latitude": 47.630807,
        "Longitude": -122.374571,
        "City": "Seattle",
        "State": "WA",
        "Country": "United States",
        "VORB": null
      },
      "geometry": {
        "type": "Point",
        "coordinates": [
          -122.374571,
          47.630807
        ]
      }
    },
    {
      "type": "Feature",
      "properties": {
        "Brewery Name": "Hop Butcher For The World",
        "Geocoding Status": "pending",
        "description": "",
        "image_url": "https://assets.untappd.com/site/brewery_logos_hd/brewery-23570_3ce55_hd.jpeg",
        "ratingValue": 4.139,
        "bestRating": 5,
        "reviewCount": 1198389,
        "streetAddress": "4257 North Lincoln Avenue",
        "addressLocality": "Chicago",
        "addressRegion": "IL",
        "telephone": "",
        "warningservesCuisine": "",
        "full_address": "4257 North Lincoln Avenue, Chicago, IL",
        "City": "Chicago",
        "State": "IL",
        "Brewery URL": "https://untappd.com/HopButcher",
        "Beers Rated": 1,
        "My Rating": 3.5,
        "Global Rating": 3.97664,
        "Avg Diff": -0.4766400000000002,
        "VORB": null
      },
      "geometry": null
    },
    {
      "type": "Feature",
      "properties": {
        "Brewery Name": "Hoptimystic Brewing",
        "Beers Rated": 1,
        "My Rating": 3.75,
        "Global Rating": 3.6381,
        "Avg Diff": 0.11189999999999989,
        "description": "Visit us at one of our locations.  We have two locations that are open year round, Enfield and Sunapee New Hampshire.  A Third location in Bow, NH (Seasonal) is NOW OPEN!",
        "image_url": "https://assets.untappd.com/site/brewery_logos_hd/brewery-464668_f8439_hd.jpeg",
        "ratingValue": 3.815,
        "bestRating": 5,
        "reviewCount": 3158,
        "streetAddress": "31 River Rd",
        "addressLocality": "Sunapee",
        "addressRegion": "NH",
        "telephone": "",
        "warningservesCuisine": "",
        "full_address": "31 River Rd, Sunapee, NH",
        "Latitude": 43.499441,
        "Longitude": -72.031312,
        "City": "Sunapee",
        "State": "NH",
        "Country": "United States",
        "VORB": null
      },
      "geometry": {
        "type": "Point",
        "coordinates": [
          -72.031312,
          43.499441
        ]
      }
    },
    {
      "type": "Feature",
      "properties": {
        "Brewery Name": "Hubbard’s Cave",
        "Beers Rated": 1,
        "My Rating": 3.0,
        "Global Rating": 4.05898,
        "Avg Diff": -1.05898,
        "description": "Chicago brewery focused on Stouts & IPA's",
        "image_url": "https://assets.untappd.com/site/brewery_logos/brewery-217054_5a1f0.jpeg",
        "ratingValue": 4.08,
        "bestRating": 5,
        "reviewCount": 346006,
        "streetAddress": "6343 W Gross Point Rd",
        "addressLocality": "Niles",
        "addressRegion": "IL",
        "telephone": "",
        "warningservesCuisine": "",
        "full_address": "6343 W Gross Point Rd, Niles, IL",
        "Latitude": 42.014472,
        "Longitude": -87.785221,
        "City": "Niles",
        "State": "IL",
        "Country": "United States",
        "VORB": null,
        "Brewery URL": "https://untappd.com/HubbardsCave"
      },
      "geometry": {
        "type": "Point",
        "coordinates": [
          -87.785221,
          42.014472
        ]
      }
    },
    {
      "type": "Feature",
      "properties": {
        "Brewery Name": "Hudson Valley Brewery",
        "Beers Rated": 1,
        "My Rating": 4.25,
        "Global Rating": 4.37375,
        "Avg Diff": -0.12375000000000025,
        "description": "",
        "image_url": "https://assets.untappd.com/site/brewery_logos_hd/brewery-169038_2ae24_hd.jpeg",
        "ratingValue": 4.193,
        "bestRating": 5,
        "reviewCount": 538663,
        "streetAddress": "7 E Main St",
        "addressLocality": "Beacon",
        "addressRegion": "NY",
        "telephone": "",
        "warningservesCuisine": "",
        "full_address": "7 E Main St, Beacon, NY",
        "Latitude": 41.501755,
        "Longitude": -73.963011,
        "City": "Beacon",
        "State": "NY",
        "Country": "United States",
        "VORB": null
      },
      "geometry": {
        "type": "Point",
        "coordinates": [
          -73.963011,
          41.501755
        ]
      }
    },
    {
      "type": "Feature",
      "properties": {
        "Brewery Name": "Human Robot",
        "Beers Rated": 7,
        "My Rating": 4.321428571428571,
        "Global Rating": 4.031645714285714,
        "Avg Diff": 0.2897828571428569,
        "description": "",
        "image_url": "https://assets.untappd.com/site/brewery_logos_hd/brewery-455967_48a86_hd.jpeg",
        "ratingValue": 4.047,
        "bestRating": 5,
        "reviewCount": 118783,
        "streetAddress": "1710 N 5th St",
        "addressLocality": "Philadelphia",
        "addressRegion": "PA",
        "telephone": "",
        "warningservesCuisine": "",
        "full_address": "1710 N 5th St, Philadelphia, PA",
        "Latitude": 39.977318,
        "Longitude": -75.143614,
        "City": "Philadelphia",
        "State": "PA",
        "Country": "United States",
        "VORB": 61.89862542955326
      },
      "geometry": {
        "type": "Point",
        "coordinates": [
          -75.143614,
          39.977318
        ]
      }
    },
    {
      "type": "Feature",
      "properties": {
        "Brewery Name": "Ichnusa",
        "Beers Rated": 1,
        "My Rating": 3.75,
        "Global Rating": 3.0148,
        "Avg Diff": 0.7351999999999999,
        "description": "",
        "image_url": "https://assets.untappd.com/site/brewery_logos/brewery-Ichnusa_8356.jpeg",
        "ratingValue": 3.164,
        "bestRating": 5,
        "reviewCount": 252732,
        "streetAddress": "Str. Consortile Macchiareddu",
        "addressLocality": "Località Macchiareddu-Grogastu I Italy",
        "addressRegion": "Sardegna",
        "telephone": "",
        "warningservesCuisine": "",
        "full_address": "Str. Consortile Macchiareddu, Località Macchiareddu-Grogastu I Italy, Sardegna",
        "Latitude": 39.21540833,
        "Longitude": 9.1093235,
        "City": "Località Macchiareddu-Grogastu I Italy",
        "State": "Sardegna",
        "Country": "Italy",
        "VORB": null
      },
      "geometry": {
        "type": "Point",
        "coordinates": [
          9.1093235,
          39.21540833
        ]
      }
    },
    {
      "type": "Feature",
      "properties": {
        "Brewery Name": "Jack’s Abby Craft Lagers",
        "Geocoding Status": "pending",
        "description": "Jack’s Abby is a family-owned craft brewery in Framingham, MA, brewing craft lagers with traditional German standards and American innovation.",
        "image_url": "https://assets.untappd.com/site/brewery_logos/brewery-14088_b7757.jpeg",
        "ratingValue": 3.768,
        "bestRating": 5,
        "reviewCount": 787596,
        "streetAddress": "100 Clinton St.",
        "addressLocality": "Framingham",
        "addressRegion": "MA",
        "telephone": "",
        "warningservesCuisine": "",
        "full_address": "100 Clinton St., Framingham, MA",
        "City": "Framingham",
        "State": "MA",
        "Brewery URL": "https://untappd.com/JacksAbbyBrewing",
        "Beers Rated": 2,
        "My Rating": 3.875,
        "Global Rating": 3.78973,
        "Avg Diff": 0.08526999999999996,
        "VORB": null
      },
      "geometry": null
    },
    {
      "type": "Feature",
      "properties": {
        "Brewery Name": "Juicy Brewing Co",
        "Geocoding Status": "pending",
        "description": "Beer conceived vibrant.\r\nHazy IPAs, smoothie sours and traditional styles.",
        "image_url": "https://assets.untappd.com/site/brewery_logos/brewery-500952_9f40d.jpeg",
        "ratingValue": 4.169,
        "bestRating": 5,
        "reviewCount": 39388,
        "streetAddress": "257 Sunset Park Drive",
        "addressLocality": "Herndon",
        "addressRegion": "VA",
        "telephone": "",
        "warningservesCuisine": "",
        "full_address": "257 Sunset Park Drive, Herndon, VA",
        "City": "Herndon",
        "State": "VA",
        "Brewery URL": "https://untappd.com/JuicyBrewingCo",
        "Beers Rated": 1,
        "My Rating": 4.25,
        "Global Rating": 4.03696,
        "Avg Diff": 0.21304000000000034,
        "VORB": null
      },
      "geometry": null
    },
    {
      "type": "Feature",
      "properties": {
        "Brewery Name": "Kettlehead Brewing",
        "Beers Rated": 8,
        "My Rating": 3.90625,
        "Global Rating": 4.0622,
        "Avg Diff": -0.1559499999999998,
        "description": "",
        "image_url": "https://assets.untappd.com/site/brewery_logos_hd/brewery-347669_8a64b_hd.jpeg",
        "ratingValue": 4.016,
        "bestRating": 5,
        "reviewCount": 153713,
        "streetAddress": "407 W Main St",
        "addressLocality": "Tilton",
        "addressRegion": "NH",
        "telephone": "",
        "warningservesCuisine": "",
        "full_address": "407 W Main St, Tilton, NH",
        "Latitude": 43.442689,
        "Longitude": -71.600877,
        "City": "Tilton",
        "State": "NH",
        "Country": "United States",
        "VORB": 6.541482572410384
      },
      "geometry": {
        "type": "Point",
        "coordinates": [
          -71.600877,
          43.442689
        ]
      }
    },
    {
      "type": "Feature",
      "properties": {
        "Brewery Name": "Kings & Daughters Brewery",
        "Beers Rated": 1,
        "My Rating": 4.0,
        "Global Rating": 3.88125,
        "Avg Diff": 0.11874999999999991,
        "description": "Kings & Daughters Brewery is owned by husband and wife team, Kyle and Kacie. It is inspired by their time living abroad with a focus on making unique, high quality beers that will enrich and enhance the craft beer experiences of it’s consumers.",
        "image_url": "https://assets.untappd.com/site/brewery_logos_hd/brewery-441106_53060_hd.jpeg",
        "ratingValue": 4.012,
        "bestRating": 5,
        "reviewCount": 27905,
        "streetAddress": "2917 Montello Place",
        "addressLocality": "Hood River",
        "addressRegion": "OR",
        "telephone": "",
        "warningservesCuisine": "",
        "full_address": "2917 Montello Place, Hood River, OR",
        "Latitude": 45.705054,
        "Longitude": -121.543109,
        "City": "Hood River",
        "State": "OR",
        "Country": "United States",
        "VORB": null
      },
      "geometry": {
        "type": "Point",
        "coordinates": [
          -121.543109,
          45.705054
        ]
      }
    },
    {
      "type": "Feature",
      "properties": {
        "Brewery Name": "LIC Beer Project",
        "Beers Rated": 1,
        "My Rating": 4.0,
        "Global Rating": 3.91107,
        "Avg Diff": 0.08892999999999995,
        "description": "LIC Beer Project is a collaborative journey of insight, experience, travel, education, and the goal to achieve a beer we have yet to discover. Here at LIC Beer Project we will assert integrity of purpose and imaginative vision against the slaves of the ordinary. Join the odyssey……",
        "image_url": "https://assets.untappd.com/site/brewery_logos_hd/brewery-201804_2bc49_hd.jpeg",
        "ratingValue": 3.976,
        "bestRating": 5,
        "reviewCount": 232340,
        "streetAddress": "39-28 23rd Street",
        "addressLocality": "Long Island City",
        "addressRegion": "NY",
        "telephone": "",
        "warningservesCuisine": "",
        "full_address": "39-28 23rd Street, Long Island City, NY",
        "Latitude": 40.754943,
        "Longitude": -73.939222,
        "City": "Long Island City",
        "State": "NY",
        "Country": "United States",
        "VORB": null
      },
      "geometry": {
        "type": "Point",
        "coordinates": [
          -73.939222,
          40.754943
        ]
      }
    },
    {
      "type": "Feature",
      "properties": {
        "Brewery Name": "Lamplighter Brewing Co.",
        "Beers Rated": 1,
        "My Rating": 4.0,
        "Global Rating": 3.96114,
        "Avg Diff": 0.03886000000000012,
        "description": "We are a brewery and taproom located in downtown Cambridge. Our focus is on aroma-packed and flavor-driven beers, with an emphasis on New England IPAs, barrel-aged sours, and special seasonals. We brew a variety of one-off batches that allow us to pursue our various whims, and we don’t shy away from funk, twists on tradition, and unique ingredients.\r\n\r\nLove sour and barrel-aged beers? Join the Luminary Society: lamplighterbrewing.com/luminary",
        "image_url": "https://assets.untappd.com/site/brewery_logos_hd/brewery-229710_dc7ab_hd.jpeg",
        "ratingValue": 3.829,
        "bestRating": 5,
        "reviewCount": 225134,
        "streetAddress": "284 Broadway",
        "addressLocality": "Cambridge",
        "addressRegion": "MA",
        "telephone": "",
        "warningservesCuisine": "",
        "full_address": "284 Broadway, Cambridge, MA",
        "Latitude": 42.367861,
        "Longitude": -71.097927,
        "City": "Cambridge",
        "State": "MA",
        "Country": "United States",
        "VORB": null
      },
      "geometry": {
        "type": "Point",
        "coordinates": [
          -71.097927,
          42.367861
        ]
      }
    },
    {
      "type": "Feature",
      "properties": {
        "Brewery Name": "Lawson’s Finest Liquids",
        "Beers Rated": 7,
        "My Rating": 4.178571428571429,
        "Global Rating": 4.079044285714286,
        "Avg Diff": 0.09952714285714315,
        "description": "Lawson’s Finest Liquids is a B Corp certified brewery and taproom located in Waitsfield, VT. We craft and deliver the finest and freshest beer possible to delight our fans and to cultivate healthy, vibrant communities.",
        "image_url": "https://assets.untappd.com/site/brewery_logos_hd/brewery-3758_8ca25_hd.jpeg",
        "ratingValue": 4.091,
        "bestRating": 5,
        "reviewCount": 756490,
        "streetAddress": "155 Carroll Road",
        "addressLocality": "Waitsfield",
        "addressRegion": "VT",
        "telephone": "",
        "warningservesCuisine": "",
        "full_address": "155 Carroll Road, Waitsfield, VT",
        "Latitude": 44.187885,
        "Longitude": -72.835235,
        "City": "Waitsfield",
        "State": "VT",
        "Country": "United States",
        "VORB": 53.56529209621988,
        "Brewery URL": "https://untappd.com/LawsonsFinestLiquids"
      },
      "geometry": {
        "type": "Point",
        "coordinates": [
          -72.835235,
          44.187885
        ]
      }
    },
    {
      "type": "Feature",
      "properties": {
        "Brewery Name": "Legend Brewing Company",
        "Geocoding Status": "pending",
        "description": "Legend Brewing Company is a commercial microbrewery providing true premium beers to many of the best pubs and restaurants in Richmond and other areas of Virginia since January, 1994. Our mission is to bring to our customers the finest and freshest brews as flavorful alternatives to mass-marketed mainstream products. We're one of the few craft breweries in this region producing both lagers and ales, which require different yeasts and maturation conditions. All Legend beers are unpasteurized and made from only two-row and specialty barley malt, hops, water and yeast.",
        "image_url": "https://assets.untappd.com/site/brewery_logos_hd/brewery-1483_a549e_hd.jpeg",
        "ratingValue": 3.605,
        "bestRating": 5,
        "reviewCount": 109429,
        "streetAddress": "321 W 7th St",
        "addressLocality": "Richmond",
        "addressRegion": "VA",
        "telephone": "",
        "warningservesCuisine": "",
        "full_address": "321 W 7th St, Richmond, VA",
        "City": "Richmond",
        "State": "VA",
        "Brewery URL": "https://untappd.com/LegendBrewingCo",
        "Beers Rated": 1,
        "My Rating": 4.0,
        "Global Rating": 3.66073,
        "Avg Diff": 0.33926999999999996,
        "VORB": null
      },
      "geometry": null
    },
    {
      "type": "Feature",
      "properties": {
        "Brewery Name": "Long Bay Brewing",
        "Beers Rated": 1,
        "My Rating": 3.5,
        "Global Rating": 3.44872,
        "Avg Diff": 0.051280000000000214,
        "description": "",
        "image_url": "https://assets.untappd.com/site/assets/images/temp/badge-brewery-default.png",
        "ratingValue": 3.483,
        "bestRating": 5,
        "reviewCount": 936,
        "streetAddress": "Pares Village Main Rd",
        "addressLocality": "Pares Antigua and Barbuda",
        "addressRegion": "Saint Peter",
        "telephone": "",
        "warningservesCuisine": "",
        "full_address": "Pares Village Main Rd, Pares Antigua and Barbuda, Saint Peter",
        "Latitude": 17.0865532,
        "Longitude": -61.75282815,
        "City": "Pares Antigua and Barbuda",
        "State": "Saint Peter",
        "Country": "Antigua and Barbuda",
        "VORB": null
      },
      "geometry": {
        "type": "Point",
        "coordinates": [
          -61.75282815,
          17.0865532
        ]
      }
    },
    {
      "type": "Feature",
      "properties": {
        "Brewery Name": "Long Live Beerworks",
        "Beers Rated": 1,
        "My Rating": 3.25,
        "Global Rating": 4.20274,
        "Avg Diff": -0.9527400000000004,
        "description": "Independent Providence-based brewery focusing on IPAs, sours + stouts.",
        "image_url": "https://assets.untappd.com/site/brewery_logos/brewery-246374_e16e1.jpeg",
        "ratingValue": 4.173,
        "bestRating": 5,
        "reviewCount": 314656,
        "streetAddress": "40R Sprague Street",
        "addressLocality": "Providence",
        "addressRegion": "RI",
        "telephone": "",
        "warningservesCuisine": "",
        "full_address": "40R Sprague Street, Providence, RI",
        "Latitude": 41.81733648,
        "Longitude": -71.4049974,
        "City": "Providence",
        "State": "RI",
        "Country": "United States",
        "VORB": null
      },
      "geometry": {
        "type": "Point",
        "coordinates": [
          -71.4049974,
          41.81733648
        ]
      }
    },
    {
      "type": "Feature",
      "properties": {
        "Brewery Name": "Lost Generation Brewing Company",
        "Geocoding Status": "pending",
        "description": "Beer drives us. It unites us. We painstakingly choose the best hop lots to make IPA that inspires, take time and care with our lagers to make sure they will amaze, and hand pick our aging program barrels to ensure that what comes out will always impress. We believe that if you’re going to do it, do it right and do it well. And that’s because we make beer for people we love: family, friends, neighbors, and even those who are just goddamned thirsty. \r\n\r\nIn here we believe that each pour is an invitation to be one of us. As Gertrude Stein once said, “You are all a Lost Generation.” In here we hold that to be true. We are all one and the same, so let’s raise a glass and have a beer together.",
        "image_url": "https://assets.untappd.com/site/brewery_logos/brewery-530401_7058b.jpeg",
        "ratingValue": 3.934,
        "bestRating": 5,
        "reviewCount": 23851,
        "streetAddress": "327 S St NE, DC, USA",
        "addressLocality": "Washington",
        "addressRegion": "DC",
        "telephone": "",
        "warningservesCuisine": "",
        "full_address": "327 S St NE, DC, USA, Washington, DC",
        "City": "Washington",
        "State": "DC",
        "Brewery URL": "https://untappd.com/LostGeneration",
        "Beers Rated": 4,
        "My Rating": 3.8125,
        "Global Rating": 3.93005,
        "Avg Diff": -0.11755000000000004,
        "VORB": -0.6013745704467333
      },
      "geometry": null
    },
    {
      "type": "Feature",
      "properties": {
        "Brewery Name": "Maine Beer Company",
        "Beers Rated": 2,
        "My Rating": 4.125,
        "Global Rating": 4.098134999999999,
        "Avg Diff": 0.026865000000000805,
        "description": "Doing good through great beer. 1% for the Planet business member since 2009.",
        "image_url": "https://assets.untappd.com/site/brewery_logos_hd/brewery-2874_27e4e_hd.jpeg",
        "ratingValue": 4.039,
        "bestRating": 5,
        "reviewCount": 1262199,
        "streetAddress": "525 US Route 1",
        "addressLocality": "Freeport",
        "addressRegion": "ME",
        "telephone": "",
        "warningservesCuisine": "",
        "full_address": "525 US Route 1, Freeport, ME",
        "Latitude": 43.839358,
        "Longitude": -70.121322,
        "City": "Freeport",
        "State": "ME",
        "Country": "United States",
        "VORB": null
      },
      "geometry": {
        "type": "Point",
        "coordinates": [
          -70.121322,
          43.839358
        ]
      }
    },
    {
      "type": "Feature",
      "properties": {
        "Brewery Name": "Maister Brewery",
        "Beers Rated": 1,
        "My Rating": 3.0,
        "Global Rating": 3.5818,
        "Avg Diff": -0.5817999999999999,
        "description": "",
        "image_url": "https://assets.untappd.com/site/brewery_logos_hd/brewery-198268_9be84_hd.jpeg",
        "ratingValue": 3.475,
        "bestRating": 5,
        "reviewCount": 17846,
        "streetAddress": "Usnjarska cesta 9",
        "addressLocality": "Kamnik Slovenia",
        "addressRegion": "Osrednjeslovenska",
        "telephone": "",
        "warningservesCuisine": "",
        "full_address": "Usnjarska cesta 9, Kamnik Slovenia, Osrednjeslovenska",
        "Latitude": 46.2231389,
        "Longitude": 14.6111666,
        "City": "Kamnik Slovenia",
        "State": "Osrednjeslovenska",
        "Country": "Slovenia",
        "VORB": null
      },
      "geometry": {
        "type": "Point",
        "coordinates": [
          14.6111666,
          46.2231389
        ]
      }
    },
    {
      "type": "Feature",
      "properties": {
        "Brewery Name": "Manor Hill Brewing",
        "Geocoding Status": "pending",
        "description": "Located on a scenic 54-acre working farm in Ellicott City, Manor Hill Farm is home to Manor Hill Brewing... Howard County's first, and Maryland's largest, farm brewery.\r\n\r\nThe farm is open to the public on Friday, Saturday, & Sunday. Private Events available 7 days/week.",
        "image_url": "https://assets.untappd.com/site/brewery_logos/brewery-191373_d299d.jpeg",
        "ratingValue": 3.785,
        "bestRating": 5,
        "reviewCount": 162797,
        "streetAddress": "4411 Manor Lane",
        "addressLocality": "Ellicott City",
        "addressRegion": "MD",
        "telephone": "",
        "warningservesCuisine": "",
        "full_address": "4411 Manor Lane, Ellicott City, MD",
        "City": "Ellicott City",
        "State": "MD",
        "Brewery URL": "https://untappd.com/ManorHillBrewing",
        "Beers Rated": 1,
        "My Rating": 3.75,
        "Global Rating": 3.52278,
        "Avg Diff": 0.22721999999999998,
        "VORB": null
      },
      "geometry": null
    },
    {
      "type": "Feature",
      "properties": {
        "Brewery Name": "Maplewood Brewing Company",
        "Geocoding Status": "pending",
        "description": "Proudly brewed in Chicago's Logan Square.",
        "image_url": "https://assets.untappd.com/site/brewery_logos_hd/brewery-60837_aa2e2_hd.jpeg",
        "ratingValue": 3.954,
        "bestRating": 5,
        "reviewCount": 516998,
        "streetAddress": "2717 N. Maplewood Ave.",
        "addressLocality": "Chicago",
        "addressRegion": "IL",
        "telephone": "",
        "warningservesCuisine": "",
        "full_address": "2717 N. Maplewood Ave., Chicago, IL",
        "City": "Chicago",
        "State": "IL",
        "Brewery URL": "https://untappd.com/Maplewood",
        "Beers Rated": 1,
        "My Rating": 3.0,
        "Global Rating": 3.99021,
        "Avg Diff": -0.9902099999999998,
        "VORB": null
      },
      "geometry": null
    },
    {
      "type": "Feature",
      "properties": {
        "Brewery Name": "Messorem",
        "Geocoding Status": "pending",
        "description": "Messorem is a craft brewery by the Lachine canal in the south-west of Montreal, Quebec, Canada.",
        "image_url": "https://assets.untappd.com/site/brewery_logos_hd/brewery-427314_4eb95_hd.jpeg",
        "ratingValue": 4.222,
        "bestRating": 5,
        "reviewCount": 542468,
        "streetAddress": "2233 Rue Pitt",
        "addressLocality": "Montreal Canada",
        "addressRegion": "QC",
        "telephone": "",
        "warningservesCuisine": "",
        "full_address": "2233 Rue Pitt, Montreal Canada, QC",
        "City": "Montreal Canada",
        "State": "QC",
        "Brewery URL": "https://untappd.com/MessoremBracitorium",
        "Beers Rated": 1,
        "My Rating": 4.25,
        "Global Rating": 4.24274,
        "Avg Diff": 0.0072599999999996,
        "VORB": null
      },
      "geometry": null
    },
    {
      "type": "Feature",
      "properties": {
        "Brewery Name": "Mikerphone Brewing",
        "Beers Rated": 2,
        "My Rating": 4.25,
        "Global Rating": 4.006349999999999,
        "Avg Diff": 0.2436500000000006,
        "description": "Craft Beer Inspired by Music located in Elk Grove Village, Illinois.",
        "image_url": "https://assets.untappd.com/site/brewery_logos_hd/brewery-13417_130a7_hd.jpeg",
        "ratingValue": 4.066,
        "bestRating": 5,
        "reviewCount": 610916,
        "streetAddress": "121 Garlisch Dr.",
        "addressLocality": "Elk Grove Village",
        "addressRegion": "IL",
        "telephone": "",
        "warningservesCuisine": "",
        "full_address": "121 Garlisch Dr., Elk Grove Village, IL",
        "Latitude": 42.029737,
        "Longitude": -87.967473,
        "City": "Elk Grove Village",
        "State": "IL",
        "Country": "United States",
        "VORB": null
      },
      "geometry": {
        "type": "Point",
        "coordinates": [
          -87.967473,
          42.029737
        ]
      }
    },
    {
      "type": "Feature",
      "properties": {
        "Brewery Name": "Miller Brewing Company",
        "Beers Rated": 2,
        "My Rating": 3.375,
        "Global Rating": 2.6716499999999996,
        "Avg Diff": 0.7033500000000004,
        "description": "Miller Brewing Company, originating over 160 years ago, brought uncompromising quality and taste to the brewing industry. Our Milwaukee Brewery is the longest standing, large-scale brewery in the United States.  Feel our pride when you arrive in Miller Valley.",
        "image_url": "https://assets.untappd.com/site/brewery_logos_hd/brewery-863_65646_hd.jpeg",
        "ratingValue": 2.59,
        "bestRating": 5,
        "reviewCount": 1107670,
        "streetAddress": "4251 W State St",
        "addressLocality": "Milwaukee",
        "addressRegion": "WI",
        "telephone": "",
        "warningservesCuisine": "",
        "full_address": "4251 W State St, Milwaukee, WI",
        "Latitude": 43.042132,
        "Longitude": -87.96783,
        "City": "Milwaukee",
        "State": "WI",
        "Country": "United States",
        "VORB": null
      },
      "geometry": {
        "type": "Point",
        "coordinates": [
          -87.96783,
          43.042132
        ]
      }
    },
    {
      "type": "Feature",
      "properties": {
        "Brewery Name": "MoMac Brewing Company",
        "Beers Rated": 1,
        "My Rating": 3.75,
        "Global Rating": 3.77543,
        "Avg Diff": -0.025430000000000064,
        "description": "What does passion mean to you? For us, it’s an obsession.\r\n\r\nEver since we brewed our very first batch, our mission has been pretty simple: create the perfect beer. We’ve spent years tweaking and refining our recipes – a little less malt, a few more hops, experiment with different yeast strains. In the early days, our commitment was so intense that our wives and neighbors thought we might be doing something illegal.\r\n\r\nWe’re less suspicious about it now, but no less driven to make the best beer possible. MoMac brews a high quality beer that is as well-balanced as it is approachable. Our first taste testers were our friends and family, and they run the gamut from beer lovers like us to curious folks who are interested in something new. We won over all of them, and we know we’ll win you over too.\r\n\r\nMoMac is by the community, for the community. We started brewing in a Chesapeake garage, and are proud to give Western Hampton Roads a brewery of its own. It’s more than beer for us; we want to be a place where the whole neighborhood can have fun. That’s why we’ve got a huge bar, comfortable indoor and outdoor seating, a private party area, weekend shows featuring killer musicians, visits from the best food trucks in town, and – yes – even a place for the kids to play.\r\n\r\nCome visit us at MoMac for a cold beer and a great time. We can’t wait to share our passion with you.",
        "image_url": "https://assets.untappd.com/site/brewery_logos_hd/brewery-349476_44b9b_hd.jpeg",
        "ratingValue": 3.696,
        "bestRating": 5,
        "reviewCount": 24832,
        "streetAddress": "3228 Academy Ave",
        "addressLocality": "Portsmouth",
        "addressRegion": "VA",
        "telephone": "",
        "warningservesCuisine": "",
        "full_address": "3228 Academy Ave, Portsmouth, VA",
        "Latitude": 36.863273,
        "Longitude": -76.39829,
        "City": "Portsmouth",
        "State": "VA",
        "Country": "United States",
        "VORB": null
      },
      "geometry": {
        "type": "Point",
        "coordinates": [
          -76.39829,
          36.863273
        ]
      }
    },
    {
      "type": "Feature",
      "properties": {
        "Brewery Name": "Modestman Brewing",
        "Beers Rated": 1,
        "My Rating": 3.75,
        "Global Rating": 4.21227,
        "Avg Diff": -0.4622700000000002,
        "description": "",
        "image_url": "https://assets.untappd.com/site/brewery_logos_hd/brewery-448177_e1b95_hd.jpeg",
        "ratingValue": 4.152,
        "bestRating": 5,
        "reviewCount": 86303,
        "streetAddress": "100 Main St",
        "addressLocality": "Keene",
        "addressRegion": "NH",
        "telephone": "",
        "warningservesCuisine": "",
        "full_address": "100 Main St, Keene, NH",
        "Latitude": 42.931812,
        "Longitude": -72.277667,
        "City": "Keene",
        "State": "NH",
        "Country": "United States",
        "VORB": null,
        "Brewery URL": "https://untappd.com/Modestman_Brewing"
      },
      "geometry": {
        "type": "Point",
        "coordinates": [
          -72.277667,
          42.931812
        ]
      }
    },
    {
      "type": "Feature",
      "properties": {
        "Brewery Name": "Monkish Brewing Co.",
        "Geocoding Status": "pending",
        "description": "A small brewery & tasting room in Los Angeles (Torrance), California creating Belgian-ish and IPA-ish beers.",
        "image_url": "https://assets.untappd.com/site/brewery_logos/brewery-MonkishBrewingCo_21152.jpeg",
        "ratingValue": 4.302,
        "bestRating": 5,
        "reviewCount": 1281372,
        "streetAddress": "20311 S. Western Ave.",
        "addressLocality": "Torrance",
        "addressRegion": "CA",
        "telephone": "",
        "warningservesCuisine": "",
        "full_address": "20311 S. Western Ave., Torrance, CA",
        "City": "Torrance",
        "State": "CA",
        "Brewery URL": "https://untappd.com/monkishbrewing",
        "Beers Rated": 1,
        "My Rating": 4.5,
        "Global Rating": 4.21918,
        "Avg Diff": 0.2808200000000003,
        "VORB": null
      },
      "geometry": null
    },
    {
      "type": "Feature",
      "properties": {
        "Brewery Name": "Mortalis Brewing Company",
        "Beers Rated": 1,
        "My Rating": 4.0,
        "Global Rating": 4.35422,
        "Avg Diff": -0.35421999999999976,
        "description": "We believe that beer is about human connection.\r\n\r\nA connection that we are all mortals in this realm with stories to tell, dreams to live, and beers to share.\r\n\r\nWe are all Mortalis",
        "image_url": "https://assets.untappd.com/site/brewery_logos_hd/brewery-332604_f9012_hd.jpeg",
        "ratingValue": 4.295,
        "bestRating": 5,
        "reviewCount": 663471,
        "streetAddress": "5660 Tec Dr",
        "addressLocality": "Avon",
        "addressRegion": "NY",
        "telephone": "",
        "warningservesCuisine": "",
        "full_address": "5660 Tec Dr, Avon, NY",
        "Latitude": 42.912329,
        "Longitude": -77.700843,
        "City": "Avon",
        "State": "NY",
        "Country": "United States",
        "VORB": null
      },
      "geometry": {
        "type": "Point",
        "coordinates": [
          -77.700843,
          42.912329
        ]
      }
    },
    {
      "type": "Feature",
      "properties": {
        "Brewery Name": "Motorworks Brewing",
        "Geocoding Status": "pending",
        "description": "Awarded the distinction of the #3 brewery nationwide at the 2021 U.S. Open Beer Championship, named “Best Large Brewery in Florida” at the 2017 Best Florida Beer Championship, and presented with over 100 championship medals since its opening in 2014, Motorworks Brewing is truly driven to excellence. Co-founded by Frank and Denise Tschida, Motorworks’ iconic flagship facility was built in 1923 and was once home to a Hudson Motors dealership—renowned for outstanding performance and innovative styling—in the late 40s and early 50s. The building’s automotive history, along with Frank’s Sprint Car/ASA background, inspired the Motorworks Brewing name. The Motorworks Brewing team strives to bring their own imaginative and innovative approach to brewing to honor their building’s storied past. Motorworks Brewing boasts two prime locations, one located at 1014 9th Street West in historic Downtown Bradenton, Florida, and one located at 131 N Orange Ave Suite 106 in downtown Orlando, Florida.",
        "image_url": "https://assets.untappd.com/site/brewery_logos/brewery-104761_7b460.jpeg",
        "ratingValue": 3.692,
        "bestRating": 5,
        "reviewCount": 148824,
        "streetAddress": "1014 9th St W",
        "addressLocality": "Bradenton",
        "addressRegion": "FL",
        "telephone": "",
        "warningservesCuisine": "",
        "full_address": "1014 9th St W, Bradenton, FL",
        "City": "Bradenton",
        "State": "FL",
        "Brewery URL": "https://untappd.com/MotorworksBrewing",
        "Beers Rated": 1,
        "My Rating": 3.5,
        "Global Rating": 3.74498,
        "Avg Diff": -0.24497999999999998,
        "VORB": null
      },
      "geometry": null
    },
    {
      "type": "Feature",
      "properties": {
        "Brewery Name": "New Realm Brewing Co.",
        "Beers Rated": 5,
        "My Rating": 3.45,
        "Global Rating": 3.7214959999999997,
        "Avg Diff": -0.2714959999999995,
        "description": "Here, we believe in a New Realm of thinking, doing and most importantly brewing. We ask questions. Rethink tradition. Bend the rules. Reconfigure boundaries. What we do next all comes down to one simple pursuit: to never become stale in any sense or style.",
        "image_url": "https://assets.untappd.com/site/brewery_logos_hd/brewery-373093_9cff3_hd.jpeg",
        "ratingValue": 3.735,
        "bestRating": 5,
        "reviewCount": 284471,
        "streetAddress": "550 Somerset Terrace",
        "addressLocality": "Atlanta",
        "addressRegion": "GA",
        "telephone": "",
        "warningservesCuisine": "",
        "full_address": "550 Somerset Terrace, Atlanta, GA",
        "Latitude": 33.769,
        "Longitude": -84.361594,
        "City": "Atlanta",
        "State": "GA",
        "Country": "United States",
        "VORB": -31.851374570446733
      },
      "geometry": {
        "type": "Point",
        "coordinates": [
          -84.361594,
          33.769
        ]
      }
    },
    {
      "type": "Feature",
      "properties": {
        "Brewery Name": "New Trail Brewing Co.",
        "Beers Rated": 1,
        "My Rating": 3.0,
        "Global Rating": 3.86644,
        "Avg Diff": -0.8664399999999999,
        "description": "We love the outdoors and we love beer. At New Trail Brewing we encourage our friends and neighbors to spend more quality time outdoors experiencing the natural environment around us.\r\n\r\nWe are woodsy types – hikers and bikers, paddlers and kayakers, birdwatchers and stargazers. We are beer enthusiasts. We love beer, and we believe great beer makes life’s experiences taste even better. That’s why we started New Trail Brewing Company, to make great beer for everyone to enjoy when you dare to explore new places, do new things, take new trails, and have truly memorable adventures.\r\nWe preserve the great outdoors and enhance the experience of getting out there. New Trail brewing company is committed to preserving the wild wonders of Pennsylvania. We connect with a wide range of people and organizations in our area dedicated to elevating the quality of, and access to, our region’s outdoor resources including local trails, PA Trail Dogs and more. Our brewery culture seeks to facilitate meaningful relationships between our neighbors and our natural heritage.\r\n\r\nWe feel there is a creative connection between nature and beer. That’s why we brew fresh, great tasting, locally made beer for people active in outdoor recreation, and why we strive to manage our beer making process to have the least impact on our resources.\r\n\r\nWe want to help people get out in the natural universe. It’s good for them, for our community and for the outdoors.\r\n\r\nWe hope you’ll join us.",
        "image_url": "https://assets.untappd.com/site/brewery_logos_hd/brewery-382444_3c090_hd.jpeg",
        "ratingValue": 3.946,
        "bestRating": 5,
        "reviewCount": 887181,
        "streetAddress": "240 Arch St",
        "addressLocality": "Williamsport",
        "addressRegion": "PA",
        "telephone": "",
        "warningservesCuisine": "",
        "full_address": "240 Arch St, Williamsport, PA",
        "Latitude": 41.231496,
        "Longitude": -77.045098,
        "City": "Williamsport",
        "State": "PA",
        "Country": "United States",
        "VORB": null
      },
      "geometry": {
        "type": "Point",
        "coordinates": [
          -77.045098,
          41.231496
        ]
      }
    },
    {
      "type": "Feature",
      "properties": {
        "Brewery Name": "Night Shift Brewing",
        "Beers Rated": 3,
        "My Rating": 3.5833333333333335,
        "Global Rating": 3.8519633333333334,
        "Avg Diff": -0.2686299999999999,
        "description": "Night Shift Brewing was founded in 2012 by a trio of friends with a shared passion for nocturnal homebrewing. Through culinary inspiration and determined innovation, we aim to create memorable craft beers that offer a wide array of unique, complex flavors.",
        "image_url": "https://assets.untappd.com/site/brewery_logos_hd/brewery-20827_9c3db_hd.jpeg",
        "ratingValue": 3.857,
        "bestRating": 5,
        "reviewCount": 976799,
        "streetAddress": "87 Santilli Hwy",
        "addressLocality": "Everett",
        "addressRegion": "MA",
        "telephone": "",
        "warningservesCuisine": "",
        "full_address": "87 Santilli Hwy, Everett, MA",
        "Latitude": 42.406211,
        "Longitude": -71.067835,
        "City": "Everett",
        "State": "MA",
        "Country": "United States",
        "VORB": -13.101374570446733
      },
      "geometry": {
        "type": "Point",
        "coordinates": [
          -71.067835,
          42.406211
        ]
      }
    },
    {
      "type": "Feature",
      "properties": {
        "Brewery Name": "Nighthawk Brewery & Pizza",
        "Beers Rated": 1,
        "My Rating": 3.75,
        "Global Rating": 3.85685,
        "Avg Diff": -0.10685000000000011,
        "description": "Arlington's newest brewery conveniently located in Pentagon Row, Nighthawk is an independent craft brewery and pizzeria inspired by 90's nostalgia.  A collaborative effort between Michelin star Chef Johnny Spero, the owners of Aslin Beer Co. Andrew Kelley and Kai Leszkowicz, and Arlington entrepreneur Scott Parker, Nighthawk is a fun, casual experience for craft beer lovers, corporate events, and family outings alike.",
        "image_url": "https://assets.untappd.com/site/brewery_logos_hd/brewery-518603_90f2e_hd.jpeg",
        "ratingValue": 3.698,
        "bestRating": 5,
        "reviewCount": 9329,
        "streetAddress": "1201 S Joyce St Suite C10",
        "addressLocality": "Arlington",
        "addressRegion": "VA",
        "telephone": "",
        "warningservesCuisine": "",
        "full_address": "1201 S Joyce St Suite C10, Arlington, VA",
        "Latitude": 38.863327,
        "Longitude": -77.062307,
        "City": "Arlington",
        "State": "VA",
        "Country": "United States",
        "VORB": null
      },
      "geometry": {
        "type": "Point",
        "coordinates": [
          -77.062307,
          38.863327
        ]
      }
    },
    {
      "type": "Feature",
      "properties": {
        "Brewery Name": "Nordwand Bräu",
        "Geocoding Status": "pending",
        "description": "",
        "image_url": "https://assets.untappd.com/site/assets/images/temp/badge-brewery-default.png",
        "ratingValue": 3.426,
        "bestRating": 5,
        "reviewCount": 5749,
        "streetAddress": "",
        "addressLocality": "Switzerland",
        "addressRegion": "",
        "telephone": "",
        "warningservesCuisine": "",
        "full_address": "Switzerland",
        "City": "Switzerland",
        "State": "",
        "Brewery URL": "https://untappd.com/w/nordwand-brau/229308",
        "Beers Rated": 1,
        "My Rating": 4.0,
        "Global Rating": 3.44816,
        "Avg Diff": 0.5518399999999999,
        "VORB": null
      },
      "geometry": null
    },
    {
      "type": "Feature",
      "properties": {
        "Brewery Name": "North Country Brewing Company",
        "Beers Rated": 1,
        "My Rating": 3.25,
        "Global Rating": 3.35485,
        "Avg Diff": -0.10484999999999989,
        "description": "Homegrown food and fun for the whole family.  North Country Brewing is famous not only for our hearty delicious fare and unique handcrafted brews, but also for intimate atmosphere and exceptional environment.",
        "image_url": "https://assets.untappd.com/site/brewery_logos/brewery-920_ccf68.jpeg",
        "ratingValue": 3.612,
        "bestRating": 5,
        "reviewCount": 172807,
        "streetAddress": "141 S Main St",
        "addressLocality": "Slippery Rock",
        "addressRegion": "PA",
        "telephone": "",
        "warningservesCuisine": "",
        "full_address": "141 S Main St, Slippery Rock, PA",
        "Latitude": 41.063748,
        "Longitude": -80.055631,
        "City": "Slippery Rock",
        "State": "PA",
        "Country": "United States",
        "VORB": null
      },
      "geometry": {
        "type": "Point",
        "coordinates": [
          -80.055631,
          41.063748
        ]
      }
    },
    {
      "type": "Feature",
      "properties": {
        "Brewery Name": "Occidental Brewing Co.",
        "Beers Rated": 1,
        "My Rating": 3.5,
        "Global Rating": 3.82247,
        "Avg Diff": -0.32247000000000003,
        "description": "Occidental Brewing Co. Handcrafting delicious beers in the continental tradition.",
        "image_url": "https://assets.untappd.com/site/brewery_logos_hd/brewery-12795_de57b_hd.jpeg",
        "ratingValue": 3.713,
        "bestRating": 5,
        "reviewCount": 42275,
        "streetAddress": "6635 N. Baltimore Ave.",
        "addressLocality": "Portland",
        "addressRegion": "OR",
        "telephone": "",
        "warningservesCuisine": "",
        "full_address": "6635 N. Baltimore Ave., Portland, OR",
        "Latitude": 45.58935,
        "Longitude": -122.761312,
        "City": "Portland",
        "State": "OR",
        "Country": "United States",
        "VORB": null
      },
      "geometry": {
        "type": "Point",
        "coordinates": [
          -122.761312,
          45.58935
        ]
      }
    },
    {
      "type": "Feature",
      "properties": {
        "Brewery Name": "Old Nation Brewing Co.",
        "Beers Rated": 1,
        "My Rating": 4.0,
        "Global Rating": 4.165,
        "Avg Diff": -0.16500000000000004,
        "description": "Located in the heart of Williamston, MI, our goal is simple; To brew the best beer possible.",
        "image_url": "https://assets.untappd.com/site/brewery_logos_hd/brewery-208038_42e4b_hd.jpeg",
        "ratingValue": 4.048,
        "bestRating": 5,
        "reviewCount": 516918,
        "streetAddress": "1500 W Grand River Ave",
        "addressLocality": "Williamston",
        "addressRegion": "MI",
        "telephone": "",
        "warningservesCuisine": "",
        "full_address": "1500 W Grand River Ave, Williamston, MI",
        "Latitude": 42.687506,
        "Longitude": -84.3033562,
        "City": "Williamston",
        "State": "MI",
        "Country": "United States",
        "VORB": null
      },
      "geometry": {
        "type": "Point",
        "coordinates": [
          -84.3033562,
          42.687506
        ]
      }
    },
    {
      "type": "Feature",
      "properties": {
        "Brewery Name": "Ology Brewing Co",
        "Beers Rated": 1,
        "My Rating": 4.0,
        "Global Rating": 3.94003,
        "Avg Diff": 0.05996999999999986,
        "description": "Ology’s journey began with the passion for craft beer. Growing up surrounded by science and experimentation, Nick Walker, Head Brewer, developed a keen interest in the world of sensory research, particularly in taste and smell. This fascination, combined with his love for creating food in the kitchen, sparked his venture into homebrewing, where he discovered his true passion for crafting exceptional beverages. In collaboration with his longtime friends, Paul Woodward and Brian Clark, Ology took its first steps in June 2017. Their shared enthusiasm for crafting fine liquors, coffee, and a diverse range of beers, from Hazy IPAs to BA stouts, lagers, fruited sours, and unique rums, laid the foundation for what Ology is today.",
        "image_url": "https://assets.untappd.com/site/brewery_logos/brewery-328707_f5d70.jpeg",
        "ratingValue": 4.003,
        "bestRating": 5,
        "reviewCount": 167734,
        "streetAddress": "118 E 6th Ave",
        "addressLocality": "Tallahassee",
        "addressRegion": "FL",
        "telephone": "",
        "warningservesCuisine": "",
        "full_address": "118 E 6th Ave, Tallahassee, FL",
        "Latitude": 30.456525,
        "Longitude": -84.281211,
        "City": "Tallahassee",
        "State": "FL",
        "Country": "United States",
        "VORB": null
      },
      "geometry": {
        "type": "Point",
        "coordinates": [
          -84.281211,
          30.456525
        ]
      }
    },
    {
      "type": "Feature",
      "properties": {
        "Brewery Name": "Olympic Brewery",
        "Beers Rated": 1,
        "My Rating": 3.5,
        "Global Rating": 3.10452,
        "Avg Diff": 0.39548000000000005,
        "description": "Olympic Brewery S.A. is a purely Greek and fast evolving company that was set up in January 2010. \r\n\r\nIt owns the lager FIX Hellas brand, the first and most historical Greek beer; the premium lager FIX Dark brand, which created a new category in the domestic market of dark beer and the premium wheat beer FIX Royale, which constitutes a high quality Hellenic proposal in the Weiss beer category. \r\n\r\nThe ultra-modern privately owned brew house of Olympic Brewery, where all the products are produced, is located in Ritsona area, in Evia.\r\nSince its establishment, Olympic Brewery has demonstrated that, alongside its investment program, it focuses on the development of the beer market in Greece, its great contribution to the national economy, the responsible investment on raw material and the support of the Greek farmers and producers. \r\n\r\nAt the same time, Olympic Brewery is an example of a healthy Greek business overseas as it exports its high quality and tasty Greek beer to several dynamic international markets.",
        "image_url": "https://assets.untappd.com/site/brewery_logos/brewery-3539_8c87b.jpeg",
        "ratingValue": 3.046,
        "bestRating": 5,
        "reviewCount": 511702,
        "streetAddress": "Elaion 59",
        "addressLocality": "Kifissia Greece",
        "addressRegion": "Αττική",
        "telephone": "",
        "warningservesCuisine": "",
        "full_address": "Elaion 59, Kifissia Greece, Αττική",
        "Latitude": 38.07139969,
        "Longitude": 23.80825996,
        "City": "Kifissia Greece",
        "State": "Αττική",
        "Country": "Greece",
        "VORB": null
      },
      "geometry": {
        "type": "Point",
        "coordinates": [
          23.80825996,
          38.07139969
        ]
      }
    },
    {
      "type": "Feature",
      "properties": {
        "Brewery Name": "Original Pattern Brewing Company",
        "Beers Rated": 1,
        "My Rating": 4.0,
        "Global Rating": 4.03522,
        "Avg Diff": -0.03521999999999981,
        "description": "10 Best New Breweries 2019 by USA Today! GABF and World Beer Cup Award Winning! Employee-owned. Oakland, California. Hazy IPAs, Lagers, Sours, and more.",
        "image_url": "https://assets.untappd.com/site/brewery_logos_hd/brewery-333511_69650_hd.jpeg",
        "ratingValue": 3.93,
        "bestRating": 5,
        "reviewCount": 142578,
        "streetAddress": "292 4th St",
        "addressLocality": "Oakland",
        "addressRegion": "CA",
        "telephone": "",
        "warningservesCuisine": "",
        "full_address": "292 4th St, Oakland, CA",
        "Latitude": 37.796131,
        "Longitude": -122.27143,
        "City": "Oakland",
        "State": "CA",
        "Country": "United States",
        "VORB": null
      },
      "geometry": {
        "type": "Point",
        "coordinates": [
          -122.27143,
          37.796131
        ]
      }
    },
    {
      "type": "Feature",
      "properties": {
        "Brewery Name": "Other Half Brewing Co.",
        "Beers Rated": 18,
        "My Rating": 3.986111111111111,
        "Global Rating": 4.174957777777778,
        "Avg Diff": -0.18884666666666705,
        "description": "In 2014, Sam Richardson, Matt Monahan and Andrew Burman founded Other Half Brewing Company, a local brewery in New York City with a simple mission: to create beers that they wanted to drink from a company that they wanted to be a part of.\r\n\r\nTheir vision was to build a passionate team that brewed great beers in the state of New York—done so with effort and thoughtfulness—to represent the “Other Half” of the industry.\r\n\r\nToday, Other Half craft beers in their Brooklyn brewery and are dedicated to collaborating with breweries both in New York as well as across the world in an effort to constantly move the industry forward while elevating the craft.\r\n\r\nThe Other Half team believes that local breweries play an important role in their communities which is why they partner with these other likeminded brewers and brands in local nabes across the country and the world—but always return to their home state of New York and their Brooklyn taproom.",
        "image_url": "https://assets.untappd.com/site/brewery_logos_hd/brewery-94785_ca64f_hd.jpeg",
        "ratingValue": 4.209,
        "bestRating": 5,
        "reviewCount": 5493000,
        "streetAddress": "195 Centre St",
        "addressLocality": "Brooklyn",
        "addressRegion": "NY",
        "telephone": "",
        "warningservesCuisine": "",
        "full_address": "195 Centre St, Brooklyn, NY",
        "Latitude": 40.70042249,
        "Longitude": -73.92916837,
        "City": "Brooklyn",
        "State": "NY",
        "Country": "United States",
        "VORB": 34.692743076612146
      },
      "geometry": {
        "type": "Point",
        "coordinates": [
          -73.92916837,
          40.70042249
        ]
      }
    },
    {
      "type": "Feature",
      "properties": {
        "Brewery Name": "Otherwise Brewing",
        "Beers Rated": 1,
        "My Rating": 3.25,
        "Global Rating": 3.53634,
        "Avg Diff": -0.28634000000000004,
        "description": "Naturally gluten-free beer made from ancient grains out of San Francisco, CA.\r\n\r\nFounded in the spirit of discovery, since 2019.\r\n\r\nWoman/Latina/Immigrant owned. Sustainably-brewed. Independent.",
        "image_url": "https://assets.untappd.com/site/brewery_logos_hd/brewery-489581_a9d82_hd.jpeg",
        "ratingValue": 3.524,
        "bestRating": 5,
        "reviewCount": 3769,
        "streetAddress": "1402 Grant Ave",
        "addressLocality": "San Francisco",
        "addressRegion": "CA",
        "telephone": "",
        "warningservesCuisine": "",
        "full_address": "1402 Grant Ave, San Francisco, CA",
        "Latitude": 37.79992,
        "Longitude": -122.407346,
        "City": "San Francisco",
        "State": "CA",
        "Country": "United States",
        "VORB": null
      },
      "geometry": {
        "type": "Point",
        "coordinates": [
          -122.407346,
          37.79992
        ]
      }
    },
    {
      "type": "Feature",
      "properties": {
        "Brewery Name": "Oxbow Brewing Company",
        "Geocoding Status": "pending",
        "description": "Oxbow is an American farmhouse brewery specializing in traditional Belgian-style ales with contemporary American influence. We brew small batches of beer in a renovated barn in rural Newcastle, Maine. Our beers can be found in fine bars and restaurants throughout Maine, Vermont, New York City, Philadelphia, Baltimore & Washington DC.",
        "image_url": "https://assets.untappd.com/site/brewery_logos/brewery-OxbowBrewery_10034.jpeg",
        "ratingValue": 3.858,
        "bestRating": 5,
        "reviewCount": 312320,
        "streetAddress": "274 Jones Woods Rd",
        "addressLocality": "Newcastle",
        "addressRegion": "ME",
        "telephone": "",
        "warningservesCuisine": "",
        "full_address": "274 Jones Woods Rd, Newcastle, ME",
        "City": "Newcastle",
        "State": "ME",
        "Brewery URL": "https://untappd.com/oxbowbeer",
        "Beers Rated": 4,
        "My Rating": 3.875,
        "Global Rating": 3.8505275,
        "Avg Diff": 0.024472499999999897,
        "VORB": 3.565292096219963
      },
      "geometry": null
    },
    {
      "type": "Feature",
      "properties": {
        "Brewery Name": "Pabst Brewing Company",
        "Beers Rated": 2,
        "My Rating": 3.75,
        "Global Rating": 2.937255,
        "Avg Diff": 0.812745,
        "description": "With over 30 beers in our portfolio, Pabst Brewing Company is the largest American-owned brewery. Since 1844, we’ve taken pride in brewing beers that have become iconic, cherished American brands. Brands that promote regional pride, and brands that express common bonds amongst people all over the world.\r\n\r\nTrust your good times to Pabst.",
        "image_url": "https://assets.untappd.com/site/brewery_logos_hd/brewery-963_6e1d9_hd.jpeg",
        "ratingValue": 2.961,
        "bestRating": 5,
        "reviewCount": 977796,
        "streetAddress": "110 E Houston St, San Antonio, TX 78205",
        "addressLocality": "San Antonio",
        "addressRegion": "TX",
        "telephone": "",
        "warningservesCuisine": "",
        "full_address": "110 E Houston St, San Antonio, TX 78205, San Antonio, TX",
        "Latitude": 29.42629,
        "Longitude": -98.493474,
        "City": "San Antonio",
        "State": "TX",
        "Country": "United States",
        "VORB": null
      },
      "geometry": {
        "type": "Point",
        "coordinates": [
          -98.493474,
          29.42629
        ]
      }
    },
    {
      "type": "Feature",
      "properties": {
        "Brewery Name": "Parish Brewing Co.",
        "Geocoding Status": "pending",
        "description": "A small brewery in Cajun country doing battle against boring tasteless swill.  Our brews wont make you better looking but they taste great.  Drink dat.",
        "image_url": "https://assets.untappd.com/site/brewery_logos/brewery-parishbrewingco_10253.jpeg",
        "ratingValue": 4.099,
        "bestRating": 5,
        "reviewCount": 657519,
        "streetAddress": "229 Jared Dr.",
        "addressLocality": "Broussard",
        "addressRegion": "LA",
        "telephone": "",
        "warningservesCuisine": "",
        "full_address": "229 Jared Dr., Broussard, LA",
        "City": "Broussard",
        "State": "LA",
        "Brewery URL": "https://untappd.com/parishbeer",
        "Beers Rated": 2,
        "My Rating": 4.125,
        "Global Rating": 4.27117,
        "Avg Diff": -0.1461699999999997,
        "VORB": null
      },
      "geometry": null
    },
    {
      "type": "Feature",
      "properties": {
        "Brewery Name": "Paulaner Brauerei",
        "Beers Rated": 1,
        "My Rating": 4.0,
        "Global Rating": 3.67098,
        "Avg Diff": 0.32901999999999987,
        "description": "Brewed in Munich, enjoyed all over the world!\r\n\r\nThe Paulaner brewery has stood for the finest Munich art of brewing since 1634 for many years. But Paulaner beer specialties are also well-known and highly-valued outside the beergardens of Munich and the state borders of Germany. Nowadays our beers are enjoyed in more than 70 countries worldwide. \r\n\r\nIt is important to know that each and every Paulaner beer, which is drunk anywhere in the world, was brewed in Munich in full accordance with the strictly applied Bavarian Purity Law. In this way, the Paulaner brewmasters, with their attention to detail and passion, guarantee that our high quality standards are maintained. Paulaner personifies Munich lifestyle and brings together beer fans and connoisseurs all over the world.",
        "image_url": "https://assets.untappd.com/site/brewery_logos_hd/brewery-972_6f0e8_hd.jpeg",
        "ratingValue": 3.551,
        "bestRating": 5,
        "reviewCount": 1609623,
        "streetAddress": "Mälzereistraße 31",
        "addressLocality": "Munich Germany",
        "addressRegion": "Bayern",
        "telephone": "",
        "warningservesCuisine": "",
        "full_address": "Mälzereistraße 31, Munich Germany, Bayern",
        "Latitude": 48.1766976,
        "Longitude": 11.436553,
        "City": "Munich Germany",
        "State": "Bayern",
        "Country": "Germany",
        "VORB": null
      },
      "geometry": {
        "type": "Point",
        "coordinates": [
          11.436553,
          48.1766976
        ]
      }
    },
    {
      "type": "Feature",
      "properties": {
        "Brewery Name": "Peak Organic Brewing Company",
        "Geocoding Status": "pending",
        "description": "Peak is a craft brewing company, dedicated to making delicious beer using local, artisan and organic ingredients.\r\n\r\nWith roots in home brewing back in the 90s, brewer Jon Cadoux set about combining his love for beer with an ethic for sustainability. Whenever possible, he would go out and find ingredients from local organic farmers for his homebrews.  It was a defining day when Jon discovered that you don’t need to sacrifice flavor for sustainability, but that better ingredients actually made the beer more delicious.",
        "image_url": "https://assets.untappd.com/site/brewery_logos_hd/brewery-1815_05b1f_hd.jpeg",
        "ratingValue": 3.553,
        "bestRating": 5,
        "reviewCount": 316223,
        "streetAddress": "110 Marginal Way # 802",
        "addressLocality": "Portland",
        "addressRegion": "ME",
        "telephone": "",
        "warningservesCuisine": "",
        "full_address": "110 Marginal Way # 802, Portland, ME",
        "City": "Portland",
        "State": "ME",
        "Brewery URL": "https://untappd.com/peakorganic",
        "Beers Rated": 1,
        "My Rating": 4.25,
        "Global Rating": 3.53859,
        "Avg Diff": 0.7114099999999999,
        "VORB": null
      },
      "geometry": null
    },
    {
      "type": "Feature",
      "properties": {
        "Brewery Name": "Perennial Artisan Ales",
        "Beers Rated": 2,
        "My Rating": 3.75,
        "Global Rating": 3.9793,
        "Avg Diff": -0.22929999999999984,
        "description": "Established in 2011, Perennial Artisan Ales is a small-batch microbrewery located at 8125 Michigan Avenue in St. Louis City. The 9,200-square-foot brewery includes a dedicated, temperature-controlled fermentation and barrel-aging cellar. Perennial also has a 3,200-square-foot tasting room, as well as a patio, onsite. We bottle about 25 different beers a year, focusing on Belgian-style ales, Imperial stouts, Berliner Weisses, and barrel-aged beers, utilizing local ingredients as much as possible.",
        "image_url": "https://assets.untappd.com/site/brewery_logos/brewery-PerennialArtisanAles_3533.jpeg",
        "ratingValue": 4.1,
        "bestRating": 5,
        "reviewCount": 1031920,
        "streetAddress": "8125 Michigan Ave, Ste 114",
        "addressLocality": "St Louis",
        "addressRegion": "MO",
        "telephone": "",
        "warningservesCuisine": "",
        "full_address": "8125 Michigan Ave, Ste 114, St Louis, MO",
        "Latitude": 38.545562,
        "Longitude": -90.265366,
        "City": "St Louis",
        "State": "MO",
        "Country": "United States",
        "VORB": null
      },
      "geometry": {
        "type": "Point",
        "coordinates": [
          -90.265366,
          38.545562
        ]
      }
    },
    {
      "type": "Feature",
      "properties": {
        "Brewery Name": "Pittsburgh Brewing Company",
        "Geocoding Status": "pending",
        "description": "Since 1861, Pittsburgh Brewing Company has always been committed to a few things: deep roots in the Pittsburgh community, strong tradition, innovation, and of course, brewing great beer. We've been at it for 160 years, and with every bottle we keep getting better.",
        "image_url": "https://assets.untappd.com/site/brewery_logos/brewery-7967_f2566.jpeg",
        "ratingValue": 3.056,
        "bestRating": 5,
        "reviewCount": 96402,
        "streetAddress": "150 Ferry St",
        "addressLocality": "Creighton",
        "addressRegion": "PA",
        "telephone": "",
        "warningservesCuisine": "",
        "full_address": "150 Ferry St, Creighton, PA",
        "City": "Creighton",
        "State": "PA",
        "Brewery URL": "https://untappd.com/PittsburghBrewingCompany",
        "Beers Rated": 1,
        "My Rating": 3.25,
        "Global Rating": 3.37595,
        "Avg Diff": -0.12595,
        "VORB": null
      },
      "geometry": null
    },
    {
      "type": "Feature",
      "properties": {
        "Brewery Name": "Port City Brewing",
        "Beers Rated": 10,
        "My Rating": 4.0,
        "Global Rating": 3.83124,
        "Avg Diff": 0.1687599999999998,
        "description": "Since 2011, Port City Brewing Company has been brewing award-winning craft beer. We are a reliable and innovative brewery of delicious, well-balanced beers which are true to style and celebrate their raw ingredients.",
        "image_url": "https://assets.untappd.com/site/brewery_logos/brewery-7771_084be.jpeg",
        "ratingValue": 3.666,
        "bestRating": 5,
        "reviewCount": 334120,
        "streetAddress": "3950 Wheeler Ave",
        "addressLocality": "Alexandria",
        "addressRegion": "VA",
        "telephone": "",
        "warningservesCuisine": "",
        "full_address": "3950 Wheeler Ave, Alexandria, VA",
        "Latitude": 38.807935,
        "Longitude": -77.101439,
        "City": "Alexandria",
        "State": "VA",
        "Country": "United States",
        "VORB": 45.23195876288657
      },
      "geometry": {
        "type": "Point",
        "coordinates": [
          -77.101439,
          38.807935
        ]
      }
    },
    {
      "type": "Feature",
      "properties": {
        "Brewery Name": "Privatbrauerei Gaffel Becker",
        "Beers Rated": 1,
        "My Rating": 3.5,
        "Global Rating": 3.35474,
        "Avg Diff": 0.14525999999999994,
        "description": "",
        "image_url": "https://assets.untappd.com/site/brewery_logos_hd/brewery-1021_bee0c_hd.jpeg",
        "ratingValue": 3.327,
        "bestRating": 5,
        "reviewCount": 224291,
        "streetAddress": "Welserstraße 16, Porz",
        "addressLocality": "Köln Germany",
        "addressRegion": "Nordrhein-Westfalen",
        "telephone": "",
        "warningservesCuisine": "",
        "full_address": "Welserstraße 16, Porz, Köln Germany, Nordrhein-Westfalen",
        "Latitude": 50.911023,
        "Longitude": 7.060342,
        "City": "Köln Germany",
        "State": "Nordrhein-Westfalen",
        "Country": "Germany",
        "VORB": null
      },
      "geometry": {
        "type": "Point",
        "coordinates": [
          7.060342,
          50.911023
        ]
      }
    },
    {
      "type": "Feature",
      "properties": {
        "Brewery Name": "Queen City Brewing",
        "Beers Rated": 2,
        "My Rating": 2.5,
        "Global Rating": 3.564915,
        "Avg Diff": -1.064915,
        "description": "Founded in 2003, Queen City Brewing holds the honor of being the first brewery since Prohibition in Staunton, Virginia. With our roots in Brew On Premise beer-making, we have always had an eye towards giving the customer a unique experience with a delicious product. Just like our beers and wines, we’ve aged and fermented into a complex product to serve the various needs and desires of our patrons.",
        "image_url": "https://assets.untappd.com/site/brewery_logos/brewery-QueenCityBrewing_6210.jpeg",
        "ratingValue": 3.474,
        "bestRating": 5,
        "reviewCount": 6277,
        "streetAddress": "834 Springhill Rd",
        "addressLocality": "Staunton",
        "addressRegion": "VA",
        "telephone": "",
        "warningservesCuisine": "",
        "full_address": "834 Springhill Rd, Staunton, VA",
        "Latitude": 38.161645,
        "Longitude": -79.078922,
        "City": "Staunton",
        "State": "VA",
        "Country": "United States",
        "VORB": null
      },
      "geometry": {
        "type": "Point",
        "coordinates": [
          -79.078922,
          38.161645
        ]
      }
    },
    {
      "type": "Feature",
      "properties": {
        "Brewery Name": "Reason Beer",
        "Beers Rated": 1,
        "My Rating": 3.0,
        "Global Rating": 3.78493,
        "Avg Diff": -0.7849300000000001,
        "description": "**Closed December 2022**\r\nCreatively balanced craft beer",
        "image_url": "https://assets.untappd.com/site/brewery_logos_hd/brewery-336254_935b3_hd.jpeg",
        "ratingValue": 3.718,
        "bestRating": 5,
        "reviewCount": 23097,
        "streetAddress": "116 W A St",
        "addressLocality": "Newton",
        "addressRegion": "NC",
        "telephone": "",
        "warningservesCuisine": "",
        "full_address": "116 W A St, Newton, NC",
        "Latitude": 35.663555,
        "Longitude": -81.224089,
        "City": "Newton",
        "State": "NC",
        "Country": "United States",
        "VORB": null
      },
      "geometry": {
        "type": "Point",
        "coordinates": [
          -81.224089,
          35.663555
        ]
      }
    },
    {
      "type": "Feature",
      "properties": {
        "Brewery Name": "Redbeard Brewing",
        "Beers Rated": 3,
        "My Rating": 3.8333333333333335,
        "Global Rating": 4.131113333333333,
        "Avg Diff": -0.29777999999999993,
        "description": "Small Batch Brewery and Taproom located in the Wharf District of historic downtown Staunton, VA. Enjoy of choice of 10-15 beers on tap while sitting inside our cozy Taproom or outside in our Beer Garden.  Order food from Yummy Hibachi food truck located in our Gravel Lot during your visit, or feel free to have anything delivered or picked up from one of the many local restaurants around town! Please no outside alcohol.",
        "image_url": "https://assets.untappd.com/site/brewery_logos_hd/brewery-20103_35407_hd.jpeg",
        "ratingValue": 3.871,
        "bestRating": 5,
        "reviewCount": 27831,
        "streetAddress": "120 S Lewis St",
        "addressLocality": "Staunton",
        "addressRegion": "VA",
        "telephone": "",
        "warningservesCuisine": "",
        "full_address": "120 S Lewis St, Staunton, VA",
        "Latitude": 38.147535,
        "Longitude": -79.074536,
        "City": "Staunton",
        "State": "VA",
        "Country": "United States",
        "VORB": -0.6013745704467333
      },
      "geometry": {
        "type": "Point",
        "coordinates": [
          -79.074536,
          38.147535
        ]
      }
    },
    {
      "type": "Feature",
      "properties": {
        "Brewery Name": "Rekˈ·lis Brewing Company",
        "Beers Rated": 1,
        "My Rating": 3.75,
        "Global Rating": 3.92326,
        "Avg Diff": -0.17325999999999997,
        "description": "We're Rek'-lis. We are adventurous. We backcountry ski all over the beautiful White Mountains; mountain bike throughout our perfect forests; hike on the trails and bushwack where there are none.  And we drink beer - great beer, beer that we make with passion, care, and a bit of reklisness.  We are your bottom of the mountain beer and we're extremely proud of that. Come celebrate your adventure with us.",
        "image_url": "https://assets.untappd.com/site/brewery_logos_hd/brewery-301157_02566_hd.jpeg",
        "ratingValue": 3.798,
        "bestRating": 5,
        "reviewCount": 28876,
        "streetAddress": "2085 Main Street",
        "addressLocality": "Bethlehem",
        "addressRegion": "NH",
        "telephone": "",
        "warningservesCuisine": "",
        "full_address": "2085 Main Street, Bethlehem, NH",
        "Latitude": 44.280549,
        "Longitude": -71.687912,
        "City": "Bethlehem",
        "State": "NH",
        "Country": "United States",
        "VORB": null,
        "Brewery URL": "https://untappd.com/RekLisBrewingCompany"
      },
      "geometry": {
        "type": "Point",
        "coordinates": [
          -71.687912,
          44.280549
        ]
      }
    },
    {
      "type": "Feature",
      "properties": {
        "Brewery Name": "Remnant Brewing",
        "Beers Rated": 2,
        "My Rating": 3.875,
        "Global Rating": 3.896635,
        "Avg Diff": -0.02163499999999985,
        "description": "Microbrewery in the heart of Union Square, Somerville, as part of the Bow Market community. Unique beers and craft coffee served daily.",
        "image_url": "https://assets.untappd.com/site/brewery_logos_hd/brewery-309679_de146_hd.jpeg",
        "ratingValue": 3.887,
        "bestRating": 5,
        "reviewCount": 38750,
        "streetAddress": "2 Bow Market Way",
        "addressLocality": "Somerville",
        "addressRegion": "MA",
        "telephone": "",
        "warningservesCuisine": "",
        "full_address": "2 Bow Market Way, Somerville, MA",
        "Latitude": 42.4816737,
        "Longitude": -71.09108715,
        "City": "Somerville",
        "State": "MA",
        "Country": "United States",
        "VORB": null
      },
      "geometry": {
        "type": "Point",
        "coordinates": [
          -71.09108715,
          42.4816737
        ]
      }
    },
    {
      "type": "Feature",
      "properties": {
        "Brewery Name": "Right Proper Brewing Company",
        "Beers Rated": 2,
        "My Rating": 3.625,
        "Global Rating": 3.6234450000000002,
        "Avg Diff": 0.001554999999999751,
        "description": "Right Proper is a responsible, community focused brewing company creating soulful, intentional, balanced beers, presented with brilliant hospitality and a touch of whimsy.\r\n\r\nRight Proper has two brewing locations:\r\n\r\n1) Right Proper Shaw Brewpub & Kitchen is located at 7th & T Street, NW in the historic Shaw neighborhood of D.C.  The smaller brewhouse & adjacent barrel room means the beer menu rotates frequently with many options available exclusively at the brewpub. The kitchen cooks up casual American fare with a nod to Southern comfort.\r\n\r\n2) Right Proper Brookland Production House & Tasting Room is located at 10th and Girard Street, NE in the historic Brookland neighborhood of Washington, DC. This is our packaging brewery.  Here we focus on the production and distribution of our core beers. The tasting room offers a view of the brewery while sampling our latest offerings. Tours of the brewery are offered regularly on the weekends.",
        "image_url": "https://assets.untappd.com/site/brewery_logos/brewery-95332_42378.jpeg",
        "ratingValue": 3.666,
        "bestRating": 5,
        "reviewCount": 149450,
        "streetAddress": "624 T Street NW",
        "addressLocality": "Washington",
        "addressRegion": "DC",
        "telephone": "",
        "warningservesCuisine": "",
        "full_address": "624 T Street NW, Washington, DC",
        "Latitude": 38.915411,
        "Longitude": -77.021385,
        "City": "Washington",
        "State": "DC",
        "Country": "United States",
        "VORB": null
      },
      "geometry": {
        "type": "Point",
        "coordinates": [
          -77.021385,
          38.915411
        ]
      }
    },
    {
      "type": "Feature",
      "properties": {
        "Brewery Name": "Ritterguts Gose",
        "Beers Rated": 1,
        "My Rating": 3.75,
        "Global Rating": 3.41793,
        "Avg Diff": 0.33206999999999987,
        "description": "The old Rittergut Gose brewery was founded in 1824 when master brewer Johann Philipp Ledermann brought the original recipe from Goslar to Döllnitz. It soon became the most famous Gose producer for Leipzig and Halle. After the expropriation of the brewery in 1945, Gose as a beer style almost died out. The new start was made in 1999 - since then, Ritterguts Gose has successfully established itself not only in its old home region, but also in other parts of Germany and internationally. Since 2016, we have also started to develop new sour ale creations or revive old styles. We brew our beers exclusively at the Bergt brewery in Reichenbrand. In 2024, Ritterguts Gose celebrated its 200th anniversary as the oldest existing Gose brand in the world.",
        "image_url": "https://assets.untappd.com/site/brewery_logos_hd/brewery-300168_4d0a3_hd.jpeg",
        "ratingValue": 3.591,
        "bestRating": 5,
        "reviewCount": 48196,
        "streetAddress": "Frohburg",
        "addressLocality": "Germany",
        "addressRegion": "",
        "telephone": "",
        "warningservesCuisine": "",
        "full_address": "Frohburg, Germany",
        "Latitude": 51.05539703,
        "Longitude": 12.55665207,
        "City": "Germany",
        "State": "",
        "Country": "Germany",
        "VORB": null
      },
      "geometry": {
        "type": "Point",
        "coordinates": [
          12.55665207,
          51.05539703
        ]
      }
    },
    {
      "type": "Feature",
      "properties": {
        "Brewery Name": "Ritual Lab",
        "Beers Rated": 1,
        "My Rating": 3.5,
        "Global Rating": 3.79862,
        "Avg Diff": -0.2986200000000001,
        "description": "",
        "image_url": "https://assets.untappd.com/site/brewery_logos/brewery-184265_54829.jpeg",
        "ratingValue": 3.922,
        "bestRating": 5,
        "reviewCount": 81484,
        "streetAddress": "Via del Praticello Alto, 5/7",
        "addressLocality": "Formello Italy",
        "addressRegion": "Lazio",
        "telephone": "",
        "warningservesCuisine": "",
        "full_address": "Via del Praticello Alto, 5/7, Formello Italy, Lazio",
        "Latitude": 42.0731059,
        "Longitude": 12.3912139,
        "City": "Formello Italy",
        "State": "Lazio",
        "Country": "Italia",
        "VORB": null
      },
      "geometry": {
        "type": "Point",
        "coordinates": [
          12.3912139,
          42.0731059
        ]
      }
    },
    {
      "type": "Feature",
      "properties": {
        "Brewery Name": "River Roost Brewery",
        "Beers Rated": 9,
        "My Rating": 4.111111111111111,
        "Global Rating": 4.17261,
        "Avg Diff": -0.06149888888888899,
        "description": "Established in 2016 in the heart of downtown White River Junction, Vermont. We offer a rotating and ever-evolving list of beers. Stop in and see what we've been brewing...",
        "image_url": "https://assets.untappd.com/site/brewery_logos/brewery-250774_fd180.jpeg",
        "ratingValue": 4.173,
        "bestRating": 5,
        "reviewCount": 74604,
        "streetAddress": "230 S Main St",
        "addressLocality": "White River Junction",
        "addressRegion": "VT",
        "telephone": "",
        "warningservesCuisine": "",
        "full_address": "230 S Main St, White River Junction, VT",
        "Latitude": 43.645632,
        "Longitude": -72.318208,
        "City": "White River Junction",
        "State": "VT",
        "Country": "United States",
        "VORB": 50.96112542955326
      },
      "geometry": {
        "type": "Point",
        "coordinates": [
          -72.318208,
          43.645632
        ]
      }
    },
    {
      "type": "Feature",
      "properties": {
        "Brewery Name": "Riverside Brewing Co",
        "Beers Rated": 4,
        "My Rating": 3.125,
        "Global Rating": 3.7181775,
        "Avg Diff": -0.5931774999999999,
        "description": "",
        "image_url": "https://assets.untappd.com/site/brewery_logos_hd/brewery-384284_c02d1_hd.jpeg",
        "ratingValue": 3.718,
        "bestRating": 5,
        "reviewCount": 18532,
        "streetAddress": "1 Fountain Street",
        "addressLocality": "Cambridge Springs",
        "addressRegion": "PA",
        "telephone": "",
        "warningservesCuisine": "",
        "full_address": "1 Fountain Street, Cambridge Springs, PA",
        "Latitude": 41.805792,
        "Longitude": -80.053115,
        "City": "Cambridge Springs",
        "State": "PA",
        "Country": "United States",
        "VORB": -63.10137457044674
      },
      "geometry": {
        "type": "Point",
        "coordinates": [
          -80.053115,
          41.805792
        ]
      }
    },
    {
      "type": "Feature",
      "properties": {
        "Brewery Name": "Rosengarten",
        "Beers Rated": 1,
        "My Rating": 3.5,
        "Global Rating": 3.3354,
        "Avg Diff": 0.16460000000000008,
        "description": "",
        "image_url": "https://assets.untappd.com/site/brewery_logos/brewery-BrauereiRosengarten_11919.jpeg",
        "ratingValue": 3.262,
        "bestRating": 5,
        "reviewCount": 23233,
        "streetAddress": "Spitalstrasse 14",
        "addressLocality": "Einsiedeln Switzerland",
        "addressRegion": "Schwyz",
        "telephone": "",
        "warningservesCuisine": "",
        "full_address": "Spitalstrasse 14, Einsiedeln Switzerland, Schwyz",
        "Latitude": 47.1290674,
        "Longitude": 8.7423402,
        "City": "Einsiedeln Switzerland",
        "State": "Schwyz",
        "Country": "Schweiz",
        "VORB": null
      },
      "geometry": {
        "type": "Point",
        "coordinates": [
          8.7423402,
          47.1290674
        ]
      }
    },
    {
      "type": "Feature",
      "properties": {
        "Brewery Name": "Rugenbräu",
        "Geocoding Status": "pending",
        "description": "",
        "image_url": "https://assets.untappd.com/site/brewery_logos/brewery-Rugenbrau_25444.jpeg",
        "ratingValue": 3.243,
        "bestRating": 5,
        "reviewCount": 37854,
        "streetAddress": "40 Wagnerenstrasse",
        "addressLocality": "Matten bei Interlaken Switzerland",
        "addressRegion": "Bern",
        "telephone": "",
        "warningservesCuisine": "",
        "full_address": "40 Wagnerenstrasse, Matten bei Interlaken Switzerland, Bern",
        "City": "Matten bei Interlaken Switzerland",
        "State": "Bern",
        "Brewery URL": "https://untappd.com/w/rugenbrau/25444",
        "Beers Rated": 1,
        "My Rating": 4.0,
        "Global Rating": 3.57349,
        "Avg Diff": 0.42650999999999994,
        "VORB": null
      },
      "geometry": null
    },
    {
      "type": "Feature",
      "properties": {
        "Brewery Name": "Russian River Brewing Company",
        "Beers Rated": 3,
        "My Rating": 4.083333333333333,
        "Global Rating": 4.1902099999999995,
        "Avg Diff": -0.10687666666666651,
        "description": "Russian River Brewing Company was founded by Korbel Champagne Cellars in Guerneville, CA, in 1997. Vinnie was hired as the brewery’s brewmaster and initially sole employee. For the next 6 years, Vinnie continued to set the bar high for super hoppy and Belgian-inspired beers. Pliny the Elder, first brewed at the Korbel location in 1999, was one of the first commercially brewed Double or Imperial IPA’s in America and won numerous awards over the years. It is still our most popular beer more than 20 years later. in 2003, Korbel decided to get out of the beer business and transferred the rights to the Russian River Brewing Company name, all beer names, and the recipes to Vinnie and his wife, Natalie. They wrote a business plan, found 2 managing partners, and convinced 30 friends and family to invest in their new brewpub venture. In April 2004, they opened the doors to the next chapter of Russian River Brewing under their ownership.",
        "image_url": "https://assets.untappd.com/site/brewery_logos/brewery-5143_e6069.jpeg",
        "ratingValue": 4.169,
        "bestRating": 5,
        "reviewCount": 1551089,
        "streetAddress": "700 Mitchell Ln",
        "addressLocality": "Windsor",
        "addressRegion": "CA",
        "telephone": "",
        "warningservesCuisine": "",
        "full_address": "700 Mitchell Ln, Windsor, CA",
        "Latitude": 38.532039,
        "Longitude": -122.799642,
        "City": "Windsor",
        "State": "CA",
        "Country": "United States",
        "VORB": 24.398625429553267
      },
      "geometry": {
        "type": "Point",
        "coordinates": [
          -122.799642,
          38.532039
        ]
      }
    },
    {
      "type": "Feature",
      "properties": {
        "Brewery Name": "Sacred Profane Brewing",
        "Beers Rated": 3,
        "My Rating": 4.166666666666667,
        "Global Rating": 3.9311333333333334,
        "Avg Diff": 0.2355333333333336,
        "description": "Brewery and Tankpub\r\n\r\nCold Lager Warm Hearts",
        "image_url": "https://assets.untappd.com/site/brewery_logos_hd/brewery-528583_051b3_hd.jpeg",
        "ratingValue": 3.94,
        "bestRating": 5,
        "reviewCount": 13162,
        "streetAddress": "50 Washington St, ME 04005, USA",
        "addressLocality": "Biddeford",
        "addressRegion": "ME",
        "telephone": "",
        "warningservesCuisine": "",
        "full_address": "50 Washington St, ME 04005, USA, Biddeford, ME",
        "Latitude": 43.492424,
        "Longitude": -70.456121,
        "City": "Biddeford",
        "State": "ME",
        "Country": "United States",
        "VORB": 30.648625429553267
      },
      "geometry": {
        "type": "Point",
        "coordinates": [
          -70.456121,
          43.492424
        ]
      }
    },
    {
      "type": "Feature",
      "properties": {
        "Brewery Name": "Samuel Adams",
        "Beers Rated": 4,
        "My Rating": 3.1875,
        "Global Rating": 3.529195,
        "Avg Diff": -0.3416950000000001,
        "description": "Jim Koch founded Samuel Adams back in 1984 after brewing the first batch of Samuel Adams Boston Lager in his kitchen. It was his mission to reshape the way American beer drinkers thought of American beer. \r\n\r\nJust six weeks after introducing Samuel Adams Boston Lager to the public, it brought home the \"Best Beer in America\" honors at the Great American Beer Festival in Denver. An honor it went on to win 3 more times before that particular award was discontinued.\r\n\r\nToday, Samuel Adams makes more than 21 styles of award winning beer and is recognized around the globe as a hot house of new beer ideas.\r\n\r\nIf you share our passion, join us here as a fan! \r\n\r\nCheers!\r\n\r\nThe Boston Beer Company, Boston MA",
        "image_url": "https://assets.untappd.com/site/brewery_logos_hd/brewery-157_ffe6e_hd.jpeg",
        "ratingValue": 3.475,
        "bestRating": 5,
        "reviewCount": 6294501,
        "streetAddress": "30 Germania St",
        "addressLocality": "Boston",
        "addressRegion": "MA",
        "telephone": "",
        "warningservesCuisine": "",
        "full_address": "30 Germania St, Boston, MA",
        "Latitude": 42.314558,
        "Longitude": -71.102909,
        "City": "Boston",
        "State": "MA",
        "Country": "United States",
        "VORB": -58.93470790378004
      },
      "geometry": {
        "type": "Point",
        "coordinates": [
          -71.102909,
          42.314558
        ]
      }
    },
    {
      "type": "Feature",
      "properties": {
        "Brewery Name": "Sante Adairius Rustic Ales",
        "Geocoding Status": "pending",
        "description": "Sante Adairius Rustic Ales is a small, but daring, brewery located in the coastal city of Capitola, CA, just south of Santa Cruz.\r\n\r\nSante Adairius is a brewery founded on respect for quality and authenticity. We focus our attention on producing well-constructed beers with an eye towards simplicity and character. SARA takes liberty in emulating those memorable beers, their brewers, and the experiences they foster, never forgetting those giants on whose shoulders we stand.\r\n\r\nOur approach to beer making is one of whimsy, highly inspired by the Belgian tradition, but also in harmony with brewers all over the world who push against boundaries of style with a nudge, not a shove. Often our beers are barrel-aged, usually in wine barrels, with various yeast and bacteria. As often as not though, Sante Adairius brews beers more approachable and traditional in nature, yet no less flavorful or distinctive.\r\n\r\nOwned and operated by Adair Paterno, Sante Adairius Rustic Ales is an attempt to bring people together over great beer. SARA is an expression of our many years of beer geekery, the rabbit hole of tasting every beer we could get our hands on, and trusting we could contribute to the canon of those beers of the highest esteem. We believe great beer comes first. We stay true to our brewing roots. We take seriously the fact that we are brewing for you, and for ourselves. We appreciate your interest in our efforts. Sante!",
        "image_url": "https://assets.untappd.com/site/brewery_logos/brewery-31355_09cc4.jpeg",
        "ratingValue": 4.235,
        "bestRating": 5,
        "reviewCount": 405258,
        "streetAddress": "103 Kennedy Drive",
        "addressLocality": "Capitola",
        "addressRegion": "CA",
        "telephone": "",
        "warningservesCuisine": "",
        "full_address": "103 Kennedy Drive, Capitola, CA",
        "City": "Capitola",
        "State": "CA",
        "Brewery URL": "https://untappd.com/SanteAdairius",
        "Beers Rated": 2,
        "My Rating": 4.25,
        "Global Rating": 4.21223,
        "Avg Diff": 0.03777000000000008,
        "VORB": null
      },
      "geometry": null
    },
    {
      "type": "Feature",
      "properties": {
        "Brewery Name": "Sapwood Cellars Brewery",
        "Geocoding Status": "pending",
        "description": "2nd most Untappd Community Awards in the world for 2024, 2025, and 2026!\r\n\r\nColumbia Maryland brewery and cidery, home of Albura Taqueria! Focused on hoppy ales and barrel-aged beers. Our tasting room is open Tuesday-Sunday! Cans and bottles are available for online pre-order or walk-ins. Founded by bloggers/authors Michael Tonsmeire and Scott Janish in September 2018.",
        "image_url": "https://assets.untappd.com/site/brewery_logos_hd/brewery-377326_bc915_hd.jpeg",
        "ratingValue": 4.133,
        "bestRating": 5,
        "reviewCount": 267759,
        "streetAddress": "8980 Maryland 108 Suite MNO",
        "addressLocality": "Columbia",
        "addressRegion": "MD",
        "telephone": "",
        "warningservesCuisine": "",
        "full_address": "8980 Maryland 108 Suite MNO, Columbia, MD",
        "City": "Columbia",
        "State": "MD",
        "Brewery URL": "https://untappd.com/Sapwood_Cellars",
        "Beers Rated": 1,
        "My Rating": 4.0,
        "Global Rating": 4.05618,
        "Avg Diff": -0.05618000000000034,
        "VORB": null
      },
      "geometry": null
    },
    {
      "type": "Feature",
      "properties": {
        "Brewery Name": "Schilling Beer Co.",
        "Beers Rated": 7,
        "My Rating": 3.892857142857143,
        "Global Rating": 4.043394285714286,
        "Avg Diff": -0.15053714285714337,
        "description": "Progressive European-inspired small-batch brewery in the White Mountains.",
        "image_url": "https://assets.untappd.com/site/brewery_logos/brewery-85169_10f15.jpeg",
        "ratingValue": 3.943,
        "bestRating": 5,
        "reviewCount": 241570,
        "streetAddress": "18 Mill St",
        "addressLocality": "Littleton",
        "addressRegion": "NH",
        "telephone": "",
        "warningservesCuisine": "",
        "full_address": "18 Mill St, Littleton, NH",
        "Latitude": 44.305935,
        "Longitude": -71.772838,
        "City": "Littleton",
        "State": "NH",
        "Country": "United States",
        "VORB": 26.48195876288657
      },
      "geometry": {
        "type": "Point",
        "coordinates": [
          -71.772838,
          44.305935
        ]
      }
    },
    {
      "type": "Feature",
      "properties": {
        "Brewery Name": "Schlenkerla (\"Heller-Bräu\" Trum)",
        "Beers Rated": 6,
        "My Rating": 4.208333333333333,
        "Global Rating": 3.6743583333333336,
        "Avg Diff": 0.5339749999999994,
        "description": "Schlenkerla, the historic smoked beer brewery.\r\n\r\nIn the middle of the old part of Bamberg, directly beneath the mighty cathedral, one can find the smoked beer brewery Schlenkerla. First mentioned in 1405 as \"house of the blue lion\" and now run by the Trum family in the 6th generation, it is the fountain of Aecht Schlenkerla Rauchbier (Original Schlenkerla Smokebeer), Bamberg's Specialty for centuries.\r\n\r\nThe Original Schlenkerla Smokebeer is here at the brewery tavern still being tapped directly from the wooden barrel according to old tradition.",
        "image_url": "https://assets.untappd.com/site/brewery_logos/brewery-2001_78248.jpeg",
        "ratingValue": 3.57,
        "bestRating": 5,
        "reviewCount": 473604,
        "streetAddress": "Dominikanerstraße 6",
        "addressLocality": "Bamberg Germany",
        "addressRegion": "Bayern",
        "telephone": "",
        "warningservesCuisine": "",
        "full_address": "Dominikanerstraße 6, Bamberg Germany, Bayern",
        "Latitude": 49.891696,
        "Longitude": 10.88504,
        "City": "Bamberg Germany",
        "State": "Bayern",
        "Country": "Germany",
        "VORB": 44.398625429553285
      },
      "geometry": {
        "type": "Point",
        "coordinates": [
          10.88504,
          49.891696
        ]
      }
    },
    {
      "type": "Feature",
      "properties": {
        "Brewery Name": "Shenandoah Valley Brewing Company",
        "Beers Rated": 1,
        "My Rating": 3.5,
        "Global Rating": 3.27,
        "Avg Diff": 0.22999999999999998,
        "description": "**Closed 10/30/2022**\r\n\r\nShenandoah Valley Brewing Company is all about you and your beer experience.  We are committed to the growing craft beer culture in the Shenandoah Valley. As a brewer and a supplier of home brew supplies, Shenandoah Valley Brewing Company is committed to your success and enjoyment.\r\n\r\nIn early 2012 we began our journey by opening our home brew supply store in Historic Downtown Staunton VA, right across from the depot.  In 2014 we opened our 1st taproom at #17 Middlebrook, but it soon outgrew its space and in January of 2017 we moved to a larger space at  – 103 W Beverley St next to clock tower and farmhouse kitchen and wares.",
        "image_url": "https://assets.untappd.com/site/brewery_logos/brewery-112719_f35b7.jpeg",
        "ratingValue": 3.376,
        "bestRating": 5,
        "reviewCount": 5300,
        "streetAddress": "103 W Beverley St",
        "addressLocality": "Staunton",
        "addressRegion": "VA",
        "telephone": "",
        "warningservesCuisine": "",
        "full_address": "103 W Beverley St, Staunton, VA",
        "Latitude": 38.149609,
        "Longitude": -79.073893,
        "City": "Staunton",
        "State": "VA",
        "Country": "United States",
        "VORB": null
      },
      "geometry": {
        "type": "Point",
        "coordinates": [
          -79.073893,
          38.149609
        ]
      }
    },
    {
      "type": "Feature",
      "properties": {
        "Brewery Name": "Short Throw Brewing Co.",
        "Beers Rated": 1,
        "My Rating": 3.75,
        "Global Rating": 3.99055,
        "Avg Diff": -0.24054999999999982,
        "description": "Hand crafted beers made with hand crafted hands.",
        "image_url": "https://assets.untappd.com/site/brewery_logos_hd/brewery-449168_0383a_hd.jpeg",
        "ratingValue": 4.161,
        "bestRating": 5,
        "reviewCount": 113261,
        "streetAddress": "341 State St",
        "addressLocality": "North Haven",
        "addressRegion": "CT",
        "telephone": "",
        "warningservesCuisine": "",
        "full_address": "341 State St, North Haven, CT",
        "Latitude": 41.370224,
        "Longitude": -72.883174,
        "City": "North Haven",
        "State": "CT",
        "Country": "United States",
        "VORB": null
      },
      "geometry": {
        "type": "Point",
        "coordinates": [
          -72.883174,
          41.370224
        ]
      }
    },
    {
      "type": "Feature",
      "properties": {
        "Brewery Name": "Side Project Brewing",
        "Geocoding Status": "pending",
        "description": "World-class Beer for Sharing",
        "image_url": "https://assets.untappd.com/site/brewery_logos/brewery-sideproject_64810.jpeg",
        "ratingValue": 4.417,
        "bestRating": 5,
        "reviewCount": 708049,
        "streetAddress": "7458 Manchester Road",
        "addressLocality": "Saint Louis",
        "addressRegion": "MO",
        "telephone": "",
        "warningservesCuisine": "",
        "full_address": "7458 Manchester Road, Saint Louis, MO",
        "City": "Saint Louis",
        "State": "MO",
        "Brewery URL": "https://untappd.com/SideProject",
        "Beers Rated": 1,
        "My Rating": 4.25,
        "Global Rating": 4.19711,
        "Avg Diff": 0.05288999999999966,
        "VORB": null
      },
      "geometry": null
    },
    {
      "type": "Feature",
      "properties": {
        "Brewery Name": "Sierra Nevada Brewing Co.",
        "Beers Rated": 6,
        "My Rating": 3.5416666666666665,
        "Global Rating": 3.722583333333333,
        "Avg Diff": -0.18091666666666661,
        "description": "In 1980, Ken Grossman built a small brewery in the city of Chico, California. To this day, premium ingredients and time-honored brewing techniques make Sierra Nevada ales and lagers truly exceptional beers.",
        "image_url": "https://assets.untappd.com/site/brewery_logos/brewery-1142_ddcfe.jpeg",
        "ratingValue": 3.703,
        "bestRating": 5,
        "reviewCount": 8095156,
        "streetAddress": "1075 E 20th St",
        "addressLocality": "Chico",
        "addressRegion": "CA",
        "telephone": "",
        "warningservesCuisine": "",
        "full_address": "1075 E 20th St, Chico, CA",
        "Latitude": 39.723376,
        "Longitude": -121.815964,
        "City": "Chico",
        "State": "CA",
        "Country": "United States",
        "VORB": -25.601374570446733
      },
      "geometry": {
        "type": "Point",
        "coordinates": [
          -121.815964,
          39.723376
        ]
      }
    },
    {
      "type": "Feature",
      "properties": {
        "Brewery Name": "Silver Branch Brewing Company",
        "Geocoding Status": "pending",
        "description": "Silver Branch Brewing Company is a multi-state production brewery founded in March 2019 by Christian Layke and Brett A. Robison. With taprooms in Maryland — including Silver Branch Lagerhaus & Biergarten in Silver Spring and Silver Branch Rockville Beerworks — the brewery draws inspiration from the four major brewing cultures, blending European tradition with American innovation.\r\n\r\nSilver Branch’s Virginia location in Warrenton was lost to a fire in 2024, and plans are underway to reopen. Across every location, the focus remains the same: brewing multi-dimensional beers designed so the last sip of your last beer is just as enjoyable as the first sip of your first— all in the spirit of Gemütlichkeit, where great beer is meant to be shared in good company.",
        "image_url": "https://assets.untappd.com/site/brewery_logos_hd/brewery-390476_6f756_hd.jpeg",
        "ratingValue": 3.781,
        "bestRating": 5,
        "reviewCount": 73741,
        "streetAddress": "8401 Colesville Rd",
        "addressLocality": "Silver Spring",
        "addressRegion": "MD",
        "telephone": "",
        "warningservesCuisine": "",
        "full_address": "8401 Colesville Rd, Silver Spring, MD",
        "City": "Silver Spring",
        "State": "MD",
        "Brewery URL": "https://untappd.com/silverbranch",
        "Beers Rated": 1,
        "My Rating": 3.75,
        "Global Rating": 3.63385,
        "Avg Diff": 0.1161500000000002,
        "VORB": null
      },
      "geometry": null
    },
    {
      "type": "Feature",
      "properties": {
        "Brewery Name": "SingleCut Beersmiths",
        "Beers Rated": 1,
        "My Rating": 4.0,
        "Global Rating": 4.16881,
        "Avg Diff": -0.16880999999999968,
        "description": "Cranking out music obsessed award winning Lagers and IPAs since 2012.\r\n\r\nTo all demanding a steadfast meticulousness towards everything that can fit into a pint glass - Welcome. \r\n\r\nAlways Drink Loud.",
        "image_url": "https://assets.untappd.com/site/brewery_logos/brewery-16555_d51d2.jpeg",
        "ratingValue": 4.006,
        "bestRating": 5,
        "reviewCount": 1083267,
        "streetAddress": "19-33 37th Street",
        "addressLocality": "Astoria",
        "addressRegion": "NY",
        "telephone": "",
        "warningservesCuisine": "",
        "full_address": "19-33 37th Street, Astoria, NY",
        "Latitude": 40.778394,
        "Longitude": -73.901551,
        "City": "Astoria",
        "State": "NY",
        "Country": "United States",
        "VORB": null
      },
      "geometry": {
        "type": "Point",
        "coordinates": [
          -73.901551,
          40.778394
        ]
      }
    },
    {
      "type": "Feature",
      "properties": {
        "Brewery Name": "Skipping Rock Beer Co.",
        "Beers Rated": 6,
        "My Rating": 3.75,
        "Global Rating": 3.867361666666667,
        "Avg Diff": -0.11736166666666703,
        "description": "Worry less. Live more. That’s the Skipping Rock state of mind behind our exceptional craft beer and taprooms that celebrate family, fun, and freedom.  \r\n\r\nPlease note taproom is temporarily closed at this location. Beer is still available through distribution at local retailers.",
        "image_url": "https://assets.untappd.com/site/brewery_logos_hd/brewery-406078_5cfac_hd.jpeg",
        "ratingValue": 3.822,
        "bestRating": 5,
        "reviewCount": 11588,
        "streetAddress": "414 Parkersburg Turnpike",
        "addressLocality": "Staunton",
        "addressRegion": "VA",
        "telephone": "",
        "warningservesCuisine": "",
        "full_address": "414 Parkersburg Turnpike, Staunton, VA",
        "Latitude": 38.153338,
        "Longitude": -79.127838,
        "City": "Staunton",
        "State": "VA",
        "Country": "United States",
        "VORB": -3.1013745704467244
      },
      "geometry": {
        "type": "Point",
        "coordinates": [
          -79.127838,
          38.153338
        ]
      }
    },
    {
      "type": "Feature",
      "properties": {
        "Brewery Name": "Smartmouth Brewing Co.",
        "Beers Rated": 2,
        "My Rating": 3.625,
        "Global Rating": 3.692155,
        "Avg Diff": -0.06715500000000008,
        "description": "Since 2012, Smartmouth has helped shape the Hampton Roads craft beer scene with unique styles, quality ingredients and an emphasis on flavor over flash. We produce year-round beers, seasonal styles and an assortment of limited-edition brews, available in draft, 12 oz. and 16 oz. cans and 500 ml bottles. We are located in Virginia Beach near the oceanfront.  Our Norfolk location closed in Dec 2025.",
        "image_url": "https://assets.untappd.com/site/brewery_logos_hd/brewery-41844_9c4fe_hd.jpeg",
        "ratingValue": 3.679,
        "bestRating": 5,
        "reviewCount": 151961,
        "streetAddress": "313 32nd St",
        "addressLocality": "Virginia Beach",
        "addressRegion": "VA",
        "telephone": "",
        "warningservesCuisine": "",
        "full_address": "313 32nd St, Virginia Beach, VA",
        "Latitude": 36.866384,
        "Longitude": -76.309291,
        "City": "Virginia Beach",
        "State": "VA",
        "Country": "United States",
        "VORB": null
      },
      "geometry": {
        "type": "Point",
        "coordinates": [
          -76.309291,
          36.866384
        ]
      }
    },
    {
      "type": "Feature",
      "properties": {
        "Brewery Name": "Solace Brewing Company",
        "Beers Rated": 2,
        "My Rating": 3.875,
        "Global Rating": 3.8755100000000002,
        "Avg Diff": -0.0005100000000002325,
        "description": "Production brewery with tasting room in Loudoun County, VA. 42615 Trade West Drive, Suite 100, Sterling, VA 20166 as well as Solace Outpost locations in Falls Church, Va and Washington D.C. Navy Yard. #FindYourSolace",
        "image_url": "https://assets.untappd.com/site/brewery_logos_hd/brewery-340371_c9f48_hd.jpeg",
        "ratingValue": 3.779,
        "bestRating": 5,
        "reviewCount": 158624,
        "streetAddress": "42615 Trade West Drive",
        "addressLocality": "Dulles",
        "addressRegion": "VA",
        "telephone": "",
        "warningservesCuisine": "",
        "full_address": "42615 Trade West Drive, Dulles, VA",
        "Latitude": 38.950785,
        "Longitude": -77.527977,
        "City": "Dulles",
        "State": "VA",
        "Country": "United States",
        "VORB": null
      },
      "geometry": {
        "type": "Point",
        "coordinates": [
          -77.527977,
          38.950785
        ]
      }
    },
    {
      "type": "Feature",
      "properties": {
        "Brewery Name": "Source Brewing",
        "Beers Rated": 2,
        "My Rating": 3.75,
        "Global Rating": 4.003525,
        "Avg Diff": -0.2535249999999998,
        "description": "Our mission is to create the ideal environment for people to enjoy hand-crafted, farm-to-glass ales and lagers brewed on site. We have a deep respect for beer and see it as more than just a simple beverage or means to an end. Beer can have a personality, tell a story, wow the senses, and bring people together.  That is our vision, and when we first saw the 125-year-old dairy barn on a beautiful farm in the agricultural town of Colts Neck, NJ we knew we had found the right place set off on our mission to curate the ideal beer drinking experience.",
        "image_url": "https://assets.untappd.com/site/brewery_logos_hd/brewery-433711_29c52_hd.jpeg",
        "ratingValue": 4.008,
        "bestRating": 5,
        "reviewCount": 169473,
        "streetAddress": "300 Route 34",
        "addressLocality": "Colts Neck",
        "addressRegion": "NJ",
        "telephone": "",
        "warningservesCuisine": "",
        "full_address": "300 Route 34, Colts Neck, NJ",
        "Latitude": 40.28172,
        "Longitude": -74.173563,
        "City": "Colts Neck",
        "State": "NJ",
        "Country": "United States",
        "VORB": null
      },
      "geometry": {
        "type": "Point",
        "coordinates": [
          -74.173563,
          40.28172
        ]
      }
    },
    {
      "type": "Feature",
      "properties": {
        "Brewery Name": "Southern Tier Brewing Company",
        "Beers Rated": 1,
        "My Rating": 3.5,
        "Global Rating": 3.92263,
        "Avg Diff": -0.42262999999999984,
        "description": "About Southern Tier Brewing Company\r\nSouthern Tier was founded in 2002 by Phin and Sara DeMink in Lakewood, New York. It is known for its diverse portfolio of innovative beers that embodies the spirit of American craft brewing.",
        "image_url": "https://assets.untappd.com/site/brewery_logos/brewery-4586_47eba.jpeg",
        "ratingValue": 3.784,
        "bestRating": 5,
        "reviewCount": 3590966,
        "streetAddress": "2072 Stoneman Circle",
        "addressLocality": "Lakewood",
        "addressRegion": "NY",
        "telephone": "",
        "warningservesCuisine": "",
        "full_address": "2072 Stoneman Circle, Lakewood, NY",
        "Latitude": 42.088922,
        "Longitude": -79.349149,
        "City": "Lakewood",
        "State": "NY",
        "Country": "United States",
        "VORB": null
      },
      "geometry": {
        "type": "Point",
        "coordinates": [
          -79.349149,
          42.088922
        ]
      }
    },
    {
      "type": "Feature",
      "properties": {
        "Brewery Name": "Spaten-Franziskaner-Löwenbräu-Gruppe",
        "Beers Rated": 3,
        "My Rating": 3.6666666666666665,
        "Global Rating": 3.580033333333333,
        "Avg Diff": 0.08663333333333334,
        "description": "Die Spaten-Löwenbräu GmbH ist ein gemeinsames Unternehmen der Traditions-Brauereien Spaten-Franziskaner-Bräu GmbH und der Löwenbräu AG mit Sitz in München.",
        "image_url": "https://assets.untappd.com/site/brewery_logos/brewery-SpatenFranziskanerBrau_1176.jpeg",
        "ratingValue": 3.509,
        "bestRating": 5,
        "reviewCount": 1580796,
        "streetAddress": "46-48 Marsstraße",
        "addressLocality": "München Germany",
        "addressRegion": "Bayern",
        "telephone": "",
        "warningservesCuisine": "",
        "full_address": "46-48 Marsstraße, München Germany, Bayern",
        "Latitude": 48.146923,
        "Longitude": 11.555422,
        "City": "München Germany",
        "State": "Bayern",
        "Country": "Germany",
        "VORB": -19.351374570446733
      },
      "geometry": {
        "type": "Point",
        "coordinates": [
          11.555422,
          48.146923
        ]
      }
    },
    {
      "type": "Feature",
      "properties": {
        "Brewery Name": "Spoetzl Brewery",
        "Beers Rated": 1,
        "My Rating": 3.75,
        "Global Rating": 3.50509,
        "Avg Diff": 0.24490999999999996,
        "description": "The Spoetzl Brewery was founded in Shiner, Texas (population 2,069), in 1909, brewing beer with old-world traditions and recipes for the many German and Czech settlers in Central Texas. Since then, the brewery has grown to be one of the largest independent craft brewers in the country, with our beer available in all 50 states and Mexico. But every drop of our award-winning beer is still brewed right here in Shiner, TX, where it all started over 100 years ago.",
        "image_url": "https://assets.untappd.com/site/brewery_logos_hd/brewery-1179_be7d0_hd.jpeg",
        "ratingValue": 3.448,
        "bestRating": 5,
        "reviewCount": 1483510,
        "streetAddress": "603 East Brewery Street",
        "addressLocality": "Shiner",
        "addressRegion": "TX",
        "telephone": "",
        "warningservesCuisine": "",
        "full_address": "603 East Brewery Street, Shiner, TX",
        "Latitude": 29.433447,
        "Longitude": -97.16753,
        "City": "Shiner",
        "State": "TX",
        "Country": "United States",
        "VORB": null
      },
      "geometry": {
        "type": "Point",
        "coordinates": [
          -97.16753,
          29.433447
        ]
      }
    },
    {
      "type": "Feature",
      "properties": {
        "Brewery Name": "Staatliches Hofbräuhaus München",
        "Beers Rated": 1,
        "My Rating": 3.5,
        "Global Rating": 3.55046,
        "Avg Diff": -0.05046000000000017,
        "description": "Hofbräuhaus München Brewery is a state government owned brewery in Munich, Germany. It was founded in 1589 by Wilhelm V, the duke of Bavaria. It was deemed to be a public royal brewery in the city given it was established as a brewery for the Royal Residence. The demand for Hofbräuhaus München Brewery dramatically increased after World War II. The brewery has expanded to owning three breweries, the Hofbräuhaus am Platzl, the Hofbräukeller and the Oktoberfest (Hofbräu-Festzelt). The brewery is known for its wide variety of beers with unique aromas, distinctive malt flavors and fine quality. Today, Hofbräuhaus München is one of Munich’s primary tourist attractions.",
        "image_url": "https://assets.untappd.com/site/brewery_logos_hd/brewery-5566_a54cf_hd.jpeg",
        "ratingValue": 3.613,
        "bestRating": 5,
        "reviewCount": 936019,
        "streetAddress": "Hofbräuallee 1",
        "addressLocality": "Munich Germany",
        "addressRegion": "Bayern",
        "telephone": "",
        "warningservesCuisine": "",
        "full_address": "Hofbräuallee 1, Munich Germany, Bayern",
        "Latitude": 48.120388,
        "Longitude": 11.428476,
        "City": "Munich Germany",
        "State": "Bayern",
        "Country": "Germany",
        "VORB": null
      },
      "geometry": {
        "type": "Point",
        "coordinates": [
          11.428476,
          48.120388
        ]
      }
    },
    {
      "type": "Feature",
      "properties": {
        "Brewery Name": "Stable Craft Brewing",
        "Beers Rated": 1,
        "My Rating": 3.25,
        "Global Rating": 3.80406,
        "Avg Diff": -0.5540600000000002,
        "description": "Stable Craft Brewing & Cidery- 139 taps pouring Farm Fresh Beers, hand-crafted ciders, local wine and CBD sparking water, a full dining menu available. Growler fills, Kegs, and bottled beer available for off-site consumption. Enjoy RaD Beer program (Research & Development) with new beers releasing most Fridays.\r\nThree private banquet, party & conference event rooms seating 40-200 people, Winter Igloos, and festival grounds.\r\nWe are located on a true working horse & hop farm.  Soak in panoramic views of the Blue Ridge Mountains, walk the farm and visit the chickens and experience our horses. Professional sand volleyball court, life-sized beer pong, corn hole, Jenga & get your picture at our giant chuckwagon.",
        "image_url": "https://assets.untappd.com/site/brewery_logos_hd/brewery-263522_e0f03_hd.jpeg",
        "ratingValue": 3.693,
        "bestRating": 5,
        "reviewCount": 23665,
        "streetAddress": "21 Livery Lane",
        "addressLocality": "Waynesboro",
        "addressRegion": "VA",
        "telephone": "",
        "warningservesCuisine": "",
        "full_address": "21 Livery Lane, Waynesboro, VA",
        "Latitude": 38.160465,
        "Longitude": -78.9062967,
        "City": "Waynesboro",
        "State": "VA",
        "Country": "United States",
        "VORB": null
      },
      "geometry": {
        "type": "Point",
        "coordinates": [
          -78.9062967,
          38.160465
        ]
      }
    },
    {
      "type": "Feature",
      "properties": {
        "Brewery Name": "Stella Artois",
        "Beers Rated": 1,
        "My Rating": 4.0,
        "Global Rating": 3.2852,
        "Avg Diff": 0.7147999999999999,
        "description": "",
        "image_url": "https://assets.untappd.com/site/brewery_logos/brewery-265_7be0f.jpeg",
        "ratingValue": 3.282,
        "bestRating": 5,
        "reviewCount": 902479,
        "streetAddress": "Brouwerijplein 1",
        "addressLocality": "Leuven Belgium",
        "addressRegion": "Vlaams Gewest",
        "telephone": "",
        "warningservesCuisine": "",
        "full_address": "Brouwerijplein 1, Leuven Belgium, Vlaams Gewest",
        "Latitude": 50.8868849,
        "Longitude": 4.7069134,
        "City": "Leuven Belgium",
        "State": "Vlaams Gewest",
        "Country": "Belgique",
        "VORB": null
      },
      "geometry": {
        "type": "Point",
        "coordinates": [
          4.7069134,
          50.8868849
        ]
      }
    },
    {
      "type": "Feature",
      "properties": {
        "Brewery Name": "Switchback Brewing Company",
        "Beers Rated": 1,
        "My Rating": 4.0,
        "Global Rating": 3.62619,
        "Avg Diff": 0.3738100000000002,
        "description": "Switchback Brewing Company, founded in 2002 by Master Brewer Bill Cherry and his longtime friend Jeff Neiblum, is a 100% employee-owned brewery in Burlington’s South End. Focused from the start on brewing the highest quality beer, every Switchback is left unfiltered and naturally conditioned for maximum complexity and flavor. Today, our beers are distributed throughout New England as well as parts of New York and Virginia. Visitors can experience it all at the Switchback Beer Garden & Smokehouse, where house-smoked meats and Southern-inspired dishes pair perfectly with our full lineup of award-winning beers, spirits, and non-alcoholic options.",
        "image_url": "https://assets.untappd.com/site/brewery_logos/brewery-1227_2e7aa.jpeg",
        "ratingValue": 3.634,
        "bestRating": 5,
        "reviewCount": 153299,
        "streetAddress": "160 Flynn Ave.",
        "addressLocality": "Burlington",
        "addressRegion": "VT",
        "telephone": "",
        "warningservesCuisine": "",
        "full_address": "160 Flynn Ave., Burlington, VT",
        "Latitude": 44.456184,
        "Longitude": -73.220689,
        "City": "Burlington",
        "State": "VT",
        "Country": "United States",
        "VORB": null
      },
      "geometry": {
        "type": "Point",
        "coordinates": [
          -73.220689,
          44.456184
        ]
      }
    },
    {
      "type": "Feature",
      "properties": {
        "Brewery Name": "T.F. Brewing - Templin Family",
        "Beers Rated": 2,
        "My Rating": 3.375,
        "Global Rating": 4.2856000000000005,
        "Avg Diff": -0.9106000000000005,
        "description": "Family owned and operated brewery in the Granary District of Salt Lake City, Utah. Specializing in quality lagers, and classic German styles. We like to get creative too.",
        "image_url": "https://assets.untappd.com/site/brewery_logos_hd/brewery-410388_f1471_hd.jpeg",
        "ratingValue": 3.967,
        "bestRating": 5,
        "reviewCount": 52220,
        "streetAddress": "936 S 300 W",
        "addressLocality": "Salt Lake City",
        "addressRegion": "UT",
        "telephone": "",
        "warningservesCuisine": "",
        "full_address": "936 S 300 W, Salt Lake City, UT",
        "Latitude": 40.748656,
        "Longitude": -111.900167,
        "City": "Salt Lake City",
        "State": "UT",
        "Country": "United States",
        "VORB": null
      },
      "geometry": {
        "type": "Point",
        "coordinates": [
          -111.900167,
          40.748656
        ]
      }
    },
    {
      "type": "Feature",
      "properties": {
        "Brewery Name": "TEKTONIK",
        "Beers Rated": 2,
        "My Rating": 3.25,
        "Global Rating": 3.569645,
        "Avg Diff": -0.31964499999999996,
        "description": "Ko v pivovarni Tektonik govorimo o pivu, postanemo resni.\r\n\r\nSkoraj smrtno resni...\r\n\r\nKakovostna piva, ki jih želimo ponuditi kupcem, dojemamo\r\nkot vrhunski kulinarično-uživaški dogodek. Vsak požirek, ki\r\noblije jezik in spolzi po grlu, se pretopi v užitek, za katerega si želiš, da bi trajal večno. V pivo smo preprosto zaljubljeni!\r\n\r\nŠirok izbor najkakovostnejših surovin priznanih svetovnih\r\npridelovalcev nam omogoča, da ustvarjamo tako rekoč\r\nneomejen nabor okusov in arom, s katerimi lahko razveselimo\r\nše tako zahtevne pivce. Drugače kot veliki industrijski\r\nproizvajalci, ki stavijo na povprečen okus širokih množic, se v naši craft pivovarni Tektonik osredotočamo na ustvarjanje izvirnih receptur, podprtih s poznavanjem bogate tradicije angleških, belgijskih in nemških pivovarskih praks.\r\n\r\nS sodobnim in doslednim pristopom ter vrhunsko tehnologijo,\r\nki nam kot češnja na torti, pomaga uresničiti naše zamisli o drugačnem pivu. Pivu kot golem užitku.",
        "image_url": "https://assets.untappd.com/site/brewery_logos_hd/brewery-228967_17d5e_hd.jpeg",
        "ratingValue": 3.428,
        "bestRating": 5,
        "reviewCount": 40144,
        "streetAddress": "Likozarjeva ulica 1",
        "addressLocality": "Ljubljana Slovenia",
        "addressRegion": "Osrednjeslovenska",
        "telephone": "",
        "warningservesCuisine": "",
        "full_address": "Likozarjeva ulica 1, Ljubljana Slovenia, Osrednjeslovenska",
        "Latitude": 46.0597888,
        "Longitude": 14.5052757,
        "City": "Ljubljana Slovenia",
        "State": "Osrednjeslovenska",
        "Country": "Slovenija",
        "VORB": null
      },
      "geometry": {
        "type": "Point",
        "coordinates": [
          14.5052757,
          46.0597888
        ]
      }
    },
    {
      "type": "Feature",
      "properties": {
        "Brewery Name": "The Alchemist",
        "Beers Rated": 4,
        "My Rating": 4.3125,
        "Global Rating": 4.34699,
        "Avg Diff": -0.03448999999999991,
        "description": "John and Jen Kimmich originally opened The Alchemist as a 60 seat brew pub in the village of Waterbury in 2003. After eight years of success and growing popularity, they decided to open a small production brewery in Waterbury in 2011.\r\n\r\nNot long after, Tropical Storm Irene flooded much of the state, causing widespread damage in downtown Waterbury, including the Pub. Forced to shut the Pub doors, the Kimmichs focused their efforts on the new Cannery and distributing Heady Topper locally.\r\nPop-up truck sales, long lines in Waterbury, and a booming craft beer scene led up to the opening of the 2016 Stowe Brewery and Visitor’s Center.\r\n\r\nToday, The Alchemist operates two breweries in Waterbury and Stowe and distributes Heady Topper and Focal Banger throughout the state, with the occasional out-of-state shipment. Limited specialty beers are released at the Stowe Brewery only, where curbside beer sales have been our only public contact since March 2020.",
        "image_url": "https://assets.untappd.com/site/brewery_logos_hd/brewery-1244_f17ed_hd.jpeg",
        "ratingValue": 4.321,
        "bestRating": 5,
        "reviewCount": 818936,
        "streetAddress": "100 Cottage Club Road",
        "addressLocality": "Stowe",
        "addressRegion": "VT",
        "telephone": "",
        "warningservesCuisine": "",
        "full_address": "100 Cottage Club Road, Stowe, VT",
        "Latitude": 44.476049,
        "Longitude": -72.71577,
        "City": "Stowe",
        "State": "VT",
        "Country": "United States",
        "VORB": 49.39862542955326
      },
      "geometry": {
        "type": "Point",
        "coordinates": [
          -72.71577,
          44.476049
        ]
      }
    },
    {
      "type": "Feature",
      "properties": {
        "Brewery Name": "The Drowned Lands Brewery",
        "Beers Rated": 3,
        "My Rating": 4.0,
        "Global Rating": 3.959996666666667,
        "Avg Diff": 0.04000333333333295,
        "description": "The Drowned Lands is a farm brewery founded as a homage to the dirt on which it is built.  \r\n\r\nIt is a culmination of years of exploration and inspiration from the land. \r\n\r\nThe beer we create takes its cues from the richest soil in the country - connected distinctly to both time and place - inspired by old world techniques and modern innovation. \r\n\r\nAnything worth doing takes time, so slow down and stay awhile.\r\n\r\n\"Best Brewery in NY State\" TAP NY 2022, \"10 Best Brewery in the Country\" USA Today, \"10 Best New Breweries USA\" Hop Culture Magazine",
        "image_url": "https://assets.untappd.com/site/brewery_logos_hd/brewery-459686_4ed92_hd.jpeg",
        "ratingValue": 4.035,
        "bestRating": 5,
        "reviewCount": 164621,
        "streetAddress": "251 State School Rd",
        "addressLocality": "Warwick",
        "addressRegion": "NY",
        "telephone": "",
        "warningservesCuisine": "",
        "full_address": "251 State School Rd, Warwick, NY",
        "Latitude": 41.280031,
        "Longitude": -74.306406,
        "City": "Warwick",
        "State": "NY",
        "Country": "United States",
        "VORB": 18.148625429553267
      },
      "geometry": {
        "type": "Point",
        "coordinates": [
          -74.306406,
          41.280031
        ]
      }
    },
    {
      "type": "Feature",
      "properties": {
        "Brewery Name": "The Hopfheiser Brewing Company",
        "Beers Rated": 1,
        "My Rating": 3.25,
        "Global Rating": 3.37528,
        "Avg Diff": -0.12528000000000006,
        "description": "",
        "image_url": "https://assets.untappd.com/site/brewery_logos_hd/brewery-519300_2432e_hd.jpeg",
        "ratingValue": 3.377,
        "bestRating": 5,
        "reviewCount": 3693,
        "streetAddress": "",
        "addressLocality": "Washington",
        "addressRegion": "DC",
        "telephone": "",
        "warningservesCuisine": "",
        "full_address": "Washington, DC",
        "Latitude": 38.89206314,
        "Longitude": -77.01991272,
        "City": "Washington",
        "State": "DC",
        "Country": "United States",
        "VORB": null
      },
      "geometry": {
        "type": "Point",
        "coordinates": [
          -77.01991272,
          38.89206314
        ]
      }
    },
    {
      "type": "Feature",
      "properties": {
        "Brewery Name": "The Veil Brewing Co.",
        "Beers Rated": 10,
        "My Rating": 4.075,
        "Global Rating": 4.088194,
        "Avg Diff": -0.013193999999999484,
        "description": "Craft brewery located in Richmond and Norfolk, Va. Focusing on hop-forward ales, high gravity barrel aging, and spontaneous fermentation.",
        "image_url": "https://assets.untappd.com/site/brewery_logos_hd/brewery-245461_7b8d6_hd.jpeg",
        "ratingValue": 4.156,
        "bestRating": 5,
        "reviewCount": 1756730,
        "streetAddress": "1509 Belleville St",
        "addressLocality": "Richmond",
        "addressRegion": "VA",
        "telephone": "",
        "warningservesCuisine": "",
        "full_address": "1509 Belleville St, Richmond, VA",
        "Latitude": 37.57129,
        "Longitude": -77.474632,
        "City": "Richmond",
        "State": "VA",
        "Country": "United States",
        "VORB": 49.39862542955326
      },
      "geometry": {
        "type": "Point",
        "coordinates": [
          -77.474632,
          37.57129
        ]
      }
    },
    {
      "type": "Feature",
      "properties": {
        "Brewery Name": "The Virginia Beer Co. (VBC)",
        "Beers Rated": 1,
        "My Rating": 3.5,
        "Global Rating": 3.9249,
        "Avg Diff": -0.42490000000000006,
        "description": "BEER · PEOPLE · PURPOSE \r\n\r\n— — —\r\n\r\nOur beers are only as good as the people with whom we share them. That starts with a talented team and extends to our guests, Full-Time Friends Social Club, and the people in our community. Together we’ve worked to create a dynamic environment and recipe lineup that encourages beers for all + cheers with all, and reflects the positive spirit of our brewery.\r\n\r\n— — —\r\n\r\nCheers from Williamsburg, VA!",
        "image_url": "https://assets.untappd.com/site/brewery_logos_hd/brewery-218948_be3d9_hd.jpeg",
        "ratingValue": 3.767,
        "bestRating": 5,
        "reviewCount": 204151,
        "streetAddress": "401 Second St",
        "addressLocality": "Williamsburg",
        "addressRegion": "VA",
        "telephone": "",
        "warningservesCuisine": "",
        "full_address": "401 Second St, Williamsburg, VA",
        "Latitude": 37.272157,
        "Longitude": -76.681278,
        "City": "Williamsburg",
        "State": "VA",
        "Country": "United States",
        "VORB": null
      },
      "geometry": {
        "type": "Point",
        "coordinates": [
          -76.681278,
          37.272157
        ]
      }
    },
    {
      "type": "Feature",
      "properties": {
        "Brewery Name": "Three Notch’d Brewing Company",
        "Beers Rated": 2,
        "My Rating": 3.0,
        "Global Rating": 3.7908299999999997,
        "Avg Diff": -0.7908299999999997,
        "description": "Three Notch’d has been brewing up award winning beer since 2013. As we have opened locations throughout Virginia, and South Caorlina as well as expanded our distribution to every corner of the state, we are committed to offering only the freshest and highest quality beer!",
        "image_url": "https://assets.untappd.com/site/brewery_logos_hd/brewery-79438_59e85_hd.jpeg",
        "ratingValue": 3.738,
        "bestRating": 5,
        "reviewCount": 408734,
        "streetAddress": "520 2nd St SE",
        "addressLocality": "Charlottesville",
        "addressRegion": "VA",
        "telephone": "",
        "warningservesCuisine": "",
        "full_address": "520 2nd St SE, Charlottesville, VA",
        "Latitude": 38.026121,
        "Longitude": -78.482181,
        "City": "Charlottesville",
        "State": "VA",
        "Country": "United States",
        "VORB": null,
        "Brewery URL": "https://untappd.com/ThreeNotchdBrewing"
      },
      "geometry": {
        "type": "Point",
        "coordinates": [
          -78.482181,
          38.026121
        ]
      }
    },
    {
      "type": "Feature",
      "properties": {
        "Brewery Name": "Threes Brewing",
        "Beers Rated": 2,
        "My Rating": 3.5,
        "Global Rating": 3.97287,
        "Avg Diff": -0.4728699999999999,
        "description": "Hosting Saison Day, Saturday, April 19th in Gowanus.",
        "image_url": "https://assets.untappd.com/site/brewery_logos/brewery-161808_dc1c3.jpeg",
        "ratingValue": 3.903,
        "bestRating": 5,
        "reviewCount": 316182,
        "streetAddress": "333 Douglass St",
        "addressLocality": "Brooklyn",
        "addressRegion": "NY",
        "telephone": "",
        "warningservesCuisine": "",
        "full_address": "333 Douglass St, Brooklyn, NY",
        "Latitude": 40.679773,
        "Longitude": -73.982098,
        "City": "Brooklyn",
        "State": "NY",
        "Country": "United States",
        "VORB": null
      },
      "geometry": {
        "type": "Point",
        "coordinates": [
          -73.982098,
          40.679773
        ]
      }
    },
    {
      "type": "Feature",
      "properties": {
        "Brewery Name": "Tilted Barn Brewery",
        "Beers Rated": 1,
        "My Rating": 4.0,
        "Global Rating": 4.27002,
        "Avg Diff": -0.2700199999999997,
        "description": "Located in our authentic, New England-style post and beam barn, we are proud to be Rhode Island's first farm brewery. A visit to Tilted Barn allows you to sit back and relax while off the beaten path, and enjoy the fruits of our labor. Our small batch, hand-craft ales are best enjoyed fresh so be sure to make the trek early and often for a true farm-to-pint experience.",
        "image_url": "https://assets.untappd.com/site/brewery_logos/brewery-169578_dfd0d.jpeg",
        "ratingValue": 4.105,
        "bestRating": 5,
        "reviewCount": 185451,
        "streetAddress": "1 Hemsley Place",
        "addressLocality": "Exeter",
        "addressRegion": "RI",
        "telephone": "",
        "warningservesCuisine": "",
        "full_address": "1 Hemsley Place, Exeter, RI",
        "Latitude": 41.57740402,
        "Longitude": -71.53775787,
        "City": "Exeter",
        "State": "RI",
        "Country": "United States",
        "VORB": null
      },
      "geometry": {
        "type": "Point",
        "coordinates": [
          -71.53775787,
          41.57740402
        ]
      }
    },
    {
      "type": "Feature",
      "properties": {
        "Brewery Name": "Timber Ales",
        "Geocoding Status": "pending",
        "description": "A brewery focused on barrel-aged dark liquids.\r\n\r\nBorn in NYC, Brewed in CT",
        "image_url": "https://assets.untappd.com/site/brewery_logos_hd/brewery-396873_a5cf3_hd.jpeg",
        "ratingValue": 4.191,
        "bestRating": 5,
        "reviewCount": 149236,
        "streetAddress": "",
        "addressLocality": "North Haven",
        "addressRegion": "CT",
        "telephone": "",
        "warningservesCuisine": "",
        "full_address": "North Haven, CT",
        "City": "North Haven",
        "State": "CT",
        "Brewery URL": "https://untappd.com/TimberAles",
        "Beers Rated": 1,
        "My Rating": 4.5,
        "Global Rating": 4.14066,
        "Avg Diff": 0.35934000000000044,
        "VORB": null
      },
      "geometry": null
    },
    {
      "type": "Feature",
      "properties": {
        "Brewery Name": "Timber Creek Tap & Table",
        "Beers Rated": 1,
        "My Rating": 3.5,
        "Global Rating": 3.72478,
        "Avg Diff": -0.22477999999999998,
        "description": "TimberCreek is a locally owned and family operated Brewpub specializing in a family friendly enhanced causal dining experience with award winning handcrafted beer.",
        "image_url": "https://assets.untappd.com/site/brewery_logos_hd/brewery-28351_19d59_hd.jpeg",
        "ratingValue": 3.67,
        "bestRating": 5,
        "reviewCount": 34710,
        "streetAddress": "11191 Highline Drive",
        "addressLocality": "Meadville",
        "addressRegion": "PA",
        "telephone": "",
        "warningservesCuisine": "",
        "full_address": "11191 Highline Drive, Meadville, PA",
        "Latitude": 41.620517,
        "Longitude": -80.203137,
        "City": "Meadville",
        "State": "PA",
        "Country": "United States",
        "VORB": null
      },
      "geometry": {
        "type": "Point",
        "coordinates": [
          -80.203137,
          41.620517
        ]
      }
    },
    {
      "type": "Feature",
      "properties": {
        "Brewery Name": "Tired Hands Brewing Company",
        "Beers Rated": 1,
        "My Rating": 3.5,
        "Global Rating": 4.18004,
        "Avg Diff": -0.68004,
        "description": "",
        "image_url": "https://assets.untappd.com/site/brewery_logos/brewery-6226_cf488.jpeg",
        "ratingValue": 4.094,
        "bestRating": 5,
        "reviewCount": 1826930,
        "streetAddress": "35 Cricket Terrace",
        "addressLocality": "Ardmore",
        "addressRegion": "PA",
        "telephone": "",
        "warningservesCuisine": "",
        "full_address": "35 Cricket Terrace, Ardmore, PA",
        "Latitude": 40.006853,
        "Longitude": -75.290321,
        "City": "Ardmore",
        "State": "PA",
        "Country": "United States",
        "VORB": null
      },
      "geometry": {
        "type": "Point",
        "coordinates": [
          -75.290321,
          40.006853
        ]
      }
    },
    {
      "type": "Feature",
      "properties": {
        "Brewery Name": "Toppling Goliath Brewing Co.",
        "Beers Rated": 7,
        "My Rating": 4.25,
        "Global Rating": 4.256357142857143,
        "Avg Diff": -0.006357142857143394,
        "description": "Named 2023 & 2021 US Beer Open Grand National Champions. Founded in 2009 in beautiful Decorah, Iowa. World-renowned for IPAs and barrel-aged stouts, distributing to over 30 states and brewing more than 35 beers. TG prides it’s-self in crafting truly top-shelf beer and is honored to be growing with the support of its many customers worldwide.",
        "image_url": "https://assets.untappd.com/site/brewery_logos_hd/brewery-7532_a62d3_hd.jpeg",
        "ratingValue": 4.135,
        "bestRating": 5,
        "reviewCount": 2262846,
        "streetAddress": "1600 Prosperity Rd",
        "addressLocality": "Decorah",
        "addressRegion": "IA",
        "telephone": "",
        "warningservesCuisine": "",
        "full_address": "1600 Prosperity Rd, Decorah, IA",
        "Latitude": 43.273959,
        "Longitude": -91.726299,
        "City": "Decorah",
        "State": "IA",
        "Country": "United States",
        "VORB": 47.31529209621988
      },
      "geometry": {
        "type": "Point",
        "coordinates": [
          -91.726299,
          43.273959
        ]
      }
    },
    {
      "type": "Feature",
      "properties": {
        "Brewery Name": "Trapezium Brewing Co",
        "Beers Rated": 1,
        "My Rating": 3.5,
        "Global Rating": 3.79132,
        "Avg Diff": -0.2913199999999998,
        "description": "Trapezium Brewing Co. takes its name from the iconic Trapezium House, just a few blocks to the west of our tap room and 30 barrel production facility. The historic building is a quirky three-story structure built with no right angles, and through the years all sort of stories and superstitions have been assigned to it. We see it as a metaphor — it’s a quirky building in a quirky town, where doing things differently usually gets the best results.",
        "image_url": "https://assets.untappd.com/site/brewery_logos/brewery-277271_19433.jpeg",
        "ratingValue": 3.689,
        "bestRating": 5,
        "reviewCount": 38266,
        "streetAddress": "423 3rd St.",
        "addressLocality": "Petersburg",
        "addressRegion": "VA",
        "telephone": "",
        "warningservesCuisine": "",
        "full_address": "423 3rd St., Petersburg, VA",
        "Latitude": 37.233452,
        "Longitude": -77.401074,
        "City": "Petersburg",
        "State": "VA",
        "Country": "United States",
        "VORB": null
      },
      "geometry": {
        "type": "Point",
        "coordinates": [
          -77.401074,
          37.233452
        ]
      }
    },
    {
      "type": "Feature",
      "properties": {
        "Brewery Name": "Tree House Brewing Company",
        "Beers Rated": 30,
        "My Rating": 4.316666666666666,
        "Global Rating": 4.318347,
        "Avg Diff": -0.0016803333333337278,
        "description": "Tree House Brewing Company brews a vast array of ales.  The offerings vary based on the season, our moods, and innovations discovered in the midst of day in and day out brewing.  Our artisan brewery knows no bounds and we are driven by an intense curiosity of ingredients and how they blend together to create something special.",
        "image_url": "https://assets.untappd.com/site/brewery_logos/brewery-treehousebrewingcompany_20084.jpeg",
        "ratingValue": 4.316,
        "bestRating": 5,
        "reviewCount": 5845122,
        "streetAddress": "129 Sturbridge Rd",
        "addressLocality": "Charlton",
        "addressRegion": "MA",
        "telephone": "",
        "warningservesCuisine": "",
        "full_address": "129 Sturbridge Rd, Charlton, MA",
        "Latitude": 42.137083,
        "Longitude": -72.012023,
        "City": "Charlton",
        "State": "MA",
        "Country": "United States",
        "VORB": 64.48483232610505
      },
      "geometry": {
        "type": "Point",
        "coordinates": [
          -72.012023,
          42.137083
        ]
      }
    },
    {
      "type": "Feature",
      "properties": {
        "Brewery Name": "Trillium Brewing Company",
        "Beers Rated": 11,
        "My Rating": 4.0,
        "Global Rating": 4.187982727272727,
        "Avg Diff": -0.18798272727272725,
        "description": "A New England farmhouse-inspired brewery rooted in community and shared experiences.",
        "image_url": "https://assets.untappd.com/site/brewery_logos_hd/brewery-23038_d3f91_hd.jpeg",
        "ratingValue": 4.24,
        "bestRating": 5,
        "reviewCount": 3313552,
        "streetAddress": "100 Royall St",
        "addressLocality": "Canton",
        "addressRegion": "MA",
        "telephone": "",
        "warningservesCuisine": "",
        "full_address": "100 Royall St, Canton, MA",
        "Latitude": 42.205537,
        "Longitude": -71.121867,
        "City": "Canton",
        "State": "MA",
        "Country": "United States",
        "VORB": 34.398625429553235
      },
      "geometry": {
        "type": "Point",
        "coordinates": [
          -71.121867,
          42.205537
        ]
      }
    },
    {
      "type": "Feature",
      "properties": {
        "Brewery Name": "Tripping Animals Brewing Co.",
        "Beers Rated": 1,
        "My Rating": 3.5,
        "Global Rating": 3.96602,
        "Avg Diff": -0.4660199999999999,
        "description": "Tripping Animals Brewing Co. is an independent, family-owned craft brewery with locations in the Doral Arts District and Oakland Park, Florida. Known for bold creativity, community-driven energy, and an unwavering commitment to quality, we brew beers that are as expressive as they are drinkable. Always innovative, always authentic — and always trippy.",
        "image_url": "https://assets.untappd.com/site/brewery_logos_hd/brewery-309155_df8e9_hd.jpeg",
        "ratingValue": 4.009,
        "bestRating": 5,
        "reviewCount": 499093,
        "streetAddress": "2685 NW 105th Ave",
        "addressLocality": "Doral",
        "addressRegion": "FL",
        "telephone": "",
        "warningservesCuisine": "",
        "full_address": "2685 NW 105th Ave, Doral, FL",
        "Latitude": 25.798755,
        "Longitude": -80.366881,
        "City": "Doral",
        "State": "FL",
        "Country": "United States",
        "VORB": null
      },
      "geometry": {
        "type": "Point",
        "coordinates": [
          -80.366881,
          25.798755
        ]
      }
    },
    {
      "type": "Feature",
      "properties": {
        "Brewery Name": "Tsingtao (青岛啤酒) Brewery",
        "Beers Rated": 1,
        "My Rating": 3.5,
        "Global Rating": 2.9143,
        "Avg Diff": 0.5857000000000001,
        "description": "In August 1903 the Tsingtao Brewery was founded by adventure driven German and British settlers in Qingdao, China.\r\nAt present, Tsingtao Beer is exported to more than 100 countries and regions in the world such as the United States, Canada, Britain, France, Germany, Italy, Australia, South Korea, Japan, Denmark, Russia, etc., and is the fifth largest beer producer in the world.",
        "image_url": "https://assets.untappd.com/site/brewery_logos/brewery-TsingtaoBrewery_1594.jpeg",
        "ratingValue": 2.912,
        "bestRating": 5,
        "reviewCount": 425366,
        "streetAddress": "56 Deng Zhou Lu",
        "addressLocality": "Qing Dao Shi China / People's Republic of China",
        "addressRegion": "Shan Dong Sheng",
        "telephone": "",
        "warningservesCuisine": "",
        "full_address": "56 Deng Zhou Lu, Qing Dao Shi China / People's Republic of China, Shan Dong Sheng",
        "Latitude": 36.0794798,
        "Longitude": 120.3446415,
        "City": "Qing Dao Shi China / People's Republic of China",
        "State": "Shan Dong Sheng",
        "Country": "China",
        "VORB": null
      },
      "geometry": {
        "type": "Point",
        "coordinates": [
          120.3446415,
          36.0794798
        ]
      }
    },
    {
      "type": "Feature",
      "properties": {
        "Brewery Name": "Tucher Bräu",
        "Beers Rated": 1,
        "My Rating": 3.5,
        "Global Rating": 3.59012,
        "Avg Diff": -0.0901200000000002,
        "description": "Tucher is a brewery where classic, time tested methods and ultra sophisticated modern techniques go hand in hand. Historical chronicles from as far back as 1672 mention the Städtischen Weizenbrauhaus brewery of Nuremberg. “Made from the finest ingredients and for every palate” is and has always been Tucher’s watchword across its entire portfolio of beers ranging from classic Pilsener to sprightly Hefe Weizen to specialty beers such as Tucher Christkindlesmarkt Bier:",
        "image_url": "https://assets.untappd.com/site/brewery_logos/brewery-TucherBrau_8309.jpeg",
        "ratingValue": 3.389,
        "bestRating": 5,
        "reviewCount": 355689,
        "streetAddress": "Tucherstraße 10",
        "addressLocality": "Fürth Germany",
        "addressRegion": "Bayern",
        "telephone": "",
        "warningservesCuisine": "",
        "full_address": "Tucherstraße 10, Fürth Germany, Bayern",
        "Latitude": 49.4410295,
        "Longitude": 10.9963288,
        "City": "Fürth Germany",
        "State": "Bayern",
        "Country": "Germany",
        "VORB": null
      },
      "geometry": {
        "type": "Point",
        "coordinates": [
          10.9963288,
          49.4410295
        ]
      }
    },
    {
      "type": "Feature",
      "properties": {
        "Brewery Name": "Unibroue",
        "Beers Rated": 1,
        "My Rating": 3.5,
        "Global Rating": 3.95356,
        "Avg Diff": -0.45355999999999996,
        "description": "Inspirée par les histoires et les légendes québécoises, Unibroue brasse avec passion, joie de vivre et audace depuis 1992.\r\nGrâce à l’ambition d’une équipe dévouée, le premier brassin de Blanche de Chambly est devenu aujourd’hui une entreprise d’une centaine d’artisans qui brassent des bières haut de gamme distinctives. Pionniers de la bière artisanale au Québec, nous nous sommes développés au même rythme que nous avons fait naître une toute nouvelle génération de consommateurs et de brasseurs.\r\n\r\nInspired by the stories and legends of Quebec. Since 1992, Unibroue brews with passion, joie de vivre and daring. Thanks to the ambition of a dedicated team, the first brew of Blanche de Chambly has now become a company of a hundred artisans who brew distinctive premium beers. We’re pioneers of craft beer in Quebec, growing just as fast as the new generation of consumers and brewers we’ve inspired.",
        "image_url": "https://assets.untappd.com/site/brewery_logos_hd/brewery-1307_fa680_hd.jpeg",
        "ratingValue": 3.779,
        "bestRating": 5,
        "reviewCount": 870725,
        "streetAddress": "80 rue des Carrières",
        "addressLocality": "Chambly Canada",
        "addressRegion": "QC",
        "telephone": "",
        "warningservesCuisine": "",
        "full_address": "80 rue des Carrières, Chambly Canada, QC",
        "Latitude": 45.441132,
        "Longitude": -73.261851,
        "City": "Chambly Canada",
        "State": "QC",
        "Country": "Canada",
        "VORB": null
      },
      "geometry": {
        "type": "Point",
        "coordinates": [
          -73.261851,
          45.441132
        ]
      }
    },
    {
      "type": "Feature",
      "properties": {
        "Brewery Name": "Utica Club",
        "Geocoding Status": "pending",
        "description": "First brewed in 1933 at a brewery founded in 1888, Utica Club is a true American original. Born in Utica, New York and built for real people, UC is known for its smooth, easy-drinking taste and no-nonsense attitude. Family-owned, proudly local, and steeped in tradition, Utica Club has always been about good times, honest beer, and unbeatable value—because some things don’t need to change to stay great.",
        "image_url": "https://assets.untappd.com/site/brewery_logos/brewery-3885_ff8a9.jpeg",
        "ratingValue": 3.26,
        "bestRating": 5,
        "reviewCount": 19133,
        "streetAddress": "830 Varick St",
        "addressLocality": "Utica",
        "addressRegion": "NY",
        "telephone": "",
        "warningservesCuisine": "",
        "full_address": "830 Varick St, Utica, NY",
        "City": "Utica",
        "State": "NY",
        "Brewery URL": "https://untappd.com/WestEndBrewingCompany",
        "Beers Rated": 1,
        "My Rating": 3.5,
        "Global Rating": 3.25305,
        "Avg Diff": 0.24695,
        "VORB": null
      },
      "geometry": null
    },
    {
      "type": "Feature",
      "properties": {
        "Brewery Name": "Vault Brewing Company",
        "Beers Rated": 1,
        "My Rating": 2.75,
        "Global Rating": 3.96665,
        "Avg Diff": -1.21665,
        "description": "Vault Brewing Company is a craft brewery and brewpub located in Yardley, PA that focuses on brewing high quality ales, lagers, and everything in between. The brewpub, which is housed in the former Yardley National Bank building that dates to the 1890’s, offers a fresh and seasonal menu consisting of wood fired pizzas, salads, sandwiches, tacos, and appetizers using ingredients sourced from local farms.",
        "image_url": "https://assets.untappd.com/site/brewery_logos/brewery-30324_54960.jpeg",
        "ratingValue": 3.804,
        "bestRating": 5,
        "reviewCount": 157548,
        "streetAddress": "10 South Main St.",
        "addressLocality": "Yardley",
        "addressRegion": "PA",
        "telephone": "",
        "warningservesCuisine": "",
        "full_address": "10 South Main St., Yardley, PA",
        "Latitude": 40.242342,
        "Longitude": -74.838504,
        "City": "Yardley",
        "State": "PA",
        "Country": "United States",
        "VORB": null
      },
      "geometry": {
        "type": "Point",
        "coordinates": [
          -74.838504,
          40.242342
        ]
      }
    },
    {
      "type": "Feature",
      "properties": {
        "Brewery Name": "Wayward Lane Brewing",
        "Geocoding Status": "pending",
        "description": "A true farm brewery in Schoharie, NY. Lager of all kinds - Hazy & West Coast IPA - English Ales - Barrel Aged Strong Ales - Saison/Mixed Culture/Spon.",
        "image_url": "https://assets.untappd.com/site/brewery_logos_hd/brewery-494174_f8e05_hd.jpeg",
        "ratingValue": 4.066,
        "bestRating": 5,
        "reviewCount": 32599,
        "streetAddress": "251 Ward Ln",
        "addressLocality": "Schoharie",
        "addressRegion": "NY",
        "telephone": "",
        "warningservesCuisine": "",
        "full_address": "251 Ward Ln, Schoharie, NY",
        "City": "Schoharie",
        "State": "NY",
        "Brewery URL": "https://untappd.com/WaywardLaneBrewing",
        "Beers Rated": 1,
        "My Rating": 4.0,
        "Global Rating": 4.0023,
        "Avg Diff": -0.0022999999999999687,
        "VORB": null
      },
      "geometry": null
    },
    {
      "type": "Feature",
      "properties": {
        "Brewery Name": "Western Collective",
        "Beers Rated": 3,
        "My Rating": 3.5833333333333335,
        "Global Rating": 3.9961633333333335,
        "Avg Diff": -0.41283000000000003,
        "description": "The Best Beer, Service, and Experience in Idaho, Period.",
        "image_url": "https://assets.untappd.com/site/brewery_logos_hd/brewery-400621_8c888_hd.jpeg",
        "ratingValue": 3.794,
        "bestRating": 5,
        "reviewCount": 17217,
        "streetAddress": "111 W. 33rd Street",
        "addressLocality": "Garden City",
        "addressRegion": "ID",
        "telephone": "",
        "warningservesCuisine": "",
        "full_address": "111 W. 33rd Street, Garden City, ID",
        "Latitude": 43.621009,
        "Longitude": -116.23908,
        "City": "Garden City",
        "State": "ID",
        "Country": "United States",
        "VORB": -25.601374570446733
      },
      "geometry": {
        "type": "Point",
        "coordinates": [
          -116.23908,
          43.621009
        ]
      }
    },
    {
      "type": "Feature",
      "properties": {
        "Brewery Name": "Wheatland Spring Farm + Brewery",
        "Beers Rated": 10,
        "My Rating": 4.0,
        "Global Rating": 4.00955,
        "Avg Diff": -0.009549999999999947,
        "description": "Estate brewery growing beer. Truly.",
        "image_url": "https://assets.untappd.com/site/brewery_logos_hd/brewery-433200_bb48a_hd.jpeg",
        "ratingValue": 4.042,
        "bestRating": 5,
        "reviewCount": 32477,
        "streetAddress": "38506 John Wolford Rd",
        "addressLocality": "Waterford",
        "addressRegion": "VA",
        "telephone": "",
        "warningservesCuisine": "",
        "full_address": "38506 John Wolford Rd, Waterford, VA",
        "Latitude": 39.200363,
        "Longitude": -77.670932,
        "City": "Waterford",
        "State": "VA",
        "Country": "United States",
        "VORB": 34.1208476517755
      },
      "geometry": {
        "type": "Point",
        "coordinates": [
          -77.670932,
          39.200363
        ]
      }
    },
    {
      "type": "Feature",
      "properties": {
        "Brewery Name": "Wicked Weed Brewing",
        "Beers Rated": 1,
        "My Rating": 3.75,
        "Global Rating": 3.94002,
        "Avg Diff": -0.19002000000000008,
        "description": "We are focused on drinkability and boundary pushing recipes tempered only by quality of craft. Wicked Weed Brewing will always evolve, always grow, and always aspire to be better.",
        "image_url": "https://assets.untappd.com/site/brewery_logos_hd/brewery-37851_e0803_hd.jpeg",
        "ratingValue": 3.908,
        "bestRating": 5,
        "reviewCount": 1996933,
        "streetAddress": "91 Biltmore Ave.",
        "addressLocality": "Asheville",
        "addressRegion": "NC",
        "telephone": "",
        "warningservesCuisine": "",
        "full_address": "91 Biltmore Ave., Asheville, NC",
        "Latitude": 35.591689,
        "Longitude": -82.551126,
        "City": "Asheville",
        "State": "NC",
        "Country": "United States",
        "VORB": null
      },
      "geometry": {
        "type": "Point",
        "coordinates": [
          -82.551126,
          35.591689
        ]
      }
    },
    {
      "type": "Feature",
      "properties": {
        "Brewery Name": "Wico Street Beer Co.",
        "Beers Rated": 1,
        "My Rating": 3.75,
        "Global Rating": 3.92105,
        "Avg Diff": -0.17105000000000015,
        "description": "Sour focused brewery in the Pigtown neighborhood of Baltimore City, MD. Mixed culture and clean styles produced in small batches for barrel and foeder aging.",
        "image_url": "https://assets.untappd.com/site/brewery_logos_hd/brewery-515591_d53cf_hd.jpeg",
        "ratingValue": 3.83,
        "bestRating": 5,
        "reviewCount": 8142,
        "streetAddress": "1100 Wicomico St Ste 1A",
        "addressLocality": "Baltimore",
        "addressRegion": "MD",
        "telephone": "",
        "warningservesCuisine": "",
        "full_address": "1100 Wicomico St Ste 1A, Baltimore, MD",
        "Latitude": 39.27969,
        "Longitude": -76.629568,
        "City": "Baltimore",
        "State": "MD",
        "Country": "United States",
        "VORB": null
      },
      "geometry": {
        "type": "Point",
        "coordinates": [
          -76.629568,
          39.27969
        ]
      }
    },
    {
      "type": "Feature",
      "properties": {
        "Brewery Name": "Woodland Empire Ale Craft",
        "Beers Rated": 1,
        "My Rating": 3.75,
        "Global Rating": 3.10538,
        "Avg Diff": 0.6446200000000002,
        "description": "Woodland Empire Ale Craft works to craft good beer with Idaho-grown ingredients, shaped by local stories and a sense of place. #ProgressThroughBeer",
        "image_url": "https://assets.untappd.com/site/brewery_logos_hd/brewery-85614_49cb7_hd.jpeg",
        "ratingValue": 3.72,
        "bestRating": 5,
        "reviewCount": 63349,
        "streetAddress": "1114 W Front St",
        "addressLocality": "Boise",
        "addressRegion": "ID",
        "telephone": "",
        "warningservesCuisine": "",
        "full_address": "1114 W Front St, Boise, ID",
        "Latitude": 43.616528,
        "Longitude": -116.20907,
        "City": "Boise",
        "State": "ID",
        "Country": "United States",
        "VORB": null
      },
      "geometry": {
        "type": "Point",
        "coordinates": [
          -116.20907,
          43.616528
        ]
      }
    },
    {
      "type": "Feature",
      "properties": {
        "Brewery Name": "Wunderkammer Biermanufaktur",
        "Geocoding Status": "pending",
        "description": "Rural brewery on a dirt road in Vermont’s Northeast Kingdom, focusing on innovative mixed culture beers, foraging and brewing’s agrarian roots.",
        "image_url": "https://assets.untappd.com/site/brewery_logos/brewery-497083_c2b89.jpeg",
        "ratingValue": 4.182,
        "bestRating": 5,
        "reviewCount": 11802,
        "streetAddress": "4155 VT-15",
        "addressLocality": "Wolcott",
        "addressRegion": "VT",
        "telephone": "",
        "warningservesCuisine": "",
        "full_address": "4155 VT-15, Wolcott, VT",
        "City": "Wolcott",
        "State": "VT",
        "Brewery URL": "https://untappd.com/WunderkammerBiermanufaktur",
        "Beers Rated": 1,
        "My Rating": 4.25,
        "Global Rating": 3.95394,
        "Avg Diff": 0.2960600000000002,
        "VORB": null
      },
      "geometry": null
    },
    {
      "type": "Feature",
      "properties": {
        "Brewery Name": "Yuengling Brewery",
        "Beers Rated": 1,
        "My Rating": 3.25,
        "Global Rating": 3.50127,
        "Avg Diff": -0.2512699999999999,
        "description": "Based in Pottsville, PA, D.G. Yuengling & Son, Inc., America’s Oldest Brewery, is family owned and operated since 1829. Principal beer brands include Traditional Lager, Light Lager, Premium, Light, Black and Tan, Dark Brewed Porter, and Lord Chesterfield Ale. For more information, visit www.yuengling.com.",
        "image_url": "https://assets.untappd.com/site/brewery_logos_hd/brewery-1976_0241e_hd.jpeg",
        "ratingValue": 3.431,
        "bestRating": 5,
        "reviewCount": 1132866,
        "streetAddress": "501 Mahantongo Street",
        "addressLocality": "Pottsville",
        "addressRegion": "PA",
        "telephone": "",
        "warningservesCuisine": "",
        "full_address": "501 Mahantongo Street, Pottsville, PA",
        "Latitude": 40.6826967,
        "Longitude": -76.1977385,
        "City": "Pottsville",
        "State": "PA",
        "Country": "United States",
        "VORB": null
      },
      "geometry": {
        "type": "Point",
        "coordinates": [
          -76.1977385,
          40.6826967
        ]
      }
    },
    {
      "type": "Feature",
      "properties": {
        "Brewery Name": "Zero Gravity Beer",
        "Beers Rated": 2,
        "My Rating": 2.875,
        "Global Rating": 3.805645,
        "Avg Diff": -0.9306450000000002,
        "description": "Zero Gravity is a Burlington, Vermont based brewery that has been making beautiful and balanced beers since 2004. Brewing modern and unique originals while staying rooted in the classic styles and techniques of the world. In addition to selling beer throughout the Northeast, Zero Gravity has a brewery and beer hall located in the South End of Burlington, Vermont.",
        "image_url": "https://assets.untappd.com/site/brewery_logos_hd/brewery-4263_6c806_hd.jpeg",
        "ratingValue": 3.768,
        "bestRating": 5,
        "reviewCount": 423559,
        "streetAddress": "716 Pine St",
        "addressLocality": "Burlington",
        "addressRegion": "VT",
        "telephone": "",
        "warningservesCuisine": "",
        "full_address": "716 Pine St, Burlington, VT",
        "Latitude": 44.459649,
        "Longitude": -73.213706,
        "City": "Burlington",
        "State": "VT",
        "Country": "United States",
        "VORB": null,
        "Brewery URL": "https://untappd.com/ZeroGravityCraftBrewery"
      },
      "geometry": {
        "type": "Point",
        "coordinates": [
          -73.213706,
          44.459649
        ]
      }
    },
    {
      "type": "Feature",
      "properties": {
        "Brewery Name": "de Garde Brewing",
        "Beers Rated": 1,
        "My Rating": 4.0,
        "Global Rating": 4.20858,
        "Avg Diff": -0.20858000000000043,
        "description": "Spontaneous beer. Drawing great inspiration from European traditions, but tailored for our specific place and time.",
        "image_url": "https://assets.untappd.com/site/brewery_logos/brewery-64039_65d26.jpeg",
        "ratingValue": 4.254,
        "bestRating": 5,
        "reviewCount": 429378,
        "streetAddress": "114 Ivy Avenue",
        "addressLocality": "Tillamook",
        "addressRegion": "OR",
        "telephone": "",
        "warningservesCuisine": "",
        "full_address": "114 Ivy Avenue, Tillamook, OR",
        "Latitude": 45.457292,
        "Longitude": -123.845408,
        "City": "Tillamook",
        "State": "OR",
        "Country": "United States",
        "VORB": null
      },
      "geometry": {
        "type": "Point",
        "coordinates": [
          -123.845408,
          45.457292
        ]
      }
    },
    {
      "type": "Feature",
      "properties": {
        "Brewery Name": "everywhere",
        "Geocoding Status": "pending",
        "description": "we are a community-centric brewery based in orange, california. head to our website for more information, and have a nice day!",
        "image_url": "https://assets.untappd.com/site/brewery_logos_hd/brewery-523073_0761d_hd.jpeg",
        "ratingValue": 4.162,
        "bestRating": 5,
        "reviewCount": 124519,
        "streetAddress": "1501 West Orangewood Avenue, CA, USA",
        "addressLocality": "Orange",
        "addressRegion": "CA",
        "telephone": "",
        "warningservesCuisine": "",
        "full_address": "1501 West Orangewood Avenue, CA, USA, Orange, CA",
        "City": "Orange",
        "State": "CA",
        "Brewery URL": "https://untappd.com/EverywhereBeer",
        "Beers Rated": 1,
        "My Rating": 4.5,
        "Global Rating": 4.14934,
        "Avg Diff": 0.3506600000000004,
        "VORB": null
      },
      "geometry": null
    },
    {
      "type": "Feature",
      "properties": {
        "Brewery Name": "von Trapp Brewing",
        "Beers Rated": 10,
        "My Rating": 4.1,
        "Global Rating": 3.7409019999999997,
        "Avg Diff": 0.3590979999999999,
        "description": "Over the course of many visits to Austria, Johannes von Trapp, the youngest son of Maria and the Baron, gained an appreciation for the crisp, clean Austrian lager beers.  When the craft beer movement in the United States gained momentum in the early 1990s, there was a noticeable lack of focus on lagers.  It’s not surprising, considering that lagers are more challenging to brew, take longer to mature, and are therefore more expensive to create.  For two decades Johannes dreamed of building an Austrian-style brewery at the Trapp Family Lodge, and in 2010 that dream came to fruition.  A humble brewery with capacity for 2,000 barrels per year quickly attracted attention under the name Trapp Lager, and the brewery received requests from all over the United States.  The von Trapp family, who had always been reticent to commercialize their family heritage, realized that they had a product deserving of the family name.  The new facility, completed in 2015 under the name von Trapp Brewing, allowed the family to expand beyond their home territory and spread the gospel of craft lagers.",
        "image_url": "https://assets.untappd.com/site/brewery_logos_hd/brewery-4157_0ee20_hd.jpeg",
        "ratingValue": 3.654,
        "bestRating": 5,
        "reviewCount": 232109,
        "streetAddress": "1333 Luce Hill Rd",
        "addressLocality": "Stowe",
        "addressRegion": "VT",
        "telephone": "",
        "warningservesCuisine": "",
        "full_address": "1333 Luce Hill Rd, Stowe, VT",
        "Latitude": 44.470562,
        "Longitude": -72.735209,
        "City": "Stowe",
        "State": "VT",
        "Country": "United States",
        "VORB": 39.676403207331035
      },
      "geometry": {
        "type": "Point",
        "coordinates": [
          -72.735209,
          44.470562
        ]
      }
    }
  ]
}
