{
  "type": "FeatureCollection",
  "features": [
    {
      "type": "Feature",
      "properties": {
        "Pizzeria": "Ravenna",
        "Style": "Al Taglio",
        "State": "VA",
        "Rating": 3,
        "Date": "2025-03-02T19:34:00",
        "Notes": "I give this place 3 months... margherita was quite disappointing. Dried out sauce. One small piece of mozz per half slice...More heavily topped slices were better, but still held back by the average crust. And then the prices...downright offensive.",
        "Image": "Pizza_Images/Ravenna.Image.042338.jpg"
      },
      "geometry": {
        "type": "Point",
        "coordinates": [
          -77.07447363310557,
          38.89464547161259
        ]
      }
    },
    {
      "type": "Feature",
      "properties": {
        "Pizzeria": "El Jefe",
        "Style": "NY-Neapolitan",
        "State": "DC",
        "Rating": 5,
        "Date": "2025-02-17T15:29:00",
        "Notes": "Quite good. Very delicate crust. (food truck @ lost gen brewing)",
        "Image": "Pizza_Images/El Jefe.Image.231416.jpg"
      },
      "geometry": {
        "type": "Point",
        "coordinates": [
          -77.00093883349622,
          38.91364689129301
        ]
      }
    },
    {
      "type": "Feature",
      "properties": {
        "Pizzeria": "Bavaro's",
        "Style": "Neapolitan",
        "State": "FL",
        "Rating": 5,
        "Date": "2025-02-12T19:33:00",
        "Notes": "Quite good.",
        "Image": "Pizza_Images/Bavaro-s.Image.033401.jpg"
      },
      "geometry": {
        "type": "Point",
        "coordinates": [
          -82.53028261600373,
          27.33714559511561
        ]
      }
    },
    {
      "type": "Feature",
      "properties": {
        "Pizzeria": "Centre Court @ The Meadows",
        "Style": "Flatbread",
        "State": "FL",
        "Rating": 2,
        "Date": "2025-02-12T14:34:00",
        "Notes": "The sausage and onion were good. Great vibes at centre court",
        "Image": "Pizza_Images/Centre Court @ The Meadows.Image.033628.jpg"
      },
      "geometry": {
        "type": "Point",
        "coordinates": [
          -82.47964540526833,
          27.362183519583283
        ]
      }
    },
    {
      "type": "Feature",
      "properties": {
        "Pizzeria": "Deli Italiano",
        "Style": "Square",
        "State": "VA",
        "Rating": 3,
        "Date": "2025-01-22T21:29:58",
        "Notes": "Tastes better than it should. Unappealing look and kinda sponge-y and gummy crumb...but also kinda works",
        "Image": ""
      },
      "geometry": {
        "type": "Point",
        "coordinates": [
          -77.1573883777178,
          38.89927729474616
        ]
      }
    },
    {
      "type": "Feature",
      "properties": {
        "Pizzeria": "Angolino's",
        "Style": "New York",
        "State": "VA",
        "Rating": 3,
        "Date": "2025-01-12T13:41:13",
        "Notes": "Pleasant surprise. Nice crunch. Cheese and sauce leave a little to be desired. Under sauced. And a bit of pizza house flavor. But enjoyable.",
        "Image": "Pizza_Images/Angolino-s.Image.184543.jpg"
      },
      "geometry": {
        "type": "Point",
        "coordinates": [
          -77.095604,
          38.887181
        ]
      }
    },
    {
      "type": "Feature",
      "properties": {
        "Pizzeria": "Tree House Brewing Company - Deerfield",
        "Style": "New York",
        "State": "MA",
        "Rating": 5,
        "Date": "2025-01-01T13:58:13",
        "Notes": "Quite tasty. Thin and crispy crust.",
        "Image": "Pizza_Images/Tree House Brewing Company - Deerfield.Image.190029.jpg"
      },
      "geometry": {
        "type": "Point",
        "coordinates": [
          -72.609816,
          42.489403
        ]
      }
    },
    {
      "type": "Feature",
      "properties": {
        "Pizzeria": "Caputo's Pizzeria",
        "Style": "New York",
        "State": "NY",
        "Rating": 4,
        "Date": "2024-12-30T18:53:00",
        "Notes": "Was sitting out a bit, but still quite solid. Good sausage. Unnecessary garlic on the margherita, but still enjoyable",
        "Image": "Pizza_Images/Caputo-s Pizzeria.Image.185636.jpg"
      },
      "geometry": {
        "type": "Point",
        "coordinates": [
          -73.74184,
          43.099506
        ]
      }
    },
    {
      "type": "Feature",
      "properties": {
        "Pizzeria": "RC Pizza",
        "Style": "New York",
        "State": "VA",
        "Rating": 3,
        "Date": "2024-11-27T13:54:36",
        "Notes": "Really not bad. Thin crust with some crunch to it. Tomato-y tomato. Maybe a 4?",
        "Image": "Pizza_Images/RC Pizza.Image.185652.jpg"
      },
      "geometry": {
        "type": "Point",
        "coordinates": [
          -79.410264,
          37.804499
        ]
      }
    },
    {
      "type": "Feature",
      "properties": {
        "Pizzeria": "Catboat Pizza Bar",
        "Style": "Square",
        "State": "VA",
        "Rating": 4,
        "Date": "2024-10-12T14:29:00",
        "Notes": "From the Sonny's team. Great location. Crust wasn't super crispy and got soggier over time. Wonder how much they're doing on site.",
        "Image": "Pizza_Images/Catboat Pizza Bar.Image.203042.jpg"
      },
      "geometry": {
        "type": "Point",
        "coordinates": [
          -77.04168529749214,
          38.83325765233162
        ]
      }
    },
    {
      "type": "Feature",
      "properties": {
        "Pizzeria": "Riverside Brewing",
        "Style": "New York",
        "State": "PA",
        "Rating": 3,
        "Date": "2024-07-06T19:28:20",
        "Notes": "Low quality cheese, applied generously. Crust pretty good, though think I could do without the added sweetness from the maple syrup. Poor application of meats.",
        "Image": "Pizza_Images/Riverside Brewing.Image.233018.jpg"
      },
      "geometry": {
        "type": "Point",
        "coordinates": [
          -80.05311730329149,
          41.80576555799238
        ]
      }
    },
    {
      "type": "Feature",
      "properties": {
        "Pizzeria": "Padrone's Pizza",
        "Style": "American",
        "State": "PA",
        "Rating": 2,
        "Date": "2024-07-05T17:25:00",
        "Notes": "Soft spongey crust",
        "Image": "Pizza_Images/Padrone-s Pizza.Image.233138.jpg"
      },
      "geometry": {
        "type": "Point",
        "coordinates": [
          -80.39089503132962,
          41.40467180990012
        ]
      }
    },
    {
      "type": "Feature",
      "properties": {
        "Pizzeria": "Timber Creek Tap & Table",
        "Style": "New York",
        "State": "PA",
        "Rating": 4,
        "Date": "2024-07-04T18:31:00",
        "Notes": "Solid buff chick pizza. The bacon was a nice touch. Pleasant surprise.",
        "Image": "Pizza_Images/Timber Creek Tap & Table.Image.233333.jpg"
      },
      "geometry": {
        "type": "Point",
        "coordinates": [
          -80.20314416593348,
          41.62048374985572
        ]
      }
    },
    {
      "type": "Feature",
      "properties": {
        "Pizzeria": "Modern Recipe @ the Fed",
        "Style": "Other",
        "State": "DC",
        "Rating": 3,
        "Date": "2024-06-26T12:03:46",
        "Notes": "Better than it looked. Nice chew to the crust. Cheese the weak link. Pretty fresh tomato flavor in the sauce, perhaps a hint of garlic?",
        "Image": "Pizza_Images/Modern Recipe @ the Fed.Image.160446.jpg"
      },
      "geometry": {
        "type": "Point",
        "coordinates": [
          -77.045307,
          38.893745
        ]
      }
    },
    {
      "type": "Feature",
      "properties": {
        "Pizzeria": "Armand's",
        "Style": "Deep Dish",
        "State": "MD",
        "Rating": 4,
        "Date": "2024-06-22T12:47:00",
        "Notes": "Enjoyable. Nice crust, flavorful mozz. Tasted better than it looks. Nostalgic.",
        "Image": "Pizza_Images/Armand-s.Image.234914.jpg"
      },
      "geometry": {
        "type": "Point",
        "coordinates": [
          -77.12528224674205,
          39.060936586507566
        ]
      }
    },
    {
      "type": "Feature",
      "properties": {
        "Pizzeria": "90 Second Pizza - Chinatown",
        "Style": "Neapolitan",
        "State": "DC",
        "Rating": 4,
        "Date": "2024-04-26T12:44:00",
        "Notes": "",
        "Image": "Pizza_Images/90 Second Pizza - Chinatown.Image.032113.jpg"
      },
      "geometry": {
        "type": "Point",
        "coordinates": [
          -77.02219232060469,
          38.898849679942415
        ]
      }
    },
    {
      "type": "Feature",
      "properties": {
        "Pizzeria": "Alfreda",
        "Style": "NY-Neapolitan",
        "State": "DC",
        "Rating": 4,
        "Date": "2024-04-19T20:14:00",
        "Notes": "I appreciate that they're trying to do their own thing. Neapolitan is a pretty saturated market in DC these days. Definitely enjoyable, but a bit heavy on the sourdough flavor for my taste. And the price is just too much.",
        "Image": "Pizza_Images/Alfreda.Image.031815.jpg"
      },
      "geometry": {
        "type": "Point",
        "coordinates": [
          -77.045651487905,
          38.90955035350723
        ]
      }
    },
    {
      "type": "Feature",
      "properties": {
        "Pizzeria": "Season's Yield",
        "Style": "NY-Neapolitan",
        "State": "VA",
        "Rating": 4,
        "Date": "2024-03-23T18:45:00",
        "Notes": "Excellent crust, but the sauce holds the whole pie back. Unpleasantly sweet and seasoned. Must be cooked. Garlic, maybe even onion?",
        "Image": "Pizza_Images/Season-s Yield.Image.184703.jpg"
      },
      "geometry": {
        "type": "Point",
        "coordinates": [
          -79.24791179334015,
          37.92978089210628
        ]
      }
    },
    {
      "type": "Feature",
      "properties": {
        "Pizzeria": "Benny Marzano's",
        "Style": "Jumbo Slice",
        "State": "VA",
        "Rating": 3,
        "Date": "2024-03-23T12:55:38",
        "Notes": "Nice crispy crust. Bit too much cheese. And that pizza house flavor",
        "Image": "Pizza_Images/Benny Marzano-s.Image.170058.jpg"
      },
      "geometry": {
        "type": "Point",
        "coordinates": [
          -80.41522933539363,
          37.229428163553585
        ]
      }
    },
    {
      "type": "Feature",
      "properties": {
        "Pizzeria": "Angelo's Pizzeria",
        "Style": "New York",
        "State": "PA",
        "Rating": 4,
        "Date": "2024-03-08T15:59:01",
        "Notes": "So, messed up the timing a little and it was starting to cool down by the time I picked it up. Still quite tasty, but the crust suffered a bit. Good sauce and cheese, and plenty of it. And fantastic cheese steak...",
        "Image": "Pizza_Images/Angelo-s Pizzeria.Image.210128.jpg"
      },
      "geometry": {
        "type": "Point",
        "coordinates": [
          -75.1576163355973,
          39.94064847785885
        ]
      }
    },
    {
      "type": "Feature",
      "properties": {
        "Pizzeria": "Si Cara",
        "Style": "Neapolitan",
        "State": "MA",
        "Rating": 5,
        "Date": "2024-02-22T19:31:00",
        "Notes": "Fantastic crust. Cheese leaves some room for improvement. Not purely fresh mozz, something sharp in the blend. Maybe provolone? Not what you usually want for a margherita. The pepperoni and pearl onion pie was excellent though",
        "Image": "Pizza_Images/Si Cara.Image.013427.jpg"
      },
      "geometry": {
        "type": "Point",
        "coordinates": [
          -71.10042784307915,
          42.36385939805902
        ]
      }
    },
    {
      "type": "Feature",
      "properties": {
        "Pizzeria": "Jet's Pizza",
        "Style": "Detroit",
        "State": "VA",
        "Rating": 5,
        "Date": "2024-02-17T15:27:00",
        "Notes": "Quite good. Pleasant chew to the crust. Sauce under the cheese, which was unexpected. Sauce perhaps cooked and with herbs, but it works. High quality mozz.",
        "Image": "Pizza_Images/Jet-s Pizza.Image.043134.jpg"
      },
      "geometry": {
        "type": "Point",
        "coordinates": [
          -77.05732402019717,
          38.83561673655562
        ]
      }
    },
    {
      "type": "Feature",
      "properties": {
        "Pizzeria": "Parachute Pizza",
        "Style": "Square",
        "State": "DC",
        "Rating": 3,
        "Date": "2024-02-10T16:22:33",
        "Notes": "Crust is decent. Kind of reminiscent of a greek pie, or even pizza hut pan. Very dark cooked sauce. Cheese sauce cheese layering. Final layer of cheese unnecessary and creates an unappealing look.",
        "Image": "Pizza_Images/Parachute Pizza.Image.212838.jpg"
      },
      "geometry": {
        "type": "Point",
        "coordinates": [
          -76.997351,
          38.90863
        ]
      }
    },
    {
      "type": "Feature",
      "properties": {
        "Pizzeria": "J&J",
        "Style": "New York",
        "State": "DC",
        "Rating": 3,
        "Date": "2024-02-10T16:03:01",
        "Notes": "Looks good, eats pretty good overall, but wayyy overdid it with the garlic.",
        "Image": "Pizza_Images/J&J.Image.210410.jpg"
      },
      "geometry": {
        "type": "Point",
        "coordinates": [
          -76.998212,
          38.907448
        ]
      }
    },
    {
      "type": "Feature",
      "properties": {
        "Pizzeria": "Pizza L'Oven",
        "Style": "Pan",
        "State": "PA",
        "Rating": 4,
        "Date": "2023-12-30T14:17:00",
        "Notes": "Very crispy bottom. Moreso than sizzle-pi. But a bit doughy on top. A bit of a pizza hut pan pizza flavor. Overall quite enjoyable",
        "Image": "Pizza_Images/Pizza L-Oven.Image.191818.jpg"
      },
      "geometry": {
        "type": "Point",
        "coordinates": [
          -75.819629,
          41.31989
        ]
      }
    },
    {
      "type": "Feature",
      "properties": {
        "Pizzeria": "Sizzle-pi",
        "Style": "Pan",
        "State": "PA",
        "Rating": 5,
        "Date": "2023-12-30T14:05:17",
        "Notes": "Satisfyingly crispy crust. I like the onions under the cheese. Cool spot.",
        "Image": "Pizza_Images/Sizzle-pi.Image.190727.jpg"
      },
      "geometry": {
        "type": "Point",
        "coordinates": [
          -75.88593716347256,
          41.26066844288476
        ]
      }
    },
    {
      "type": "Feature",
      "properties": {
        "Pizzeria": "Inferno",
        "Style": "Neapolitan",
        "State": "MD",
        "Rating": 5,
        "Date": "2023-12-16T18:28:00",
        "Notes": "Very nice crust. Need to try pupatella again to compare...perhaps lacking a bit in the umami dept?",
        "Image": "Pizza_Images/Inferno.Image.162922.jpg"
      },
      "geometry": {
        "type": "Point",
        "coordinates": [
          -77.25327778617904,
          39.118543707429126
        ]
      }
    },
    {
      "type": "Feature",
      "properties": {
        "Pizzeria": "Tree House Brewing - Tewksbury",
        "Style": "New York",
        "State": "MA",
        "Rating": 4,
        "Date": "2023-11-20T15:41:45",
        "Notes": "Very tasty. Light and airy crust. Grated Parm mostly works but wouldn't be my choice. Light garlic in the sauce",
        "Image": "Pizza_Images/Tree House Brewing - Tewksbury.Image.221626.jpg"
      },
      "geometry": {
        "type": "Point",
        "coordinates": [
          -71.205141,
          42.591831
        ]
      }
    },
    {
      "type": "Feature",
      "properties": {
        "Pizzeria": "Village Square Pizza",
        "Style": "Square",
        "State": "NY",
        "Rating": 4,
        "Date": "2023-11-16T19:31:53",
        "Notes": "Good peps. Good sauce and cheese. But slight doughiness holding it back. A poor man's prince st.",
        "Image": "Pizza_Images/Village Square Pizza.Image.004125.jpg"
      },
      "geometry": {
        "type": "Point",
        "coordinates": [
          -73.957668,
          40.776529
        ]
      }
    },
    {
      "type": "Feature",
      "properties": {
        "Pizzeria": "The Italian Store",
        "Style": "New York",
        "State": "VA",
        "Rating": 3,
        "Date": "2023-11-10T19:25:50",
        "Notes": "Much better than it should be. Too much cheese, dough-y, but it just kinda works",
        "Image": "Pizza_Images/The Italian Store.Image.002756.jpg"
      },
      "geometry": {
        "type": "Point",
        "coordinates": [
          -77.096318,
          38.896477
        ]
      }
    },
    {
      "type": "Feature",
      "properties": {
        "Pizzeria": "Commonwealth Brewing",
        "Style": "NY-Neapolitan",
        "State": "VA",
        "Rating": 4,
        "Date": "2023-09-04T14:11:38",
        "Notes": "High 4. Very good pepperoni. Ezzos cup and char. Slight hint of abnormal flour in the crust, but overall really good. Almost too much pep?",
        "Image": "Pizza_Images/Commonwealth Brewing.Image.181701.jpg"
      },
      "geometry": {
        "type": "Point",
        "coordinates": [
          -76.131958,
          36.913381
        ]
      }
    },
    {
      "type": "Feature",
      "properties": {
        "Pizzeria": "Gino's Pizzeria by Maurizio",
        "Style": "New York",
        "State": "VA",
        "Rating": 3,
        "Date": "2023-09-02T19:13:00",
        "Notes": "Too much cheese. Crust on the spongey side.",
        "Image": "Pizza_Images/Gino-s Pizzeria by Maurizio.Image.181706.jpg"
      },
      "geometry": {
        "type": "Point",
        "coordinates": [
          -75.99765139193302,
          36.78986198471297
        ]
      }
    },
    {
      "type": "Feature",
      "properties": {
        "Pizzeria": "Del Popolo",
        "Style": "Neapolitan",
        "State": "CA",
        "Rating": 4,
        "Date": "2023-08-18T22:06:08",
        "Notes": "Quite nice. Delicate crust w sourdough flavor. But there's an acidity to the sauce that's holding it back. I'm also getting oregano some bites? (Not in a good way)",
        "Image": "Pizza_Images/Del Popolo.Image.051012.jpg"
      },
      "geometry": {
        "type": "Point",
        "coordinates": [
          -122.41138087330295,
          37.78973622139685
        ]
      }
    },
    {
      "type": "Feature",
      "properties": {
        "Pizzeria": "Cheese Board Collective",
        "Style": "Other",
        "State": "CA",
        "Rating": 3,
        "Date": "2023-08-16T19:21:14",
        "Notes": "I mean... lol. The flavors were good, but the crust is just incredibly middling. Like, remarkably so. How can you care so much about ingredient quality, etc. and not put any effort into the most important part of the pizza?",
        "Image": "Pizza_Images/Cheese Board Collective.Image.022527.jpg"
      },
      "geometry": {
        "type": "Point",
        "coordinates": [
          -122.26947967673392,
          37.87987158543845
        ]
      }
    },
    {
      "type": "Feature",
      "properties": {
        "Pizzeria": "Jupiter",
        "Style": "Other",
        "State": "CA",
        "Rating": 3,
        "Date": "2023-08-15T22:42:00",
        "Notes": "Toppings good, but crust forgettable. Dry and underleavened.",
        "Image": "Pizza_Images/Jupiter.Image.064423.jpg"
      },
      "geometry": {
        "type": "Point",
        "coordinates": [
          -122.26758200338165,
          37.869795242505326
        ]
      }
    },
    {
      "type": "Feature",
      "properties": {
        "Pizzeria": "Square Pie Guys",
        "Style": "Detroit",
        "State": "CA",
        "Rating": 4,
        "Date": "2023-08-14T19:14:23",
        "Notes": "Price is offensive. But tasty. Very thick crust. Maybe slightly over cheesed.",
        "Image": "Pizza_Images/Square Pie Guys.Image.021933.jpg"
      },
      "geometry": {
        "type": "Point",
        "coordinates": [
          -122.27445451372841,
          37.80117954742149
        ]
      }
    },
    {
      "type": "Feature",
      "properties": {
        "Pizzeria": "Bare Knuckle Pizza",
        "Style": "Neapolitan",
        "State": "CA",
        "Rating": 3,
        "Date": "2023-08-12T19:55:00",
        "Notes": "Well, it was slightly burnt on the bottom. Not sure if that was the source of issues, but crumb was a bit dense. Sauce and cheese pretty quality. It's possible 3 is a bit harsh",
        "Image": "Pizza_Images/Bare Knuckle Pizza.Image.165746.jpg"
      },
      "geometry": {
        "type": "Point",
        "coordinates": [
          -122.26988112560092,
          37.8019243482805
        ]
      }
    },
    {
      "type": "Feature",
      "properties": {
        "Pizzeria": "La Vera Pizzeria",
        "Style": "New York",
        "State": "VA",
        "Rating": 3,
        "Date": "2023-07-23T16:33:46",
        "Notes": "Looked anemic. Not bad overall, thin chewy crust. But sauce was way over seasoned and sweet. And it just looked sad.",
        "Image": "Pizza_Images/La Vera Pizzeria.Image.203543.jpg"
      },
      "geometry": {
        "type": "Point",
        "coordinates": [
          -75.9773905289455,
          36.853515573142396
        ]
      }
    },
    {
      "type": "Feature",
      "properties": {
        "Pizzeria": "Farini",
        "Style": "Other",
        "State": "Italy",
        "Rating": 3,
        "Date": "2023-07-09T12:13:00",
        "Notes": "",
        "Image": "Pizza_Images/Farini.Image.190254.jpg"
      },
      "geometry": {
        "type": "Point",
        "coordinates": [
          12.336690626055509,
          45.43976763607609
        ]
      }
    },
    {
      "type": "Feature",
      "properties": {
        "Pizzeria": "Birraria La Corte",
        "Style": "Neapolitan",
        "State": "Italy",
        "Rating": 5,
        "Date": "2023-07-08T20:59:00",
        "Notes": "",
        "Image": "Pizza_Images/Birtaria La Corte.Image.190904.jpg"
      },
      "geometry": {
        "type": "Point",
        "coordinates": [
          12.329855699999209,
          45.43804569999993
        ]
      }
    },
    {
      "type": "Feature",
      "properties": {
        "Pizzeria": "Pizzeria da Felice",
        "Style": "",
        "State": "Italy",
        "Rating": 4,
        "Date": "2023-07-08T12:34:00",
        "Notes": "",
        "Image": "Pizza_Images/Pizzeria da Felice.Image.191526.jpg"
      },
      "geometry": {
        "type": "Point",
        "coordinates": [
          10.503392003152912,
          43.84383848805604
        ]
      }
    },
    {
      "type": "Feature",
      "properties": {
        "Pizzeria": "L'Oste di Lucca",
        "Style": "Other",
        "State": "Italy",
        "Rating": 3,
        "Date": "2023-07-07T19:18:00",
        "Notes": "Okay. Crispy. But sauce and cheese and everything else meh.",
        "Image": "Pizza_Images/L-Oste di Lucca.Image.230250.jpg"
      },
      "geometry": {
        "type": "Point",
        "coordinates": [
          10.50502845169269,
          43.84515223686727
        ]
      }
    },
    {
      "type": "Feature",
      "properties": {
        "Pizzeria": "Pizzeria Modrina",
        "Style": "Other",
        "State": "Slovenia",
        "Rating": 4,
        "Date": "2023-07-05T20:26:59",
        "Notes": "Looked better than it tasted. But still good. Crust was a bit denser than one would hope. Oregano unnecessary.",
        "Image": ""
      },
      "geometry": {
        "type": "Point",
        "coordinates": [
          13.579287,
          46.247238
        ]
      }
    },
    {
      "type": "Feature",
      "properties": {
        "Pizzeria": "Baffi House of Pizza",
        "Style": "Neapolitan",
        "State": "Slovenia",
        "Rating": 4,
        "Date": "2023-07-02T20:15:00",
        "Notes": "Looked better than it tasted. Cheese could have been a bit better. But dough is main limiting factor. Collapses under slightest pressure. Yet somehow still kinda dense",
        "Image": "Pizza_Images/Baffi House of Pizza.Image.193206.jpg"
      },
      "geometry": {
        "type": "Point",
        "coordinates": [
          14.171528495187838,
          46.345096783496736
        ]
      }
    },
    {
      "type": "Feature",
      "properties": {
        "Pizzeria": "Pop's Pizza & Sport",
        "Style": "Neapolitan",
        "State": "Slovenia",
        "Rating": 5,
        "Date": "2023-07-01T13:03:59",
        "Notes": "Picture says it all",
        "Image": "Pizza_Images/Pop-s Pizza & Sport.Image.110456.jpg"
      },
      "geometry": {
        "type": "Point",
        "coordinates": [
          14.505402,
          46.047555
        ]
      }
    },
    {
      "type": "Feature",
      "properties": {
        "Pizzeria": "Fetiche",
        "Style": "Other",
        "State": "Slovenia",
        "Rating": 4,
        "Date": "2023-06-30T21:15:15",
        "Notes": "Unique. Claims to be 90% hydration. Thick crust, but very light and airy. Tasty overall, but the balance is slightly  off in some way. Perhaps not enough tomato and mozz to stand up to the dough.",
        "Image": "Pizza_Images/Fetiche.Image.191717.jpg"
      },
      "geometry": {
        "type": "Point",
        "coordinates": [
          14.505837018865291,
          46.048990405755966
        ]
      }
    },
    {
      "type": "Feature",
      "properties": {
        "Pizzeria": "Pinija",
        "Style": "Neapolitan",
        "State": "Slovenia",
        "Rating": 4,
        "Date": "2023-06-28T18:25:00",
        "Notes": "Too much cheese. And a bit on the soggy side towards the end. But enjoyable.",
        "Image": "Pizza_Images/Pinija.Image.192345.jpg"
      },
      "geometry": {
        "type": "Point",
        "coordinates": [
          13.602602876145962,
          45.52936136612298
        ]
      }
    },
    {
      "type": "Feature",
      "properties": {
        "Pizzeria": "Porta Marciana",
        "Style": "Other",
        "State": "Slovenia",
        "Rating": 3,
        "Date": "2023-06-27T18:30:00",
        "Notes": "Just okay. Somewhat generous 3, but hey I'm on vacation.",
        "Image": "Pizza_Images/Porta Marciana.Image.113155.jpg"
      },
      "geometry": {
        "type": "Point",
        "coordinates": [
          13.569344661494329,
          45.52651649200718
        ]
      }
    },
    {
      "type": "Feature",
      "properties": {
        "Pizzeria": "Stracci",
        "Style": "Other",
        "State": "VA",
        "Rating": 4,
        "Date": "2023-06-17T20:49:27",
        "Notes": "Good. High 4. Homemade mozz fantastic. Good tomatoes. Very good sausage and peps. Kinda surprisingly the crust was the weakest link- still pretty good, but a tad on the dry side.",
        "Image": "Pizza_Images/Stracci.Image.005733.jpg"
      },
      "geometry": {
        "type": "Point",
        "coordinates": [
          -77.058841,
          38.830908
        ]
      }
    },
    {
      "type": "Feature",
      "properties": {
        "Pizzeria": "Cantore's",
        "Style": "Greek",
        "State": "NH",
        "Rating": 3,
        "Date": "2023-05-27T11:16:00",
        "Notes": "Solid. Sorta in between Greek and NY. Tomato-y sauce. Pretty thin. Greekness is main thing holding it back. Would like to try again",
        "Image": ""
      },
      "geometry": {
        "type": "Point",
        "coordinates": [
          -72.315944116261,
          43.63518082938348
        ]
      }
    },
    {
      "type": "Feature",
      "properties": {
        "Pizzeria": "Salerno",
        "Style": "",
        "State": "VA",
        "Rating": 3,
        "Date": "2023-05-05T13:20:07",
        "Notes": "Not bad. Crust a bit soft and too much cheese. But good flavor.",
        "Image": "Pizza_Images/Salerno.Image.172116.jpg"
      },
      "geometry": {
        "type": "Point",
        "coordinates": [
          -79.4447337519331,
          37.78420049590347
        ]
      }
    },
    {
      "type": "Feature",
      "properties": {
        "Pizzeria": "Lou Malnati's",
        "Style": "Deep Dish",
        "State": "IL",
        "Rating": 4,
        "Date": "2023-04-14T12:39:12",
        "Notes": "Tried deep dish and thin crust. Both quite enjoyable. Great tomato flavor on the deep dish. High quality mozz. Probably underrated. If I lived here I would eat the thin more often, but the deep is 'better'.",
        "Image": "Pizza_Images/Lou Malnati-s.Image.174457.jpg"
      },
      "geometry": {
        "type": "Point",
        "coordinates": [
          -87.63388165740649,
          41.89034953661031
        ]
      }
    },
    {
      "type": "Feature",
      "properties": {
        "Pizzeria": "Epicurean",
        "Style": "American",
        "State": "DC",
        "Rating": 2,
        "Date": "2023-04-13T23:28:26",
        "Notes": "Got for free. Marginal utility down to zero by halfway thru second slice.",
        "Image": ""
      },
      "geometry": {
        "type": "Point",
        "coordinates": [
          -77.0738117041235,
          38.9112191608691
        ]
      }
    },
    {
      "type": "Feature",
      "properties": {
        "Pizzeria": "Dough Bros",
        "Style": "New York",
        "State": "IL",
        "Rating": 3,
        "Date": "2023-04-13T23:20:05",
        "Notes": "Not enough sauce. And a bit dried out. But tbh better than expected. Nice crunch. Crumb quite bad but the rest of the slice works. Sausage slice a little weird. Should have gone with peps, they looked good. Overpriced.",
        "Image": "Pizza_Images/Dough Bros.Image.042442.jpg"
      },
      "geometry": {
        "type": "Point",
        "coordinates": [
          -87.62825722107176,
          41.8896105665073
        ]
      }
    },
    {
      "type": "Feature",
      "properties": {
        "Pizzeria": "Frank Pepe - Yonkers",
        "Style": "New Haven",
        "State": "NY",
        "Rating": 4,
        "Date": "2023-03-12T14:03:00",
        "Notes": "More pecorino than expected. Enjoyable. Still need to try the real deal.",
        "Image": ""
      },
      "geometry": {
        "type": "Point",
        "coordinates": [
          -73.83886237774847,
          40.96524975122102
        ]
      }
    },
    {
      "type": "Feature",
      "properties": {
        "Pizzeria": "Supremo Pizza",
        "Style": "New York",
        "State": "",
        "Rating": 3,
        "Date": "2023-02-19T23:10:44",
        "Notes": "Better than expected for Utah",
        "Image": ""
      },
      "geometry": {
        "type": "Point",
        "coordinates": [
          -111.86634861751347,
          40.617126859635285
        ]
      }
    },
    {
      "type": "Feature",
      "properties": {
        "Pizzeria": "In Bocca al Lupo",
        "Style": "",
        "State": "DC",
        "Rating": 5,
        "Date": "2023-02-04T22:42:52",
        "Notes": "Very good. Cracker crust. Perfectly balanced. Bonus points for being unique.",
        "Image": ""
      },
      "geometry": {
        "type": "Point",
        "coordinates": [
          -77.07233933105877,
          38.92126215663603
        ]
      }
    },
    {
      "type": "Feature",
      "properties": {
        "Pizzeria": "Grazie Grazie",
        "Style": "New York",
        "State": "DC",
        "Rating": 3,
        "Date": "2023-01-30T20:00:04",
        "Notes": "Sauce weirdly spicy. Overall decent but looks better than it tastes. Crust is a bit soft. Though tbf it was delivery. Almost wonder if sauce was a mistake",
        "Image": "Pizza_Images/Grazie Grazie.Image.010252.jpg"
      },
      "geometry": {
        "type": "Point",
        "coordinates": [
          -77.04314843739614,
          38.90286983701695
        ]
      }
    },
    {
      "type": "Feature",
      "properties": {
        "Pizzeria": "Berries",
        "Style": "Other",
        "State": "FL",
        "Rating": 2,
        "Date": "2023-01-20T13:11:25",
        "Notes": "Too much cheese. Sauce over seasoned (oregano).",
        "Image": "Pizza_Images/9b01c075.Image.181237.jpg"
      },
      "geometry": {
        "type": "Point",
        "coordinates": [
          -80.238074,
          25.737974
        ]
      }
    },
    {
      "type": "Feature",
      "properties": {
        "Pizzeria": "Churchkey",
        "Style": "Other",
        "State": "DC",
        "Rating": 3,
        "Date": "2023-01-13T22:10:34",
        "Notes": "Too much cheese. And crust underwhelming, kind of dry. Small and overpriced.",
        "Image": "Pizza_Images/61e107ce.Image.031808.jpg"
      },
      "geometry": {
        "type": "Point",
        "coordinates": [
          -77.031599,
          38.908498
        ]
      }
    },
    {
      "type": "Feature",
      "properties": {
        "Pizzeria": "Via Roma",
        "Style": "",
        "State": "MD",
        "Rating": 3,
        "Date": "2022-10-01T16:10:00",
        "Notes": "",
        "Image": "Pizza_Images/Via Roma.Image.024106.jpg"
      },
      "geometry": {
        "type": "Point",
        "coordinates": [
          -76.9087503,
          38.8279461
        ]
      }
    },
    {
      "type": "Feature",
      "properties": {
        "Pizzeria": "Nighthawk Pizza",
        "Style": "Bar",
        "State": "VA",
        "Rating": 4,
        "Date": "2022-08-29T20:58:00",
        "Notes": "",
        "Image": "Pizza_Images/Nighthawk Pizza.Image.060012.jpg"
      },
      "geometry": {
        "type": "Point",
        "coordinates": [
          -77.0624831569971,
          38.863162831617736
        ]
      }
    },
    {
      "type": "Feature",
      "properties": {
        "Pizzeria": "99c",
        "Style": "New York",
        "State": "NY",
        "Rating": 3,
        "Date": "2022-08-19T18:23:00",
        "Notes": "really not bad at all. All ingredients notably lower quality but in a well balanced way. Sauce pretty fresh. Dough kind of \"soft\" and cheese tastes a bit cheap (string cheese). But honestly decent. Would get again for sure.",
        "Image": "Pizza_Images/99c.Image.024226.jpg"
      },
      "geometry": {
        "type": "Point",
        "coordinates": [
          -73.97417952703084,
          40.75372735503721
        ]
      }
    },
    {
      "type": "Feature",
      "properties": {
        "Pizzeria": "Corner Slice",
        "Style": "Square",
        "State": "NY",
        "Rating": 3,
        "Date": "2022-08-19T13:09:00",
        "Notes": "hmmmmm disappointing. Too crunchy and fried yet soft. And too oily. Almost pesto tasting with the degraded basil leaves. Peps have the nice cupping but bad flavor. Shame.",
        "Image": "Pizza_Images/Corner.Image.024343.jpg"
      },
      "geometry": {
        "type": "Point",
        "coordinates": [
          -73.9967578999999,
          40.7623377
        ]
      }
    },
    {
      "type": "Feature",
      "properties": {
        "Pizzeria": "Ivana's",
        "Style": "New York",
        "State": "NY",
        "Rating": 3,
        "Date": "2022-08-18T14:08:00",
        "Notes": "kinda similar to pugsley. But too much cheese and salt, and sauce seemed pre cooked. But not bad. Crust solid chew",
        "Image": "Pizza_Images/Ivana.Image.024448.jpg"
      },
      "geometry": {
        "type": "Point",
        "coordinates": [
          -73.888213,
          40.8550664
        ]
      }
    },
    {
      "type": "Feature",
      "properties": {
        "Pizzeria": "Pugsley",
        "Style": "New York",
        "State": "NY",
        "Rating": 3,
        "Date": "2022-08-18T13:45:00",
        "Notes": "bit too much cheese for me. And a bit too salty. But good crust, nice chew. Quite the vibe in here",
        "Image": "Pizza_Images/Pugsley.Image.024541.jpg"
      },
      "geometry": {
        "type": "Point",
        "coordinates": [
          -73.8848173,
          40.8587496
        ]
      }
    },
    {
      "type": "Feature",
      "properties": {
        "Pizzeria": "Rubirosa",
        "Style": "Bar",
        "State": "NY",
        "Rating": 4,
        "Date": "2022-08-17T14:37:00",
        "Notes": "very thin crust, not much rise, almost crackery. Very tasty. Tho rich with the vodka sauce. Lot of parm in one bite.",
        "Image": "Pizza_Images/Rubirosa.Image.024632.jpg"
      },
      "geometry": {
        "type": "Point",
        "coordinates": [
          -73.996233,
          40.722753
        ]
      }
    },
    {
      "type": "Feature",
      "properties": {
        "Pizzeria": "My Pie Pizzeria Romana - Midtown East",
        "Style": "Al Taglio",
        "State": "NY",
        "Rating": 5,
        "Date": "2022-08-16T13:50:00",
        "Notes": "excellent. Only real complaint is too much basil. But truly excellent.",
        "Image": "Pizza_Images/My pie.Image.061738.jpg"
      },
      "geometry": {
        "type": "Point",
        "coordinates": [
          -73.969548,
          40.7606989999999
        ]
      }
    },
    {
      "type": "Feature",
      "properties": {
        "Pizzeria": "Sofia",
        "Style": "New York",
        "State": "NY",
        "Rating": 4,
        "Date": "2022-08-16T13:19:00",
        "Notes": "honestly, really good. Just a classic ny slice. Crust is dry and one note, but nice and crisp on bottom. Cheese and sauce very well balanced. These bougie pizzerias focus so much on the crust but they're not getting the balance right.",
        "Image": "Pizza_Images/Sofia.Image.024936.jpg"
      },
      "geometry": {
        "type": "Point",
        "coordinates": [
          -73.9643507999999,
          40.7566759
        ]
      }
    },
    {
      "type": "Feature",
      "properties": {
        "Pizzeria": "Paulie Gee's Slice Shop",
        "Style": "New York",
        "State": "NY",
        "Rating": 4,
        "Date": "2022-08-15T15:37:00",
        "Notes": "Burnt stuff from dirty deck oven not a good start. Overall good, perhaps best ny slice of the day. But crust left me a bit wanting. And a bit too much cheese. But I'll take that over being dry, which this was def not.",
        "Image": "Pizza_Images/Paulie gee slice shop.Image.025043.jpg"
      },
      "geometry": {
        "type": "Point",
        "coordinates": [
          -73.957175,
          40.7283642
        ]
      }
    },
    {
      "type": "Feature",
      "properties": {
        "Pizzeria": "L'industrie",
        "Style": "New York",
        "State": "NY",
        "Rating": 3,
        "Date": "2022-08-15T14:37:00",
        "Notes": "Again kind of dry. These new age places are too scared of sauce. And didn't like the excessive parm on top. Giant basil leaves also a bit much. Pretty good crust, very crisp, though bordering on dry.",
        "Image": "Pizza_Images/L-industrie.Image.025130.jpg"
      },
      "geometry": {
        "type": "Point",
        "coordinates": [
          -73.9578851,
          40.7115626999999
        ]
      }
    },
    {
      "type": "Feature",
      "properties": {
        "Pizzeria": "Scarr's",
        "Style": "New York",
        "State": "NY",
        "Rating": 3,
        "Date": "2022-08-15T13:58:00",
        "Notes": "Kind of dry tbh. Not enough sauce. Not my fav. Crust very thin and pretty good but not good enough to make up for dryness.",
        "Image": "Pizza_Images/Scarrs.Image.025224.jpg"
      },
      "geometry": {
        "type": "Point",
        "coordinates": [
          -73.9914099999999,
          40.715337
        ]
      }
    },
    {
      "type": "Feature",
      "properties": {
        "Pizzeria": "Prince St. Pizza",
        "Style": "Square",
        "State": "NY",
        "Rating": 5,
        "Date": "2022-08-15T13:15:00",
        "Notes": "Fantastic. Nice fresh(?) mozz underneath and sauce on top. Great peps of course. Crust kind of doughier than expected? But good",
        "Image": "Pizza_Images/Prince st..Image.025258.jpg"
      },
      "geometry": {
        "type": "Point",
        "coordinates": [
          -73.9945497,
          40.7230533
        ]
      }
    },
    {
      "type": "Feature",
      "properties": {
        "Pizzeria": "Mama's TOO!",
        "Style": "Square",
        "State": "NY",
        "Rating": 4,
        "Date": "2022-07-01T00:00:00",
        "Notes": "",
        "Image": "Pizza_Images/Mama-s TOO!.Image.052653.jpg"
      },
      "geometry": {
        "type": "Point",
        "coordinates": [
          -73.9675901,
          40.8008324
        ]
      }
    },
    {
      "type": "Feature",
      "properties": {
        "Pizzeria": "Sal and Carmine Pizza",
        "Style": "New York",
        "State": "NY",
        "Rating": 3,
        "Date": "2022-07-01T00:00:00",
        "Notes": "",
        "Image": ""
      },
      "geometry": {
        "type": "Point",
        "coordinates": [
          -73.9694389999999,
          40.7983829
        ]
      }
    },
    {
      "type": "Feature",
      "properties": {
        "Pizzeria": "The Real Bellucci's Pizzeria",
        "Style": "New York",
        "State": "NY",
        "Rating": 5,
        "Date": "2022-04-09T14:22:00",
        "Notes": "",
        "Image": "Pizza_Images/The Real Bellucci-s Pizzeria.Image.025515.jpg"
      },
      "geometry": {
        "type": "Point",
        "coordinates": [
          -73.9164369,
          40.7643555
        ]
      }
    },
    {
      "type": "Feature",
      "properties": {
        "Pizzeria": "Piano B",
        "Style": "Neapolitan",
        "State": "Italy",
        "Rating": 5,
        "Date": "2022-03-11T08:45:00",
        "Notes": "",
        "Image": "Pizza_Images/Piano B.Image.055508.jpg"
      },
      "geometry": {
        "type": "Point",
        "coordinates": [
          15.287921,
          37.0646973
        ]
      }
    },
    {
      "type": "Feature",
      "properties": {
        "Pizzeria": "Pizzeria Anima e Core",
        "Style": "Neapolitan",
        "State": "Italy",
        "Rating": 5,
        "Date": "2022-03-08T08:00:00",
        "Notes": "Glorious crust",
        "Image": "Pizza_Images/Pizzeria Anima e Core.Image.055219.jpg"
      },
      "geometry": {
        "type": "Point",
        "coordinates": [
          15.2925554,
          37.0623435999999
        ]
      }
    },
    {
      "type": "Feature",
      "properties": {
        "Pizzeria": "Louie & Ernie's Pizza",
        "Style": "New York",
        "State": "NY",
        "Rating": 5,
        "Date": "2022-01-02T12:19:00",
        "Notes": "fresh ground black pepper in the middle of the pie is a nice touch",
        "Image": "Pizza_Images/Louie & Ernie-s Pizza.Image.025649.jpg"
      },
      "geometry": {
        "type": "Point",
        "coordinates": [
          -73.8286345999999,
          40.8382652
        ]
      }
    },
    {
      "type": "Feature",
      "properties": {
        "Pizzeria": "Andy's - Navy Yard",
        "Style": "New York",
        "State": "DC",
        "Rating": 5,
        "Date": "2020-06-17T20:31:00",
        "Notes": "Light and crispy crust. only NY style in DC area remotely competitive with NYC offerings",
        "Image": "Pizza_Images/Andy-s - Navy Yard.Image.063459.jpg"
      },
      "geometry": {
        "type": "Point",
        "coordinates": [
          -77.0076236,
          38.8756101
        ]
      }
    },
    {
      "type": "Feature",
      "properties": {
        "Pizzeria": "Andy's - Shaw",
        "Style": "New York",
        "State": "DC",
        "Rating": 5,
        "Date": "2020-04-06T21:28:00",
        "Notes": "Light and crispy crust. only NY style in DC area remotely competitive with NYC offerings",
        "Image": "Pizza_Images/Andy-s.Image.023701.jpg"
      },
      "geometry": {
        "type": "Point",
        "coordinates": [
          -77.0242074999999,
          38.9175168
        ]
      }
    },
    {
      "type": "Feature",
      "properties": {
        "Pizzeria": "Beau Jo's",
        "Style": "",
        "State": "CO",
        "Rating": 2,
        "Date": "2020-02-23T13:54:00",
        "Notes": "Home of the Colorado Mountain Pie!",
        "Image": "Pizza_Images/Beau Jo-s.Image.030241.jpg"
      },
      "geometry": {
        "type": "Point",
        "coordinates": [
          -105.51654,
          39.74175
        ]
      }
    },
    {
      "type": "Feature",
      "properties": {
        "Pizzeria": "Pizza House",
        "Style": "American",
        "State": "MI",
        "Rating": 3,
        "Date": "2020-01-03T02:30:00",
        "Notes": "Open late.",
        "Image": ""
      },
      "geometry": {
        "type": "Point",
        "coordinates": [
          -83.73481930737465,
          42.27432518733064
        ]
      }
    },
    {
      "type": "Feature",
      "properties": {
        "Pizzeria": "Joe's - Ann Arbor",
        "Style": "New York",
        "State": "MI",
        "Rating": 5,
        "Date": "2020-01-02T07:12:00",
        "Notes": "Remarkably similar to the original. Only a few months after opening so bellucci likely still running things.",
        "Image": ""
      },
      "geometry": {
        "type": "Point",
        "coordinates": [
          -83.73555928477911,
          42.27525121637924
        ]
      }
    },
    {
      "type": "Feature",
      "properties": {
        "Pizzeria": "Sir Pizza",
        "Style": "",
        "State": "FL",
        "Rating": 3,
        "Date": "2019-12-30T08:45:00",
        "Notes": "",
        "Image": ""
      },
      "geometry": {
        "type": "Point",
        "coordinates": [
          -80.16465016071825,
          25.687925725832976
        ]
      }
    },
    {
      "type": "Feature",
      "properties": {
        "Pizzeria": "Turu's by Timber Pizza",
        "Style": "New York",
        "State": "VA",
        "Rating": 4,
        "Date": "2019-10-20T13:48:00",
        "Notes": "pretty good, but dough could be better. good prices.",
        "Image": "Pizza_Images/Turu-s by Timber Pizza.Image.030440.jpg"
      },
      "geometry": {
        "type": "Point",
        "coordinates": [
          -77.1107786999999,
          38.8793846
        ]
      }
    },
    {
      "type": "Feature",
      "properties": {
        "Pizzeria": "John's of Bleecker St.",
        "Style": "Hybrid",
        "State": "NY",
        "Rating": 4,
        "Date": "2019-09-14T12:57:00",
        "Notes": "",
        "Image": "Pizza_Images/John-s of Bleecker St..Image.030637.jpg"
      },
      "geometry": {
        "type": "Point",
        "coordinates": [
          -74.0034468,
          40.7316187
        ]
      }
    },
    {
      "type": "Feature",
      "properties": {
        "Pizzeria": "Filaga",
        "Style": "New York",
        "State": "NY",
        "Rating": 4,
        "Date": "2019-09-14T12:09:00",
        "Notes": "",
        "Image": "Pizza_Images/Filaga.Image.030738.jpg"
      },
      "geometry": {
        "type": "Point",
        "coordinates": [
          -74.00567694656515,
          40.74215665549284
        ]
      }
    },
    {
      "type": "Feature",
      "properties": {
        "Pizzeria": "Sonny's Pizza",
        "Style": "Square",
        "State": "DC",
        "Rating": 4,
        "Date": "2019-08-05T22:07:00",
        "Notes": "squares. need to try again",
        "Image": "Pizza_Images/Sonny-s Pizza.Image.043444.jpg"
      },
      "geometry": {
        "type": "Point",
        "coordinates": [
          -77.02373,
          38.9296409
        ]
      }
    },
    {
      "type": "Feature",
      "properties": {
        "Pizzeria": "Pupatella - North Arlington",
        "Style": "Neapolitan",
        "State": "VA",
        "Rating": 5,
        "Date": "2019-08-03T07:49:00",
        "Notes": "excellent and consistent.",
        "Image": "Pizza_Images/Pupatella - North Arlington.Image.043347.jpg"
      },
      "geometry": {
        "type": "Point",
        "coordinates": [
          -77.1222164,
          38.8776085999999
        ]
      }
    },
    {
      "type": "Feature",
      "properties": {
        "Pizzeria": "Motorino Pizzeria - Williamsburg",
        "Style": "Neapolitan",
        "State": "NY",
        "Rating": 5,
        "Date": "2018-12-24T14:33:00",
        "Notes": "",
        "Image": "Pizza_Images/Motorino Pizzeria - Williamsburg.Image.051617.jpg"
      },
      "geometry": {
        "type": "Point",
        "coordinates": [
          -73.9634426,
          40.7104639
        ]
      }
    },
    {
      "type": "Feature",
      "properties": {
        "Pizzeria": "All Purpose - Navy Yard",
        "Style": "",
        "State": "DC",
        "Rating": 3,
        "Date": "2018-06-10T08:39:00",
        "Notes": "whole wheat flour in the dough is unforgivable",
        "Image": "Pizza_Images/All Purpose.Image.043858.jpg"
      },
      "geometry": {
        "type": "Point",
        "coordinates": [
          -77.0065151999999,
          38.8710332
        ]
      }
    },
    {
      "type": "Feature",
      "properties": {
        "Pizzeria": "Babbo",
        "Style": "Neapolitan",
        "State": "MA",
        "Rating": 3,
        "Date": "2018-03-03T22:15:00",
        "Notes": "Disappointing. Burnt crust, and little indication the pie would have been much better if cooked properly.",
        "Image": "Pizza_Images/Babbo.Image.044614.jpg"
      },
      "geometry": {
        "type": "Point",
        "coordinates": [
          -71.0451788,
          42.3541469
        ]
      }
    },
    {
      "type": "Feature",
      "properties": {
        "Pizzeria": "Commune Kitchen",
        "Style": "Other",
        "State": "MA",
        "Rating": 3,
        "Date": "2017-10-15T14:36:00",
        "Notes": "okay. crumb was kinda flaky. the parmesan on the pizza looked and tasted like kraft out of the shaker, bad flavor. also maybe too garlicky? the mozzarella was nice.",
        "Image": "Pizza_Images/Commune Kitchen.Image.055042.jpg"
      },
      "geometry": {
        "type": "Point",
        "coordinates": [
          -71.144441,
          42.412046
        ]
      }
    },
    {
      "type": "Feature",
      "properties": {
        "Pizzeria": "Ernesto's - Assembly Square",
        "Style": "New York",
        "State": "MA",
        "Rating": 4,
        "Date": "2017-10-08T02:19:00",
        "Notes": "Very good. Interestingly chewy crust. Best slice in Boston.",
        "Image": "Pizza_Images/Ernesto-s - Assembly Square.Image.052101.jpg"
      },
      "geometry": {
        "type": "Point",
        "coordinates": [
          -71.0791342999999,
          42.3956331
        ]
      }
    },
    {
      "type": "Feature",
      "properties": {
        "Pizzeria": "Rabottini's Pizza",
        "Style": "Square",
        "State": "MA",
        "Rating": 4,
        "Date": "2017-08-25T12:15:00",
        "Notes": "Not quite on par with Parziale's, but a very good bakery slice.",
        "Image": "Pizza_Images/Rabottini-s Pizza.Image.023103.jpg"
      },
      "geometry": {
        "type": "Point",
        "coordinates": [
          -71.1195581,
          42.3860292
        ]
      }
    },
    {
      "type": "Feature",
      "properties": {
        "Pizzeria": "Flatbread Company - Portland",
        "Style": "New York",
        "State": "ME",
        "Rating": 4,
        "Date": "2017-08-06T19:53:00",
        "Notes": "",
        "Image": "Pizza_Images/Flatbread Company - Portland.Image.054746.jpg"
      },
      "geometry": {
        "type": "Point",
        "coordinates": [
          -70.2499707,
          43.6573735
        ]
      }
    },
    {
      "type": "Feature",
      "properties": {
        "Pizzeria": "Brewer's Fork",
        "Style": "Neapolitan",
        "State": "MA",
        "Rating": 4,
        "Date": "2017-08-04T19:36:00",
        "Notes": "Quite good. sadly forget details. would go back.",
        "Image": "Pizza_Images/Brewer-s Fork.Image.054834.jpg"
      },
      "geometry": {
        "type": "Point",
        "coordinates": [
          -71.0564719,
          42.3767183
        ]
      }
    },
    {
      "type": "Feature",
      "properties": {
        "Pizzeria": "Ciao Pizza and Pasta",
        "Style": "Neapolitan",
        "State": "MA",
        "Rating": 5,
        "Date": "2017-02-16T20:51:00",
        "Notes": "Dough was excellent. crisp on the outside, tender and chewy on the inside. unfortunately, tomatoes and mozz left something to be desired. mozz a bit bland an  tomatoes not super fresh tasting. maybe even cooked down a bit? (seems unlikely...). also lacking in olive oil. as a result, lacked that umami flavor of a truly great margherita where everything melds together. still quite enjoyable.",
        "Image": "Pizza_Images/Ciao Pizza and Pasta.Image.022414.jpg"
      },
      "geometry": {
        "type": "Point",
        "coordinates": [
          -71.0408851999999,
          42.3892166
        ]
      }
    },
    {
      "type": "Feature",
      "properties": {
        "Pizzeria": "Varasano's Pizzeria - ATL Airport",
        "Style": "Hybrid",
        "State": "GA",
        "Rating": 3,
        "Date": "2016-02-28T19:18:00",
        "Notes": "disappointing",
        "Image": "Pizza_Images/Varasano-s Pizzeria - ATL Airport.Image.053644.jpg"
      },
      "geometry": {
        "type": "Point",
        "coordinates": [
          -84.439654,
          33.6409349999999
        ]
      }
    },
    {
      "type": "Feature",
      "properties": {
        "Pizzeria": "Roberta's",
        "Style": "Neapolitan",
        "State": "NY",
        "Rating": 5,
        "Date": "2015-11-08T15:21:00",
        "Notes": "",
        "Image": "Pizza_Images/Roberta-s.Image.053755.jpg"
      },
      "geometry": {
        "type": "Point",
        "coordinates": [
          -73.9335922999999,
          40.7050766
        ]
      }
    },
    {
      "type": "Feature",
      "properties": {
        "Pizzeria": "Pinocchios",
        "Style": "Greek",
        "State": "MA",
        "Rating": 2,
        "Date": "2015-08-18T23:07:00",
        "Notes": "okay. Largely forgettable. Would work for late night, not much else.",
        "Image": "Pizza_Images/Pinocchios.Image.052343.jpg"
      },
      "geometry": {
        "type": "Point",
        "coordinates": [
          -71.1203163,
          42.3719779
        ]
      }
    },
    {
      "type": "Feature",
      "properties": {
        "Pizzeria": "Motorino Pizzeria - East Village",
        "Style": "Neapolitan",
        "State": "NY",
        "Rating": 5,
        "Date": "2015-05-03T15:39:00",
        "Notes": "",
        "Image": "Pizza_Images/Motorino Pizzeria - East Village.Image.052622.jpg"
      },
      "geometry": {
        "type": "Point",
        "coordinates": [
          -73.9838277,
          40.7303588
        ]
      }
    },
    {
      "type": "Feature",
      "properties": {
        "Pizzeria": "Locale",
        "Style": "Neapolitan",
        "State": "MA",
        "Rating": 4,
        "Date": "2014-12-06T15:18:00",
        "Notes": "One of best pizzas in Boston. Not quite traditional neapolitan. Very tasty. Great Soppressata. Update: sad to demote this to a 4. has gone downhill. crust and flavors just weren't there on most recent visit. cheese is still v good tho.",
        "Image": "Pizza_Images/Locale.Image.055628.jpg"
      },
      "geometry": {
        "type": "Point",
        "coordinates": [
          -71.0533583,
          42.365113
        ]
      }
    },
    {
      "type": "Feature",
      "properties": {
        "Pizzeria": "Ernesto's - North End",
        "Style": "New York",
        "State": "MA",
        "Rating": 4,
        "Date": "2014-12-06T14:29:00",
        "Notes": "Very good. Interestingly chewy crust. Best slice in Boston.",
        "Image": "Pizza_Images/Ernesto-s - North End.Image.052910.jpg"
      },
      "geometry": {
        "type": "Point",
        "coordinates": [
          -71.055838,
          42.3633669999999
        ]
      }
    },
    {
      "type": "Feature",
      "properties": {
        "Pizzeria": "Galleria Umberto",
        "Style": "Square",
        "State": "MA",
        "Rating": 4,
        "Date": "2014-12-06T14:11:00",
        "Notes": "Sicilian style. Best Sicilian I've tried.",
        "Image": "Pizza_Images/Galleria Umberto.Image.052729.jpg"
      },
      "geometry": {
        "type": "Point",
        "coordinates": [
          -71.0541991,
          42.3637796999999
        ]
      }
    },
    {
      "type": "Feature",
      "properties": {
        "Pizzeria": "Gran Gusto",
        "Style": "Neapolitan",
        "State": "MA",
        "Rating": 4,
        "Date": "2014-10-04T20:37:00",
        "Notes": "Neapolitan. Take out so a bit cold. Quite good. Below antico forno. Salami tasty but could be spicier. Mozz not melted enough. Crust a bit too chewy/not fluffy.",
        "Image": "Pizza_Images/Gran Gusto.Image.053300.jpg"
      },
      "geometry": {
        "type": "Point",
        "coordinates": [
          -71.1322910999999,
          42.3886727999999
        ]
      }
    },
    {
      "type": "Feature",
      "properties": {
        "Pizzeria": "&pizza - Barracks Row",
        "Style": "Fast Casual",
        "State": "DC",
        "Rating": 4,
        "Date": "",
        "Notes": "great for what it is. best fast casual chain i've tried.",
        "Image": ""
      },
      "geometry": {
        "type": "Point",
        "coordinates": [
          -76.99523679571624,
          38.88350031985225
        ]
      }
    },
    {
      "type": "Feature",
      "properties": {
        "Pizzeria": "&pizza - Chinatown",
        "Style": "Fast Casual",
        "State": "DC",
        "Rating": 4,
        "Date": "",
        "Notes": "great for what it is. best fast casual chain i've tried.",
        "Image": ""
      },
      "geometry": {
        "type": "Point",
        "coordinates": [
          -77.02229733102595,
          38.89997799759951
        ]
      }
    },
    {
      "type": "Feature",
      "properties": {
        "Pizzeria": "&pizza - Dupont",
        "Style": "Fast Casual",
        "State": "DC",
        "Rating": 4,
        "Date": "",
        "Notes": "great for what it is. best fast casual chain i've tried.",
        "Image": ""
      },
      "geometry": {
        "type": "Point",
        "coordinates": [
          -77.04122570935567,
          38.906351639895284
        ]
      }
    },
    {
      "type": "Feature",
      "properties": {
        "Pizzeria": "&pizza - E Street",
        "Style": "Fast Casual",
        "State": "DC",
        "Rating": 4,
        "Date": "",
        "Notes": "great for what it is. best fast casual chain i've tried.",
        "Image": ""
      },
      "geometry": {
        "type": "Point",
        "coordinates": [
          -77.02637050458111,
          38.89630674767983
        ]
      }
    },
    {
      "type": "Feature",
      "properties": {
        "Pizzeria": "&pizza - U Street",
        "Style": "Fast Casual",
        "State": "DC",
        "Rating": 4,
        "Date": "",
        "Notes": "great for what it is. best fast casual chain i've tried.",
        "Image": ""
      },
      "geometry": {
        "type": "Point",
        "coordinates": [
          -77.0292395527263,
          38.91677130235951
        ]
      }
    },
    {
      "type": "Feature",
      "properties": {
        "Pizzeria": "2 Amy's",
        "Style": "Hybrid",
        "State": "DC",
        "Rating": 5,
        "Date": "",
        "Notes": "Excellent",
        "Image": "Pizza_Images/2 Amy-s.Image.170151.jpg"
      },
      "geometry": {
        "type": "Point",
        "coordinates": [
          -77.073078,
          38.9337046
        ]
      }
    },
    {
      "type": "Feature",
      "properties": {
        "Pizzeria": "90 Second Pizza",
        "Style": "Neapolitan",
        "State": "DC",
        "Rating": 4,
        "Date": "",
        "Notes": "fantastic crust but cheese leaves something to be desired",
        "Image": "Pizza_Images/412c583a.Image.054736.jpg"
      },
      "geometry": {
        "type": "Point",
        "coordinates": [
          -77.0625963,
          38.9047801
        ]
      }
    },
    {
      "type": "Feature",
      "properties": {
        "Pizzeria": "A4 Pizza - Union Square",
        "Style": "Neapolitan",
        "State": "MA",
        "Rating": 4,
        "Date": "",
        "Notes": "Tasty. But sort of trying too hard. Crust left a little to be wanted.",
        "Image": ""
      },
      "geometry": {
        "type": "Point",
        "coordinates": [
          -71.102434,
          42.382319
        ]
      }
    },
    {
      "type": "Feature",
      "properties": {
        "Pizzeria": "ABC Pizza",
        "Style": "Greek",
        "State": "MA",
        "Rating": 1,
        "Date": "",
        "Notes": "What you would expect.",
        "Image": ""
      },
      "geometry": {
        "type": "Point",
        "coordinates": [
          -71.105342,
          42.3661775
        ]
      }
    },
    {
      "type": "Feature",
      "properties": {
        "Pizzeria": "All Star Pizza Bar",
        "Style": "",
        "State": "MA",
        "Rating": 1,
        "Date": "",
        "Notes": "not good. Crust was super dried out and had no flavor. Cheese was weird and definitely not just mozzarella. No better than Angelo's but twice the price. Yuppies seem to like it.",
        "Image": ""
      },
      "geometry": {
        "type": "Point",
        "coordinates": [
          -71.0980685,
          42.3732573
        ]
      }
    },
    {
      "type": "Feature",
      "properties": {
        "Pizzeria": "American Flatbread - Burlington",
        "Style": "New York",
        "State": "VT",
        "Rating": 4,
        "Date": "",
        "Notes": "",
        "Image": ""
      },
      "geometry": {
        "type": "Point",
        "coordinates": [
          -73.2142966,
          44.4765433999999
        ]
      }
    },
    {
      "type": "Feature",
      "properties": {
        "Pizzeria": "American Flatbread - Middlebury",
        "Style": "New York",
        "State": "VT",
        "Rating": 4,
        "Date": "",
        "Notes": "",
        "Image": ""
      },
      "geometry": {
        "type": "Point",
        "coordinates": [
          -73.1695773999999,
          44.0151246
        ]
      }
    },
    {
      "type": "Feature",
      "properties": {
        "Pizzeria": "American Flatbread - Waitsfield",
        "Style": "New York",
        "State": "VT",
        "Rating": 4,
        "Date": "",
        "Notes": "",
        "Image": ""
      },
      "geometry": {
        "type": "Point",
        "coordinates": [
          -72.8340365999999,
          44.1728435
        ]
      }
    },
    {
      "type": "Feature",
      "properties": {
        "Pizzeria": "Andy's - AdMo",
        "Style": "New York",
        "State": "DC",
        "Rating": 5,
        "Date": "",
        "Notes": "Light and crispy crust. only NY style in DC area remotely competitive with NYC offerings",
        "Image": "Pizza_Images/Andy-s - AdMo.Image.183628.jpg"
      },
      "geometry": {
        "type": "Point",
        "coordinates": [
          -77.0421906,
          38.9221293
        ]
      }
    },
    {
      "type": "Feature",
      "properties": {
        "Pizzeria": "Andy's - NoMa",
        "Style": "New York",
        "State": "DC",
        "Rating": 5,
        "Date": "",
        "Notes": "Light and crispy crust. only NY style in DC area remotely competitive with NYC offerings",
        "Image": ""
      },
      "geometry": {
        "type": "Point",
        "coordinates": [
          -77.0070964,
          38.9054761
        ]
      }
    },
    {
      "type": "Feature",
      "properties": {
        "Pizzeria": "Angelico Pizzeria",
        "Style": "New York",
        "State": "DC",
        "Rating": 3,
        "Date": "",
        "Notes": "generous 3. just not a very good flavor. but at least not overloaded with cheese or with a super thick crust...",
        "Image": "Pizza_Images/Angelico Pizzeria.Image.190307.jpg"
      },
      "geometry": {
        "type": "Point",
        "coordinates": [
          -77.071727,
          38.920555
        ]
      }
    },
    {
      "type": "Feature",
      "properties": {
        "Pizzeria": "Angelina's",
        "Style": "",
        "State": "MA",
        "Rating": 1,
        "Date": "",
        "Notes": "at least they are trying with the thin crust. But they just drown it in low quality mozz. Also the crust is dry, flavorless, and coated in cornmeal",
        "Image": ""
      },
      "geometry": {
        "type": "Point",
        "coordinates": [
          -71.1269972,
          42.4024589999999
        ]
      }
    },
    {
      "type": "Feature",
      "properties": {
        "Pizzeria": "Angelo's",
        "Style": "",
        "State": "MA",
        "Rating": 1,
        "Date": "",
        "Notes": "pretty bad. Crust was weird and whole wheaty almost? Totally dried out. Cheese and sauce had little flavor. Priced correctly though (8.50 for a large pie)",
        "Image": ""
      },
      "geometry": {
        "type": "Point",
        "coordinates": [
          -71.1107293,
          42.3729824999999
        ]
      }
    },
    {
      "type": "Feature",
      "properties": {
        "Pizzeria": "Antica Giudecca",
        "Style": "",
        "State": "Italy",
        "Rating": 3,
        "Date": "",
        "Notes": "",
        "Image": ""
      },
      "geometry": {
        "type": "Point",
        "coordinates": [
          15.2962455,
          37.060488
        ]
      }
    },
    {
      "type": "Feature",
      "properties": {
        "Pizzeria": "Antico Forno",
        "Style": "Neapolitan",
        "State": "MA",
        "Rating": 3,
        "Date": "",
        "Notes": "very good. Slightly light on cheese. Crust could be a bit more fluffy. But overall excellent. Very flavorful and fresh. Second visit was disappointing. ingredients seemed worse and lacking that umami flavor. downgraded to 3",
        "Image": ""
      },
      "geometry": {
        "type": "Point",
        "coordinates": [
          -71.0556481,
          42.3638224
        ]
      }
    },
    {
      "type": "Feature",
      "properties": {
        "Pizzeria": "Area Four - Kendall Square",
        "Style": "Neapolitan",
        "State": "MA",
        "Rating": 4,
        "Date": "",
        "Notes": "",
        "Image": ""
      },
      "geometry": {
        "type": "Point",
        "coordinates": [
          -71.0924407999999,
          42.3630864999999
        ]
      }
    },
    {
      "type": "Feature",
      "properties": {
        "Pizzeria": "Area Four - South End",
        "Style": "Neapolitan",
        "State": "MA",
        "Rating": 4,
        "Date": "",
        "Notes": "",
        "Image": ""
      },
      "geometry": {
        "type": "Point",
        "coordinates": [
          -71.0629778999999,
          42.3432809
        ]
      }
    },
    {
      "type": "Feature",
      "properties": {
        "Pizzeria": "Armando's",
        "Style": "New York",
        "State": "MA",
        "Rating": 4,
        "Date": "",
        "Notes": "NY style. Only real NY style around Porter Square. Very good. Reminds me of positive pie. Great sausage. Main limitation is the crust gets tough pretty quickly as the pie cools.",
        "Image": "Pizza_Images/Armando-s.Image.045304.jpg"
      },
      "geometry": {
        "type": "Point",
        "coordinates": [
          -71.1314171999999,
          42.3823965
        ]
      }
    },
    {
      "type": "Feature",
      "properties": {
        "Pizzeria": "Aslin - Alexandria",
        "Style": "Hybrid",
        "State": "VA",
        "Rating": 4,
        "Date": "",
        "Notes": "crust a bit too sourdough-y and thick. and not enough sauce. but overall good.",
        "Image": ""
      },
      "geometry": {
        "type": "Point",
        "coordinates": [
          -77.138262,
          38.8042185
        ]
      }
    },
    {
      "type": "Feature",
      "properties": {
        "Pizzeria": "Avellino's",
        "Style": "New York",
        "State": "MA",
        "Rating": 3,
        "Date": "",
        "Notes": "Not bad. Delivery. crust a bit on the cardboard side but overall serviceable. crust is really the limiting component. cheese and sauce were p good.",
        "Image": ""
      },
      "geometry": {
        "type": "Point",
        "coordinates": [
          -71.1004062,
          42.4041503
        ]
      }
    },
    {
      "type": "Feature",
      "properties": {
        "Pizzeria": "Benevento's",
        "Style": "",
        "State": "MA",
        "Rating": 2,
        "Date": "",
        "Notes": "average.",
        "Image": ""
      },
      "geometry": {
        "type": "Point",
        "coordinates": [
          -71.0553979999999,
          42.3642823
        ]
      }
    },
    {
      "type": "Feature",
      "properties": {
        "Pizzeria": "Bertucci's",
        "Style": "New York",
        "State": "MA",
        "Rating": 3,
        "Date": "",
        "Notes": "sausage and ricotta pie is enjoyable. Other pies much less so. Frequently undercooked.",
        "Image": ""
      },
      "geometry": {
        "type": "Point",
        "coordinates": [
          -71.1418388999999,
          42.3952415
        ]
      }
    },
    {
      "type": "Feature",
      "properties": {
        "Pizzeria": "Best",
        "Style": "New York",
        "State": "NY",
        "Rating": 4,
        "Date": "",
        "Notes": "perhaps it could never live up to my memory? Still good. But didn't blow me away. Not dry, good sauce. And nice mozz mostly fresh I think. but dough was a bit bready perhaps? Like floury kinda. Also could have done without oregano. repeat visit- mostly I think they're flouring the dough too much.",
        "Image": "Pizza_Images/Best.Image.021910.jpg"
      },
      "geometry": {
        "type": "Point",
        "coordinates": [
          -73.9534337999999,
          40.7156564
        ]
      }
    },
    {
      "type": "Feature",
      "properties": {
        "Pizzeria": "Blaze",
        "Style": "Fast Casual",
        "State": "MA",
        "Rating": 3,
        "Date": "",
        "Notes": "Enjoyable enough and good value. Very thin crust that really doesn't rise or have any flavor.",
        "Image": ""
      },
      "geometry": {
        "type": "Point",
        "coordinates": [
          -71.0770461999999,
          42.3694245999999
        ]
      }
    },
    {
      "type": "Feature",
      "properties": {
        "Pizzeria": "Bleecker",
        "Style": "New York",
        "State": "NY",
        "Rating": 3,
        "Date": "",
        "Notes": "got margherita this time. Better than my last visit for sure. Quite enjoyable. Crust itself super dry and actually inedible but pizza part itseld worked well. Nice sauce and cheese.",
        "Image": "Pizza_Images/Bleecker.Image.022121.jpg"
      },
      "geometry": {
        "type": "Point",
        "coordinates": [
          -74.0034014,
          40.732198
        ]
      }
    },
    {
      "type": "Feature",
      "properties": {
        "Pizzeria": "Boogy and Peel",
        "Style": "Neapolitan",
        "State": "DC",
        "Rating": 4,
        "Date": "",
        "Notes": "crust quite good. cheese good, I think a lot of provolone in there. needs more sauce. And honestly crust too thin. Best element, but thinness masks this. Second visit- okay, crust is way too thin. and too much provo",
        "Image": "Pizza_Images/Boogy and Peel.Image.005357.jpg"
      },
      "geometry": {
        "type": "Point",
        "coordinates": [
          -77.0444828999999,
          38.9090754
        ]
      }
    },
    {
      "type": "Feature",
      "properties": {
        "Pizzeria": "Boston Kitchen Pizza",
        "Style": "New York",
        "State": "MA",
        "Rating": 3,
        "Date": "",
        "Notes": "Could have been worse",
        "Image": ""
      },
      "geometry": {
        "type": "Point",
        "coordinates": [
          -71.0631071,
          42.3510603
        ]
      }
    },
    {
      "type": "Feature",
      "properties": {
        "Pizzeria": "Bova's",
        "Style": "Square",
        "State": "MA",
        "Rating": 1,
        "Date": "",
        "Notes": "Surprisingly poor. Crust tasted like dry bread, cheese was excessive and low quality",
        "Image": ""
      },
      "geometry": {
        "type": "Point",
        "coordinates": [
          -71.0558911,
          42.3652159
        ]
      }
    },
    {
      "type": "Feature",
      "properties": {
        "Pizzeria": "Brickstone Cafe",
        "Style": "New York",
        "State": "MA",
        "Rating": 3,
        "Date": "",
        "Notes": "Pretty good. Nice thin crust and didn't overdo it with sauce and cheese quantity. unfotunately a bit undercooked and flavors could have been better.",
        "Image": ""
      },
      "geometry": {
        "type": "Point",
        "coordinates": [
          -71.1503559999999,
          42.4145265999999
        ]
      }
    },
    {
      "type": "Feature",
      "properties": {
        "Pizzeria": "Broadway Eatery",
        "Style": "Greek",
        "State": "MA",
        "Rating": 2,
        "Date": "",
        "Notes": "Greek, sadly. But actually not too bad. Decent flavors for what it is.",
        "Image": ""
      },
      "geometry": {
        "type": "Point",
        "coordinates": [
          -71.127719,
          42.403592
        ]
      }
    },
    {
      "type": "Feature",
      "properties": {
        "Pizzeria": "C&A Pizza",
        "Style": "New York",
        "State": "NH",
        "Rating": 3,
        "Date": "",
        "Notes": "",
        "Image": ""
      },
      "geometry": {
        "type": "Point",
        "coordinates": [
          -72.2873910999999,
          43.7008014
        ]
      }
    },
    {
      "type": "Feature",
      "properties": {
        "Pizzeria": "Cambridge House of Pizza",
        "Style": "Greek",
        "State": "MA",
        "Rating": 2,
        "Date": "",
        "Notes": "Standard greek. Crust was dry and flaky. could have been worse for the genre.",
        "Image": ""
      },
      "geometry": {
        "type": "Point",
        "coordinates": [
          -71.130755,
          42.397386
        ]
      }
    },
    {
      "type": "Feature",
      "properties": {
        "Pizzeria": "Cambridge Pizza",
        "Style": "",
        "State": "MA",
        "Rating": 3,
        "Date": "",
        "Notes": "Better than one would expect.",
        "Image": ""
      },
      "geometry": {
        "type": "Point",
        "coordinates": [
          -71.1078842,
          42.3576719
        ]
      }
    },
    {
      "type": "Feature",
      "properties": {
        "Pizzeria": "Cinderella's",
        "Style": "",
        "State": "MA",
        "Rating": 1,
        "Date": "",
        "Notes": "arguably the worst pizza I have tried in Cambridge from a dedicated pizza place.",
        "Image": ""
      },
      "geometry": {
        "type": "Point",
        "coordinates": [
          -71.0995335999999,
          42.3635242
        ]
      }
    },
    {
      "type": "Feature",
      "properties": {
        "Pizzeria": "Clubhouse",
        "Style": "Neapolitan",
        "State": "DC",
        "Rating": 3,
        "Date": "",
        "Notes": "not bad, but way overpriced for what it is",
        "Image": ""
      },
      "geometry": {
        "type": "Point",
        "coordinates": [
          -77.0629663,
          38.9046406
        ]
      }
    },
    {
      "type": "Feature",
      "properties": {
        "Pizzeria": "Colony Grill",
        "Style": "Bar",
        "State": "VA",
        "Rating": 4,
        "Date": "",
        "Notes": "super thin bar pie. tasty and good value. crust is probably the highlight. sauce and cheese work but nothing to write home about\n\nRepeat visit: excellent sausage. Hot oil good.",
        "Image": "Pizza_Images/Colony Grill.Image.231217.jpg"
      },
      "geometry": {
        "type": "Point",
        "coordinates": [
          -77.0928076,
          38.887758
        ]
      }
    },
    {
      "type": "Feature",
      "properties": {
        "Pizzeria": "Cristo's",
        "Style": "Greek",
        "State": "MA",
        "Rating": 2,
        "Date": "",
        "Notes": "typical greek. crust is bad.",
        "Image": ""
      },
      "geometry": {
        "type": "Point",
        "coordinates": [
          -71.1214289999999,
          42.395049
        ]
      }
    },
    {
      "type": "Feature",
      "properties": {
        "Pizzeria": "Davis Square Pizza & Subs",
        "Style": "Greek",
        "State": "MA",
        "Rating": 2,
        "Date": "",
        "Notes": "literally forgettable. i don't even remember",
        "Image": ""
      },
      "geometry": {
        "type": "Point",
        "coordinates": [
          -71.1169674999999,
          42.3943472
        ]
      }
    },
    {
      "type": "Feature",
      "properties": {
        "Pizzeria": "DC Pizza",
        "Style": "Fast Casual",
        "State": "DC",
        "Rating": 3,
        "Date": "",
        "Notes": "&pizza knockoff (or is it the reverse?). same ovens, dough prep, shape. enjoyable, but probably a slight step down from &. however, pies are a bit larger and they seem to be a bit more generous with toppings.",
        "Image": ""
      },
      "geometry": {
        "type": "Point",
        "coordinates": [
          -77.0431914,
          38.9040519
        ]
      }
    },
    {
      "type": "Feature",
      "properties": {
        "Pizzeria": "DC Stone PIzza",
        "Style": "Jumbo Slice",
        "State": "DC",
        "Rating": 2,
        "Date": "",
        "Notes": "",
        "Image": ""
      },
      "geometry": {
        "type": "Point",
        "coordinates": [
          -77.034793,
          38.9171281
        ]
      }
    },
    {
      "type": "Feature",
      "properties": {
        "Pizzeria": "Declaration",
        "Style": "",
        "State": "DC",
        "Rating": 1,
        "Date": "",
        "Notes": "unbelievably bad. cheese was clearly pre-shredded and not even fully melted",
        "Image": ""
      },
      "geometry": {
        "type": "Point",
        "coordinates": [
          -77.0061048999999,
          38.8758267
        ]
      }
    },
    {
      "type": "Feature",
      "properties": {
        "Pizzeria": "Dirty Water Dough Company",
        "Style": "New York",
        "State": "MA",
        "Rating": 3,
        "Date": "",
        "Notes": "Unremarkable, but decent enough. At least its not greek.",
        "Image": ""
      },
      "geometry": {
        "type": "Point",
        "coordinates": [
          -71.0811110999999,
          42.3497997
        ]
      }
    },
    {
      "type": "Feature",
      "properties": {
        "Pizzeria": "Domino's - Davis Square",
        "Style": "",
        "State": "MA",
        "Rating": 3,
        "Date": "",
        "Notes": "Butter crust.",
        "Image": ""
      },
      "geometry": {
        "type": "Point",
        "coordinates": [
          -71.12051429781323,
          42.393816392079046
        ]
      }
    },
    {
      "type": "Feature",
      "properties": {
        "Pizzeria": "Dominos - Dupont Circle",
        "Style": "",
        "State": "DC",
        "Rating": 3,
        "Date": "",
        "Notes": "consistent",
        "Image": ""
      },
      "geometry": {
        "type": "Point",
        "coordinates": [
          -77.04608089819588,
          38.902819626247094
        ]
      }
    },
    {
      "type": "Feature",
      "properties": {
        "Pizzeria": "Don Antonio",
        "Style": "Neapolitan",
        "State": "NY",
        "Rating": 4,
        "Date": "",
        "Notes": "",
        "Image": ""
      },
      "geometry": {
        "type": "Point",
        "coordinates": [
          -73.9866646999999,
          40.7626548
        ]
      }
    },
    {
      "type": "Feature",
      "properties": {
        "Pizzeria": "Dragon Pizza",
        "Style": "New York",
        "State": "MA",
        "Rating": 3,
        "Date": "",
        "Notes": "kinda tastes like pretty good homemade pizza instead of real pizza. missing that umami flavor. crust was crispy but perhaps a bit dry. cheese and sauce did not stand out either. i feel like i could have made this pizza, and if i had, i would have been satisfied enough but slightly disappointed.",
        "Image": ""
      },
      "geometry": {
        "type": "Point",
        "coordinates": [
          -71.1214099,
          42.3949744
        ]
      }
    },
    {
      "type": "Feature",
      "properties": {
        "Pizzeria": "Duccini's",
        "Style": "Jumbo Slice",
        "State": "DC",
        "Rating": 3,
        "Date": "",
        "Notes": "decent for what it is",
        "Image": "Pizza_Images/Duccini-s.Image.023313.jpg"
      },
      "geometry": {
        "type": "Point",
        "coordinates": [
          -77.0412156,
          38.9167961
        ]
      }
    },
    {
      "type": "Feature",
      "properties": {
        "Pizzeria": "Dupont Pizza",
        "Style": "New York",
        "State": "DC",
        "Rating": 3,
        "Date": "",
        "Notes": "crust is better than expected. decent attempt at ny style instead of the weird spongey 'jumbo slice' standard. but sauce and cheese disappointing. sauce had a bit of a weird flavor - roasted red pepper?",
        "Image": ""
      },
      "geometry": {
        "type": "Point",
        "coordinates": [
          -77.0453182999999,
          38.9095265
        ]
      }
    },
    {
      "type": "Feature",
      "properties": {
        "Pizzeria": "Eat at Jumbo's",
        "Style": "",
        "State": "MA",
        "Rating": 1,
        "Date": "",
        "Notes": "more NY style. Very thin crust. Nice crisp but lacking in flavor.",
        "Image": ""
      },
      "geometry": {
        "type": "Point",
        "coordinates": [
          -71.111888,
          42.3995976
        ]
      }
    },
    {
      "type": "Feature",
      "properties": {
        "Pizzeria": "EBAs",
        "Style": "",
        "State": "NH",
        "Rating": 4,
        "Date": "",
        "Notes": "Legendary. RIP in peace.",
        "Image": "Pizza_Images/EBAs.Image.053513.jpg"
      },
      "geometry": {
        "type": "Point",
        "coordinates": [
          -72.29048898873316,
          43.70167711829037
        ]
      }
    },
    {
      "type": "Feature",
      "properties": {
        "Pizzeria": "Emma's",
        "Style": "",
        "State": "MA",
        "Rating": 2,
        "Date": "",
        "Notes": "Crust is super thin and flat, undercooked and under-risen. Topping quality was just okay.",
        "Image": ""
      },
      "geometry": {
        "type": "Point",
        "coordinates": [
          -71.0920059999999,
          42.366361
        ]
      }
    },
    {
      "type": "Feature",
      "properties": {
        "Pizzeria": "Emmy Squared - Navy Yard",
        "Style": "Detroit",
        "State": "DC",
        "Rating": 5,
        "Date": "",
        "Notes": "",
        "Image": ""
      },
      "geometry": {
        "type": "Point",
        "coordinates": [
          -77.0003873,
          38.8747299
        ]
      }
    },
    {
      "type": "Feature",
      "properties": {
        "Pizzeria": "Emmy Squared - Shaw",
        "Style": "Detroit",
        "State": "DC",
        "Rating": 5,
        "Date": "",
        "Notes": "",
        "Image": "Pizza_Images/Emmy squared.Image.025745.jpg"
      },
      "geometry": {
        "type": "Point",
        "coordinates": [
          -77.0231878,
          38.916518
        ]
      }
    },
    {
      "type": "Feature",
      "properties": {
        "Pizzeria": "Enfield House of Pizza",
        "Style": "Greek",
        "State": "NH",
        "Rating": 2,
        "Date": "",
        "Notes": "",
        "Image": ""
      },
      "geometry": {
        "type": "Point",
        "coordinates": [
          -72.1201734999999,
          43.6424382999999
        ]
      }
    },
    {
      "type": "Feature",
      "properties": {
        "Pizzeria": "Era Ora Ortigia",
        "Style": "Neapolitan",
        "State": "Italy",
        "Rating": 4,
        "Date": "",
        "Notes": "",
        "Image": ""
      },
      "geometry": {
        "type": "Point",
        "coordinates": [
          15.2906633,
          37.0635354999999
        ]
      }
    },
    {
      "type": "Feature",
      "properties": {
        "Pizzeria": "Felcaro Pizzeria",
        "Style": "New York",
        "State": "MA",
        "Rating": 2,
        "Date": "",
        "Notes": "Not terrible...appreciate that they are going for thin crust NY style and the crust wasn't bad, but the sauce was so over seasoned it became tough to eat",
        "Image": ""
      },
      "geometry": {
        "type": "Point",
        "coordinates": [
          -71.0680469999999,
          42.3610058999999
        ]
      }
    },
    {
      "type": "Feature",
      "properties": {
        "Pizzeria": "Figs",
        "Style": "Flatbread",
        "State": "MA",
        "Rating": 3,
        "Date": "",
        "Notes": "Not as bad as I was expecting",
        "Image": ""
      },
      "geometry": {
        "type": "Point",
        "coordinates": [
          -71.0702618,
          42.3572048
        ]
      }
    },
    {
      "type": "Feature",
      "properties": {
        "Pizzeria": "Fiore's Pizza",
        "Style": "New York",
        "State": "NY",
        "Rating": 4,
        "Date": "",
        "Notes": "",
        "Image": ""
      },
      "geometry": {
        "type": "Point",
        "coordinates": [
          -74.0001179999999,
          40.728744
        ]
      }
    },
    {
      "type": "Feature",
      "properties": {
        "Pizzeria": "Fiorella's Express",
        "Style": "",
        "State": "MA",
        "Rating": 2,
        "Date": "",
        "Notes": "Just pretty underwhelming overall. too much cheese and it all tried to pull off on the first bite. crust was coated in a ton of cornmeal.",
        "Image": ""
      },
      "geometry": {
        "type": "Point",
        "coordinates": [
          -71.1298790999999,
          42.3973685
        ]
      }
    },
    {
      "type": "Feature",
      "properties": {
        "Pizzeria": "Flatbread Company - Somerville",
        "Style": "Flatbread",
        "State": "MA",
        "Rating": 4,
        "Date": "",
        "Notes": "pretty good. somewhat hit or miss. Flatbread slice shape is just kind of annoying. Crust often too crispy, not enough flavor/aeration. Generally tasty sauce/cheese/toppings.",
        "Image": ""
      },
      "geometry": {
        "type": "Point",
        "coordinates": [
          -71.1238283,
          42.3956672
        ]
      }
    },
    {
      "type": "Feature",
      "properties": {
        "Pizzeria": "Flippin Pizza",
        "Style": "New York",
        "State": "DC",
        "Rating": 3,
        "Date": "",
        "Notes": "Crust is passable but sauce and cheese leave a lot to be desired. cheese is low quality and too much Italian seasoning in the sauce.",
        "Image": ""
      },
      "geometry": {
        "type": "Point",
        "coordinates": [
          -77.0454951,
          38.913913
        ]
      }
    },
    {
      "type": "Feature",
      "properties": {
        "Pizzeria": "Glen's Garden Market",
        "Style": "Hybrid",
        "State": "DC",
        "Rating": 3,
        "Date": "",
        "Notes": "Has potential. Particularly crust. Tomatoes were a bit acidic, cheese was good quality but too much quantity. And man oh man that was a lot of cornmeal. I've never had a pizza that actually tasted like corn before.",
        "Image": ""
      },
      "geometry": {
        "type": "Point",
        "coordinates": [
          -77.0451312,
          38.9144185
        ]
      }
    },
    {
      "type": "Feature",
      "properties": {
        "Pizzeria": "Good Old Days",
        "Style": "New York",
        "State": "CT",
        "Rating": 4,
        "Date": "",
        "Notes": "Adding this late, but I recall the NY and square pies both being tasty",
        "Image": ""
      },
      "geometry": {
        "type": "Point",
        "coordinates": [
          -73.307795,
          41.411547
        ]
      }
    },
    {
      "type": "Feature",
      "properties": {
        "Pizzeria": "Harry's Pizzeria",
        "Style": "Hybrid",
        "State": "FL",
        "Rating": 4,
        "Date": "",
        "Notes": "",
        "Image": ""
      },
      "geometry": {
        "type": "Point",
        "coordinates": [
          -80.2421529,
          25.7278416
        ]
      }
    },
    {
      "type": "Feature",
      "properties": {
        "Pizzeria": "Harvard House of Pizza",
        "Style": "Greek",
        "State": "MA",
        "Rating": 1,
        "Date": "",
        "Notes": "Greek style. Delivers late...",
        "Image": ""
      },
      "geometry": {
        "type": "Point",
        "coordinates": [
          -71.1198597,
          42.3832996
        ]
      }
    },
    {
      "type": "Feature",
      "properties": {
        "Pizzeria": "Haymarket Pizza",
        "Style": "New York",
        "State": "MA",
        "Rating": 2,
        "Date": "",
        "Notes": "Cheap. Liked the haymarket vibes. But pretty low quality pizza. Sauce was sweet and seemed like it had already been cooked twice.",
        "Image": ""
      },
      "geometry": {
        "type": "Point",
        "coordinates": [
          -71.0564508,
          42.3615834
        ]
      }
    },
    {
      "type": "Feature",
      "properties": {
        "Pizzeria": "Heliotrope Brewing",
        "Style": "Neapolitan",
        "State": "VA",
        "Rating": 4,
        "Date": "",
        "Notes": "Sauce has a bit of a kick that I could do without. And dough is a bit too dense. Though with a nice chew. But overall tasty. Scissors are unnecessary.",
        "Image": "Pizza_Images/Heliotrope Brewing.Image.025602.jpg"
      },
      "geometry": {
        "type": "Point",
        "coordinates": [
          -79.4434651999999,
          37.7834994
        ]
      }
    },
    {
      "type": "Feature",
      "properties": {
        "Pizzeria": "Ignazio's",
        "Style": "New York",
        "State": "NY",
        "Rating": 2,
        "Date": "",
        "Notes": "honestly not good. deceptive photo! 8.7 by barstool somehow. way too much oregano. nothing else particularly good",
        "Image": ""
      },
      "geometry": {
        "type": "Point",
        "coordinates": [
          -73.99372217801964,
          40.703165291541914
        ]
      }
    },
    {
      "type": "Feature",
      "properties": {
        "Pizzeria": "il Canale",
        "Style": "Neapolitan",
        "State": "DC",
        "Rating": 4,
        "Date": "",
        "Notes": "good, but pie I got was too salty. repeat visits have been better.",
        "Image": ""
      },
      "geometry": {
        "type": "Point",
        "coordinates": [
          -77.0609660999999,
          38.9044867
        ]
      }
    },
    {
      "type": "Feature",
      "properties": {
        "Pizzeria": "Ironside Kitchen Pizza",
        "Style": "Hybrid",
        "State": "FL",
        "Rating": 4,
        "Date": "",
        "Notes": "",
        "Image": ""
      },
      "geometry": {
        "type": "Point",
        "coordinates": [
          -80.1882476,
          25.8451572
        ]
      }
    },
    {
      "type": "Feature",
      "properties": {
        "Pizzeria": "Ivy and coney",
        "Style": "Detroit",
        "State": "DC",
        "Rating": 3,
        "Date": "",
        "Notes": "",
        "Image": ""
      },
      "geometry": {
        "type": "Point",
        "coordinates": [
          -77.0217440999999,
          38.9106537
        ]
      }
    },
    {
      "type": "Feature",
      "properties": {
        "Pizzeria": "Ivy City Smokehouse",
        "Style": "Hybrid",
        "State": "DC",
        "Rating": 4,
        "Date": "",
        "Notes": "crust was quite good although underbaked. but very tender. sauce and cheese mostly forgettable. need to try again",
        "Image": ""
      },
      "geometry": {
        "type": "Point",
        "coordinates": [
          -76.9854629,
          38.9145381
        ]
      }
    },
    {
      "type": "Feature",
      "properties": {
        "Pizzeria": "Jake's Market & Deli",
        "Style": "New York",
        "State": "NH",
        "Rating": 2,
        "Date": "",
        "Notes": "",
        "Image": ""
      },
      "geometry": {
        "type": "Point",
        "coordinates": [
          -72.1443046999999,
          43.6447417999999
        ]
      }
    },
    {
      "type": "Feature",
      "properties": {
        "Pizzeria": "Joe's",
        "Style": "New York",
        "State": "NY",
        "Rating": 5,
        "Date": "",
        "Notes": "still the quintessential ny slice. Cheese flavorful and tomatoes fresh. Very thin crust. Great.",
        "Image": "Pizza_Images/Joe-s.Image.030554.jpg"
      },
      "geometry": {
        "type": "Point",
        "coordinates": [
          -74.002141,
          40.7305876
        ]
      }
    },
    {
      "type": "Feature",
      "properties": {
        "Pizzeria": "Joe's Place",
        "Style": "New York",
        "State": "VA",
        "Rating": 3,
        "Date": "",
        "Notes": "",
        "Image": ""
      },
      "geometry": {
        "type": "Point",
        "coordinates": [
          -77.1403151,
          38.8959767
        ]
      }
    },
    {
      "type": "Feature",
      "properties": {
        "Pizzeria": "Justin's Cafe",
        "Style": "New York",
        "State": "DC",
        "Rating": 4,
        "Date": "",
        "Notes": "RIP",
        "Image": ""
      },
      "geometry": {
        "type": "Point",
        "coordinates": [
          -77.0061581,
          38.8778563
        ]
      }
    },
    {
      "type": "Feature",
      "properties": {
        "Pizzeria": "Kesté",
        "Style": "Neapolitan",
        "State": "NY",
        "Rating": 4,
        "Date": "",
        "Notes": "",
        "Image": ""
      },
      "geometry": {
        "type": "Point",
        "coordinates": [
          -74.0029625999999,
          40.7315345
        ]
      }
    },
    {
      "type": "Feature",
      "properties": {
        "Pizzeria": "La Cascia's Bakery",
        "Style": "Square",
        "State": "MA",
        "Rating": 1,
        "Date": "",
        "Notes": "Disappointing. All components tasted low quality. Cheese was barely even melted? Didn't finish",
        "Image": ""
      },
      "geometry": {
        "type": "Point",
        "coordinates": [
          -71.1069832,
          42.403747
        ]
      }
    },
    {
      "type": "Feature",
      "properties": {
        "Pizzeria": "La Pizza & La Pasta",
        "Style": "Neapolitan",
        "State": "MA",
        "Rating": 4,
        "Date": "",
        "Notes": "At Eataly, made by Italian pizza chain Rossopomodoro. Pretty good. Tough to say since pizza sat for ~20 minutes before being eaten. Mozz did not taste like bufala. Will need to try again.",
        "Image": ""
      },
      "geometry": {
        "type": "Point",
        "coordinates": [
          -71.0819042,
          42.3473046
        ]
      }
    },
    {
      "type": "Feature",
      "properties": {
        "Pizzeria": "Leone's Sub and Pizza",
        "Style": "Square",
        "State": "MA",
        "Rating": 3,
        "Date": "",
        "Notes": "Good. Really between a 3 and a 4.",
        "Image": ""
      },
      "geometry": {
        "type": "Point",
        "coordinates": [
          -71.092481,
          42.3919462
        ]
      }
    },
    {
      "type": "Feature",
      "properties": {
        "Pizzeria": "Leos Eatery",
        "Style": "",
        "State": "DC",
        "Rating": 1,
        "Date": "",
        "Notes": "frozen pizza quality. spongey crust",
        "Image": ""
      },
      "geometry": {
        "type": "Point",
        "coordinates": [
          -77.009438,
          38.874924
        ]
      }
    },
    {
      "type": "Feature",
      "properties": {
        "Pizzeria": "Lisa's Family Pizzeria",
        "Style": "Greek",
        "State": "MA",
        "Rating": 1,
        "Date": "",
        "Notes": "your standard Greek style Boston pizza...enjoyable enough, but would not seek out again",
        "Image": ""
      },
      "geometry": {
        "type": "Point",
        "coordinates": [
          -71.1239812,
          42.4128364999999
        ]
      }
    },
    {
      "type": "Feature",
      "properties": {
        "Pizzeria": "Lupo Marino",
        "Style": "Neapolitan",
        "State": "DC",
        "Rating": 4,
        "Date": "",
        "Notes": "surprisingly good.",
        "Image": ""
      },
      "geometry": {
        "type": "Point",
        "coordinates": [
          -77.024179,
          38.8790312
        ]
      }
    },
    {
      "type": "Feature",
      "properties": {
        "Pizzeria": "Mamma Lisa Pizza House",
        "Style": "New York",
        "State": "MA",
        "Rating": 3,
        "Date": "",
        "Notes": "Good. Really between a 3 and a 4. Cheese was interesting in a good way. Maybe some cheddar in there?",
        "Image": ""
      },
      "geometry": {
        "type": "Point",
        "coordinates": [
          -71.0932821,
          42.3924091999999
        ]
      }
    },
    {
      "type": "Feature",
      "properties": {
        "Pizzeria": "Manhattan Pizza",
        "Style": "New York",
        "State": "VA",
        "Rating": 2,
        "Date": "",
        "Notes": "",
        "Image": ""
      },
      "geometry": {
        "type": "Point",
        "coordinates": [
          -77.5259755999999,
          39.0986872999999
        ]
      }
    },
    {
      "type": "Feature",
      "properties": {
        "Pizzeria": "Mellow Mushroom - AdMo",
        "Style": "",
        "State": "DC",
        "Rating": 2,
        "Date": "",
        "Notes": "",
        "Image": ""
      },
      "geometry": {
        "type": "Point",
        "coordinates": [
          -77.0425091999999,
          38.9216023
        ]
      }
    },
    {
      "type": "Feature",
      "properties": {
        "Pizzeria": "Menomale - Brookland",
        "Style": "Neapolitan",
        "State": "DC",
        "Rating": 3,
        "Date": "",
        "Notes": "sadly pies were undercooked. potential was there. need to try again",
        "Image": ""
      },
      "geometry": {
        "type": "Point",
        "coordinates": [
          -76.99022,
          38.924844
        ]
      }
    },
    {
      "type": "Feature",
      "properties": {
        "Pizzeria": "Mike's Food & Spirits",
        "Style": "New York",
        "State": "MA",
        "Rating": 3,
        "Date": "",
        "Notes": "Not very good, but serviceable in a pinch. All ingredients taste low quality (dough, cheese, sauce), also too much dough and cheese, not enough sauce.",
        "Image": ""
      },
      "geometry": {
        "type": "Point",
        "coordinates": [
          -71.122046,
          42.39617
        ]
      }
    },
    {
      "type": "Feature",
      "properties": {
        "Pizzeria": "Monica's Mercato Pizza",
        "Style": "New York",
        "State": "MA",
        "Rating": 4,
        "Date": "",
        "Notes": "Satisfying. Sort of a hybrid between the style's of ernesto's and otto. Meat lover's in particular was enjoyable, which is uncommon.",
        "Image": ""
      },
      "geometry": {
        "type": "Point",
        "coordinates": [
          -71.0555815,
          42.3650772
        ]
      }
    },
    {
      "type": "Feature",
      "properties": {
        "Pizzeria": "My Pie Pizzeria Romana - UWS",
        "Style": "Al Taglio",
        "State": "NY",
        "Rating": 5,
        "Date": "",
        "Notes": "excellent. Only real complaint is too much basil. But truly excellent.",
        "Image": ""
      },
      "geometry": {
        "type": "Point",
        "coordinates": [
          -73.981175,
          40.778269
        ]
      }
    },
    {
      "type": "Feature",
      "properties": {
        "Pizzeria": "New York Pizza",
        "Style": "New York",
        "State": "MA",
        "Rating": 2,
        "Date": "",
        "Notes": "ok New York street slice. Giant slices are nice novelty but crust struggled towards center",
        "Image": ""
      },
      "geometry": {
        "type": "Point",
        "coordinates": [
          -71.082089,
          42.340563
        ]
      }
    },
    {
      "type": "Feature",
      "properties": {
        "Pizzeria": "Newtowne Grill",
        "Style": "New York",
        "State": "MA",
        "Rating": 4,
        "Date": "",
        "Notes": "crust is the highlight, surprisingly. sauce and cheese could be improved. value can't be beat.",
        "Image": "Pizza_Images/Newtowne Grill.Image.054238.jpg"
      },
      "geometry": {
        "type": "Point",
        "coordinates": [
          -71.1200824,
          42.3897402
        ]
      }
    },
    {
      "type": "Feature",
      "properties": {
        "Pizzeria": "Nicoletta Pizzeria",
        "Style": "",
        "State": "DC",
        "Rating": 2,
        "Date": "",
        "Notes": "first couple bites okay in a greasy guilty pleasure kind of way...but after that just super heavy and dense...thick crust, low quality toppings",
        "Image": ""
      },
      "geometry": {
        "type": "Point",
        "coordinates": [
          -77.0014764999999,
          38.873408
        ]
      }
    },
    {
      "type": "Feature",
      "properties": {
        "Pizzeria": "Nino's",
        "Style": "New York",
        "State": "MA",
        "Rating": 4,
        "Date": "",
        "Notes": "surprisingly good. crispy crust. cheese and sauce were nice. slice had that nice balanced blend of sauce and cheese. splotchy appearance.",
        "Image": ""
      },
      "geometry": {
        "type": "Point",
        "coordinates": [
          -71.070468,
          42.358382
        ]
      }
    },
    {
      "type": "Feature",
      "properties": {
        "Pizzeria": "NY Pizza Suprema",
        "Style": "New York",
        "State": "NY",
        "Rating": 3,
        "Date": "",
        "Notes": "",
        "Image": ""
      },
      "geometry": {
        "type": "Point",
        "coordinates": [
          -73.9952488583408,
          40.7501517985297
        ]
      }
    },
    {
      "type": "Feature",
      "properties": {
        "Pizzeria": "Oath",
        "Style": "Not Pizza",
        "State": "MA",
        "Rating": 2,
        "Date": "",
        "Notes": "i'm being generous even including this on the list. crust is some sort of pre-made fried dough deal. crispy underneath but oily and tough to chew. overall could have been worse.",
        "Image": ""
      },
      "geometry": {
        "type": "Point",
        "coordinates": [
          -71.1224752,
          42.396122
        ]
      }
    },
    {
      "type": "Feature",
      "properties": {
        "Pizzeria": "Officina",
        "Style": "Al Taglio",
        "State": "DC",
        "Rating": 4,
        "Date": "",
        "Notes": "",
        "Image": ""
      },
      "geometry": {
        "type": "Point",
        "coordinates": [
          -77.0270115,
          38.8812416
        ]
      }
    },
    {
      "type": "Feature",
      "properties": {
        "Pizzeria": "Oggi Gourmet",
        "Style": "New York",
        "State": "MA",
        "Rating": 3,
        "Date": "",
        "Notes": "tasty. Well balanced.",
        "Image": ""
      },
      "geometry": {
        "type": "Point",
        "coordinates": [
          -71.1187216999999,
          42.3726714
        ]
      }
    },
    {
      "type": "Feature",
      "properties": {
        "Pizzeria": "Old City Market and Oven",
        "Style": "Hybrid",
        "State": "DC",
        "Rating": 3,
        "Date": "",
        "Notes": "not bad, but no real reason to order here again",
        "Image": ""
      },
      "geometry": {
        "type": "Point",
        "coordinates": [
          -76.9986359999999,
          38.902826
        ]
      }
    },
    {
      "type": "Feature",
      "properties": {
        "Pizzeria": "Oleum Ortigia",
        "Style": "Neapolitan",
        "State": "Italy",
        "Rating": 4,
        "Date": "",
        "Notes": "",
        "Image": ""
      },
      "geometry": {
        "type": "Point",
        "coordinates": [
          15.2924151,
          37.0618353
        ]
      }
    },
    {
      "type": "Feature",
      "properties": {
        "Pizzeria": "Otto",
        "Style": "New York",
        "State": "MA",
        "Rating": 4,
        "Date": "",
        "Notes": "NY style. Just a slice. Very satisfying. Sauce on top style. Flavorful cheese. second trip was fantastic. Very flavorful tomatoes. Moved up a half tier.",
        "Image": "Pizza_Images/Otto.Image.053918.jpg"
      },
      "geometry": {
        "type": "Point",
        "coordinates": [
          -71.1191026999999,
          42.3741675999999
        ]
      }
    },
    {
      "type": "Feature",
      "properties": {
        "Pizzeria": "Parziale's",
        "Style": "Square",
        "State": "MA",
        "Rating": 5,
        "Date": "",
        "Notes": "bakery style. Very tasty. Served room temp. Tomatoes were delicious as was dough.",
        "Image": "Pizza_Images/Parziale-s.Image.062124.jpg"
      },
      "geometry": {
        "type": "Point",
        "coordinates": [
          -71.0557602,
          42.3653142
        ]
      }
    },
    {
      "type": "Feature",
      "properties": {
        "Pizzeria": "Pasta Beach",
        "Style": "Neapolitan",
        "State": "MA",
        "Rating": 3,
        "Date": "",
        "Notes": "pretty good. Tasty. Oven is probably not quite hot enough, but close. I'd say better than Quattro and the like which are trying too hard.",
        "Image": ""
      },
      "geometry": {
        "type": "Point",
        "coordinates": [
          -71.0502639999999,
          42.356899
        ]
      }
    },
    {
      "type": "Feature",
      "properties": {
        "Pizzeria": "Pastoral",
        "Style": "Neapolitan",
        "State": "MA",
        "Rating": 4,
        "Date": "",
        "Notes": "Crust was good, sauce and cheese delivered the right umami flavors.",
        "Image": ""
      },
      "geometry": {
        "type": "Point",
        "coordinates": [
          -71.0490234999999,
          42.3505448
        ]
      }
    },
    {
      "type": "Feature",
      "properties": {
        "Pizzeria": "Patsy's - East Harlem",
        "Style": "Hybrid",
        "State": "NY",
        "Rating": 5,
        "Date": "",
        "Notes": "",
        "Image": ""
      },
      "geometry": {
        "type": "Point",
        "coordinates": [
          -73.9348807,
          40.7971527999999
        ]
      }
    },
    {
      "type": "Feature",
      "properties": {
        "Pizzeria": "Patsy's - UWS",
        "Style": "Hybrid",
        "State": "NY",
        "Rating": 3,
        "Date": "",
        "Notes": "not bad, but not nearly as good as the og",
        "Image": ""
      },
      "geometry": {
        "type": "Point",
        "coordinates": [
          -73.97745939309831,
          40.77870887713313
        ]
      }
    },
    {
      "type": "Feature",
      "properties": {
        "Pizzeria": "Pepe Bocca",
        "Style": "Al Taglio",
        "State": "MA",
        "Rating": 5,
        "Date": "",
        "Notes": "Pizza al taglio. super tasty. Flavorful crust with a nice crunch to it. cheese and sauce are bright and fresh.",
        "Image": ""
      },
      "geometry": {
        "type": "Point",
        "coordinates": [
          -71.1215722,
          42.3960283
        ]
      }
    },
    {
      "type": "Feature",
      "properties": {
        "Pizzeria": "Pescatore's",
        "Style": "New York",
        "State": "MA",
        "Rating": 3,
        "Date": "",
        "Notes": "High quality cheese. Thin crust, though crumb was tough and not worth eating. Sauce tasted like marinara unfortunately. Overly sweet and seasoned.",
        "Image": ""
      },
      "geometry": {
        "type": "Point",
        "coordinates": [
          -71.1113859,
          42.3993405
        ]
      }
    },
    {
      "type": "Feature",
      "properties": {
        "Pizzeria": "Pi Pizzeria",
        "Style": "Deep Dish",
        "State": "DC",
        "Rating": 2,
        "Date": "",
        "Notes": "i mean it was okay...",
        "Image": ""
      },
      "geometry": {
        "type": "Point",
        "coordinates": [
          -77.0247466999999,
          38.8971254999999
        ]
      }
    },
    {
      "type": "Feature",
      "properties": {
        "Pizzeria": "Picco",
        "Style": "NY-Neapolitan",
        "State": "MA",
        "Rating": 5,
        "Date": "",
        "Notes": "Tasty. Need to visit again.",
        "Image": ""
      },
      "geometry": {
        "type": "Point",
        "coordinates": [
          -71.0704938999999,
          42.3448736
        ]
      }
    },
    {
      "type": "Feature",
      "properties": {
        "Pizzeria": "pie-tanza",
        "Style": "",
        "State": "VA",
        "Rating": 3,
        "Date": "",
        "Notes": "forgettable",
        "Image": ""
      },
      "geometry": {
        "type": "Point",
        "coordinates": [
          -77.138714,
          38.897732
        ]
      }
    },
    {
      "type": "Feature",
      "properties": {
        "Pizzeria": "Pini's",
        "Style": "",
        "State": "MA",
        "Rating": 2,
        "Date": "",
        "Notes": "not bad. Also cheap. $2.50 for slice equal to a quarter of a pizza.",
        "Image": ""
      },
      "geometry": {
        "type": "Point",
        "coordinates": [
          -71.105099,
          42.397797
        ]
      }
    },
    {
      "type": "Feature",
      "properties": {
        "Pizzeria": "Pisa Pizza",
        "Style": "",
        "State": "MA",
        "Rating": 2,
        "Date": "",
        "Notes": "forgettable boston pizza",
        "Image": ""
      },
      "geometry": {
        "type": "Point",
        "coordinates": [
          -71.0768906999999,
          42.4234817
        ]
      }
    },
    {
      "type": "Feature",
      "properties": {
        "Pizzeria": "Pizza Mart",
        "Style": "Jumbo Slice",
        "State": "DC",
        "Rating": 3,
        "Date": "",
        "Notes": "maybe the best jumbo slice? not as crazy an amount of cheese as elsewhere",
        "Image": ""
      },
      "geometry": {
        "type": "Point",
        "coordinates": [
          -77.042005,
          38.921705
        ]
      }
    },
    {
      "type": "Feature",
      "properties": {
        "Pizzeria": "Pizzeria Orso",
        "Style": "Neapolitan",
        "State": "DC",
        "Rating": 4,
        "Date": "",
        "Notes": "",
        "Image": ""
      },
      "geometry": {
        "type": "Point",
        "coordinates": [
          -77.1765795999999,
          38.8807587
        ]
      }
    },
    {
      "type": "Feature",
      "properties": {
        "Pizzeria": "Positive Pie Inc.",
        "Style": "New York",
        "State": "VT",
        "Rating": 4,
        "Date": "",
        "Notes": "",
        "Image": ""
      },
      "geometry": {
        "type": "Point",
        "coordinates": [
          -72.5763506,
          44.2601273
        ]
      }
    },
    {
      "type": "Feature",
      "properties": {
        "Pizzeria": "Posto",
        "Style": "Neapolitan",
        "State": "MA",
        "Rating": 4,
        "Date": "",
        "Notes": "Neapolitan. Pretty good. Crust nice and fluffy. Margherita crust had Asiago cheese on it though which was weird. Something added a weird bitter/salty flavor after a few slices. Update: large improvement. Quite tasty. Great combination of sauce and cheese. Moves up half tier and really almost a tier 3. Crust was just a tad too tough.",
        "Image": ""
      },
      "geometry": {
        "type": "Point",
        "coordinates": [
          -71.1203093,
          42.3931361
        ]
      }
    },
    {
      "type": "Feature",
      "properties": {
        "Pizzeria": "Primo Pizza and Roast Beef",
        "Style": "",
        "State": "MA",
        "Rating": 1,
        "Date": "",
        "Notes": "just really bad",
        "Image": ""
      },
      "geometry": {
        "type": "Point",
        "coordinates": [
          -71.096853,
          42.363442
        ]
      }
    },
    {
      "type": "Feature",
      "properties": {
        "Pizzeria": "Pupatella - Dupont",
        "Style": "Neapolitan",
        "State": "DC",
        "Rating": 5,
        "Date": "",
        "Notes": "excellent and consistent.",
        "Image": "Pizza_Images/Pupatella.Image.023831.jpg"
      },
      "geometry": {
        "type": "Point",
        "coordinates": [
          -77.0414645,
          38.9143431
        ]
      }
    },
    {
      "type": "Feature",
      "properties": {
        "Pizzeria": "Pushcart Pizzeria",
        "Style": "New York",
        "State": "MA",
        "Rating": 3,
        "Date": "",
        "Notes": "passable, But sauce was over herbed and crust was borderline Greek. 3 is bordering on generous",
        "Image": ""
      },
      "geometry": {
        "type": "Point",
        "coordinates": [
          -71.0554554,
          42.3644767
        ]
      }
    },
    {
      "type": "Feature",
      "properties": {
        "Pizzeria": "Quattro",
        "Style": "Neapolitan",
        "State": "MA",
        "Rating": 3,
        "Date": "",
        "Notes": "going for the authentic Neapolitan thing, but lacking in character.",
        "Image": ""
      },
      "geometry": {
        "type": "Point",
        "coordinates": [
          -71.0548319,
          42.3636992
        ]
      }
    },
    {
      "type": "Feature",
      "properties": {
        "Pizzeria": "Ramunto's",
        "Style": "New York",
        "State": "NH",
        "Rating": 3,
        "Date": "",
        "Notes": "",
        "Image": ""
      },
      "geometry": {
        "type": "Point",
        "coordinates": [
          -72.2878124,
          43.6997424
        ]
      }
    },
    {
      "type": "Feature",
      "properties": {
        "Pizzeria": "Red Light",
        "Style": "Detroit",
        "State": "DC",
        "Rating": 4,
        "Date": "",
        "Notes": "detroit style. good crust and cheese, though sauce leaves a lot to be desired (overly sweet and seasoned)",
        "Image": ""
      },
      "geometry": {
        "type": "Point",
        "coordinates": [
          -77.0321807,
          38.9127738
        ]
      }
    },
    {
      "type": "Feature",
      "properties": {
        "Pizzeria": "Regina Pizzeria - North End",
        "Style": "New York",
        "State": "MA",
        "Rating": 5,
        "Date": "",
        "Notes": "Neapolitan style. Very good. Pollo pesto in particular. Crust held up for multiple days. Need to go back to try classic margherita again.",
        "Image": "Pizza_Images/Regina Pizzeria.Image.025839.jpg"
      },
      "geometry": {
        "type": "Point",
        "coordinates": [
          -71.0568786999999,
          42.3654261
        ]
      }
    },
    {
      "type": "Feature",
      "properties": {
        "Pizzeria": "Rina's Pizzeria and Cafe",
        "Style": "",
        "State": "MA",
        "Rating": 4,
        "Date": "",
        "Notes": "Can't really remember that well. Was good but definitely overpriced.",
        "Image": ""
      },
      "geometry": {
        "type": "Point",
        "coordinates": [
          -71.0530939999999,
          42.3648748
        ]
      }
    },
    {
      "type": "Feature",
      "properties": {
        "Pizzeria": "Rizzo's Pizza",
        "Style": "",
        "State": "NY",
        "Rating": 3,
        "Date": "",
        "Notes": "",
        "Image": ""
      },
      "geometry": {
        "type": "Point",
        "coordinates": [
          -73.9150777999999,
          40.7633693999999
        ]
      }
    },
    {
      "type": "Feature",
      "properties": {
        "Pizzeria": "Sabatino's",
        "Style": "Greek",
        "State": "MA",
        "Rating": 1,
        "Date": "",
        "Notes": "Greek style. Delivery. Crust was forgettable, too much cornmeal.",
        "Image": ""
      },
      "geometry": {
        "type": "Point",
        "coordinates": [
          -71.1440387999999,
          42.4068771
        ]
      }
    },
    {
      "type": "Feature",
      "properties": {
        "Pizzeria": "Sacco Pizza",
        "Style": "New York",
        "State": "NY",
        "Rating": 4,
        "Date": "",
        "Notes": "",
        "Image": ""
      },
      "geometry": {
        "type": "Point",
        "coordinates": [
          -73.987249,
          40.766272
        ]
      }
    },
    {
      "type": "Feature",
      "properties": {
        "Pizzeria": "Sal's",
        "Style": "",
        "State": "MA",
        "Rating": 2,
        "Date": "",
        "Notes": "got a bbq chicken slice so hard to judge. My guess is you could do a lot worse in Boston, even though this is a chain.",
        "Image": ""
      },
      "geometry": {
        "type": "Point",
        "coordinates": [
          -71.0986510999999,
          42.3473104
        ]
      }
    },
    {
      "type": "Feature",
      "properties": {
        "Pizzeria": "Salerno Wood Fired Pizza & Taphouse",
        "Style": "",
        "State": "VA",
        "Rating": 3,
        "Date": "",
        "Notes": "",
        "Image": ""
      },
      "geometry": {
        "type": "Point",
        "coordinates": [
          -79.4447329999999,
          37.784206
        ]
      }
    },
    {
      "type": "Feature",
      "properties": {
        "Pizzeria": "Santarpio's",
        "Style": "New York",
        "State": "MA",
        "Rating": 4,
        "Date": "",
        "Notes": "NY style. Disappointing for all the hype. Crust was just poor. Toppings were quite enjoyable and well balanced, but can't make up for the crust. Just too tough. UPDATE: Ok, I was a bit of a curmudgeon back in the day. This is a solid 4. Fantastic sausage, lots of sauce and cheese, and everything melds together in a great way. Definitely garlic and parm in there, which is normally not my fave, but it works. The crust is overcooked, didn't eat most of it, but there's enough other good stuff going on to make up for it.",
        "Image": ""
      },
      "geometry": {
        "type": "Point",
        "coordinates": [
          -71.0352733,
          42.3726664
        ]
      }
    },
    {
      "type": "Feature",
      "properties": {
        "Pizzeria": "Side Door",
        "Style": "Detroit",
        "State": "DC",
        "Rating": 3,
        "Date": "",
        "Notes": "sauce good. cheese pretty good. but crust disappointing. more doughy then chewy.",
        "Image": ""
      },
      "geometry": {
        "type": "Point",
        "coordinates": [
          -77.0052523,
          38.8786675
        ]
      }
    },
    {
      "type": "Feature",
      "properties": {
        "Pizzeria": "slice and pie",
        "Style": "New York",
        "State": "DC",
        "Rating": 4,
        "Date": "",
        "Notes": "pretty good but too much cheese. solid crust.",
        "Image": ""
      },
      "geometry": {
        "type": "Point",
        "coordinates": [
          -77.0315249,
          38.9199606
        ]
      }
    },
    {
      "type": "Feature",
      "properties": {
        "Pizzeria": "Slice Joint",
        "Style": "New York",
        "State": "DC",
        "Rating": 4,
        "Date": "",
        "Notes": "pretty good. nice and thin crust. but wayyy overdid it on the oregano/italian herbs. crust was also a bit deflatable. it's a generous 4. lowering to 3 tbh. \n\nOk, back up to 4. The squares are solid.",
        "Image": "Pizza_Images/Slice Joint.Image.223104.jpg"
      },
      "geometry": {
        "type": "Point",
        "coordinates": [
          -76.9852327,
          38.8798035999999
        ]
      }
    },
    {
      "type": "Feature",
      "properties": {
        "Pizzeria": "Stellina Pizzeria",
        "Style": "Neapolitan",
        "State": "DC",
        "Rating": 4,
        "Date": "",
        "Notes": "good but sort of generic",
        "Image": ""
      },
      "geometry": {
        "type": "Point",
        "coordinates": [
          -77.0003097,
          38.9077598999999
        ]
      }
    },
    {
      "type": "Feature",
      "properties": {
        "Pizzeria": "Stoked",
        "Style": "Neapolitan",
        "State": "MA",
        "Rating": 5,
        "Date": "",
        "Notes": "food truck, very nice. Definitely know what they are doing. Crust was quality. Unfortunately wasn't a big fan of the pepperoni\nupdate: after many more visits, definitely one of the best (the best?) pies in boston. crust is perfect combination of light and chewy.",
        "Image": ""
      },
      "geometry": {
        "type": "Point",
        "coordinates": [
          -71.1357386999999,
          42.3397569
        ]
      }
    },
    {
      "type": "Feature",
      "properties": {
        "Pizzeria": "Stone Hearth Pizza",
        "Style": "",
        "State": "MA",
        "Rating": 1,
        "Date": "",
        "Notes": "just bad. The crust was one of the worst crusts I've tasted. So tough I could barely bite through it. Toppings were fine.",
        "Image": ""
      },
      "geometry": {
        "type": "Point",
        "coordinates": [
          -71.1195650999999,
          42.3858577
        ]
      }
    },
    {
      "type": "Feature",
      "properties": {
        "Pizzeria": "That's a Moro",
        "Style": "",
        "State": "Italy",
        "Rating": 3,
        "Date": "",
        "Notes": "",
        "Image": ""
      },
      "geometry": {
        "type": "Point",
        "coordinates": [
          14.7443409,
          36.9269270999999
        ]
      }
    },
    {
      "type": "Feature",
      "properties": {
        "Pizzeria": "The Blue Stone - Montpelier",
        "Style": "New York",
        "State": "VT",
        "Rating": 3,
        "Date": "",
        "Notes": "",
        "Image": ""
      },
      "geometry": {
        "type": "Point",
        "coordinates": [
          -72.5750097999999,
          44.2599633
        ]
      }
    },
    {
      "type": "Feature",
      "properties": {
        "Pizzeria": "The Just Crust",
        "Style": "New York",
        "State": "MA",
        "Rating": 4,
        "Date": "",
        "Notes": "quite tasty. A bit too herbed up though (maybe too much garlic powder?). But still tasty. Crust was overall enjoyable, not overworked and tough as is usual in Boston. Enjoyable by itself. Only complaint was that the crust couldn't hold up the pizza, too wet with sauce, cheese.",
        "Image": ""
      },
      "geometry": {
        "type": "Point",
        "coordinates": [
          -71.1215065,
          42.3742761
        ]
      }
    },
    {
      "type": "Feature",
      "properties": {
        "Pizzeria": "The Upper Crust - Beacon Hill",
        "Style": "New York",
        "State": "MA",
        "Rating": 3,
        "Date": "",
        "Notes": "not sure why crust is in the title because idk if this counts as a crust or just a cracker. Literally no oven spring. Or flavor or texture. Sauce and cheese are reasonably tasty.",
        "Image": ""
      },
      "geometry": {
        "type": "Point",
        "coordinates": [
          -71.0699581999999,
          42.3566637
        ]
      }
    },
    {
      "type": "Feature",
      "properties": {
        "Pizzeria": "The Upper Crust - Porter Square",
        "Style": "New York",
        "State": "MA",
        "Rating": 3,
        "Date": "",
        "Notes": "\"the upper crust\"...more like a cracker than a crust. Literally no oven spring. Or flavor or texture. Sauce and cheese are reasonably tasty.",
        "Image": ""
      },
      "geometry": {
        "type": "Point",
        "coordinates": [
          -71.1195650999999,
          42.3858577
        ]
      }
    },
    {
      "type": "Feature",
      "properties": {
        "Pizzeria": "The Village Kitchen",
        "Style": "New York",
        "State": "MA",
        "Rating": 3,
        "Date": "",
        "Notes": "definitely an enjoyable slice. Thin crispy crust, but lacking in flavor and oven spring. Light on sauce and cheese but not in a bad way.",
        "Image": ""
      },
      "geometry": {
        "type": "Point",
        "coordinates": [
          -71.1384699999999,
          42.3813779
        ]
      }
    },
    {
      "type": "Feature",
      "properties": {
        "Pizzeria": "Timber",
        "Style": "Hybrid",
        "State": "DC",
        "Rating": 4,
        "Date": "",
        "Notes": "pretty good, but dough left something to be desired. good sauce, cheese, peps.",
        "Image": "Pizza_Images/Timber.Image.023523.jpg"
      },
      "geometry": {
        "type": "Point",
        "coordinates": [
          -77.023814,
          38.942116
        ]
      }
    },
    {
      "type": "Feature",
      "properties": {
        "Pizzeria": "Vace",
        "Style": "New York",
        "State": "DC",
        "Rating": 5,
        "Date": "",
        "Notes": "Liked it. Sauce on top, lots of mozz. Crust is very sturdy and unique. DC needs more places like this. the white onion pizza is amazing. update: just keeps growing on me. maybe my favorite in the city at this point? that mozz is fantastic",
        "Image": ""
      },
      "geometry": {
        "type": "Point",
        "coordinates": [
          -77.0571519999999,
          38.934014
        ]
      }
    },
    {
      "type": "Feature",
      "properties": {
        "Pizzeria": "Vapiano's",
        "Style": "Jumbo Slice",
        "State": "DC",
        "Rating": 1,
        "Date": "",
        "Notes": "just so bad",
        "Image": ""
      },
      "geometry": {
        "type": "Point",
        "coordinates": [
          -77.0460150999999,
          38.9136013
        ]
      }
    },
    {
      "type": "Feature",
      "properties": {
        "Pizzeria": "Village Pizza Restaurants",
        "Style": "Greek",
        "State": "NH",
        "Rating": 3,
        "Date": "",
        "Notes": "",
        "Image": ""
      },
      "geometry": {
        "type": "Point",
        "coordinates": [
          -72.2538048,
          43.6430772999999
        ]
      }
    },
    {
      "type": "Feature",
      "properties": {
        "Pizzeria": "We The Pizza",
        "Style": "New York",
        "State": "DC",
        "Rating": 3,
        "Date": "",
        "Notes": "sadly not that good. sauce is bland.",
        "Image": ""
      },
      "geometry": {
        "type": "Point",
        "coordinates": [
          -77.0017192,
          38.8866041
        ]
      }
    },
    {
      "type": "Feature",
      "properties": {
        "Pizzeria": "Whole Foods - Navy Yard",
        "Style": "New York",
        "State": "DC",
        "Rating": 3,
        "Date": "",
        "Notes": "lol better than must slice shops around DC. overpriced.",
        "Image": ""
      },
      "geometry": {
        "type": "Point",
        "coordinates": [
          -77.005121,
          38.8802819
        ]
      }
    },
    {
      "type": "Feature",
      "properties": {
        "Pizzeria": "Williamsburg Pizza - UES",
        "Style": "New York",
        "State": "NY",
        "Rating": 4,
        "Date": "",
        "Notes": "Solid slice. Good balance of cheese and sauce. Crust good, but perhaps a bit soft? I mean crunchy bottom, but the rest",
        "Image": ""
      },
      "geometry": {
        "type": "Point",
        "coordinates": [
          -73.9530588,
          40.7765202
        ]
      }
    },
    {
      "type": "Feature",
      "properties": {
        "Pizzeria": "Williamsburg Pizza - Williamsburg",
        "Style": "New York",
        "State": "NY",
        "Rating": 4,
        "Date": "",
        "Notes": "good. Good balance of cheese and sauce. Crust good, but perhaps a bit soft? I mean crunchy bottom, but the rest",
        "Image": ""
      },
      "geometry": {
        "type": "Point",
        "coordinates": [
          -73.9507823,
          40.7081041
        ]
      }
    },
    {
      "type": "Feature",
      "properties": {
        "Pizzeria": "Wiseguys - Chinatown",
        "Style": "New York",
        "State": "DC",
        "Rating": 4,
        "Date": "",
        "Notes": "overpriced but good. meat pizza is better than cheese (never a good sign). 4 is on the generous side",
        "Image": ""
      },
      "geometry": {
        "type": "Point",
        "coordinates": [
          -77.0159817,
          38.8996251
        ]
      }
    },
    {
      "type": "Feature",
      "properties": {
        "Pizzeria": "Wiseguys - Navy Yard",
        "Style": "New York",
        "State": "DC",
        "Rating": 4,
        "Date": "",
        "Notes": "overpriced but good. meat pizza is better than cheese. 4 is on the generous side",
        "Image": ""
      },
      "geometry": {
        "type": "Point",
        "coordinates": [
          -77.0031085,
          38.8770394
        ]
      }
    },
    {
      "type": "Feature",
      "properties": {
        "Pizzeria": "Za",
        "Style": "Pan",
        "State": "MA",
        "Rating": 2,
        "Date": "",
        "Notes": "Pan pizza. Satisfying enough for what it is but forgettable.",
        "Image": ""
      },
      "geometry": {
        "type": "Point",
        "coordinates": [
          -71.0834699,
          42.3635077999999
        ]
      }
    },
    {
      "type": "Feature",
      "properties": {
        "Pizzeria": "Ziggy's Pizza Enfield",
        "Style": "New York",
        "State": "NH",
        "Rating": 2,
        "Date": "",
        "Notes": "",
        "Image": ""
      },
      "geometry": {
        "type": "Point",
        "coordinates": [
          -72.1246314,
          43.6432047
        ]
      }
    }
  ]
}
